fips,state,county20,county24,pop2020,pop_lila,pop_lowinc,pop_urban,pov_x_pop,pop_pov_ok,la_pop,snap_hh,ohu,hunv,n_tracts,n_lila_tracts,pop_lila_drive,lila_pop_share,low_access_pop_share,lowinc_pop_share,urban_pop_share,poverty_rate,snap_hh_share,no_vehicle_hh_share,lila_pop_share_drive,st
01001,Alabama,Autauga County,Autauga County,58805,0.0,13284,29652,661916.4,58805,2597,2116.0,22412,947.0,17,0.0,3409.0,0.0,0.044162911317064873,0.22589915823484397,0.5042428364934954,11.256124479210952,0.09441370694270926,0.04225414956273425,0.057971260947198365,AL
01003,Alabama,Baldwin County,Baldwin County,231767,16745.0,36985,109032,2320535.5,231767,31066,6568.0,93116,2644.0,43,4.0,20975.0,0.07224928484210436,0.13403978996146992,0.15957836965573183,0.4704379829742802,10.012363710105408,0.07053567593109669,0.028394690493577904,0.09050037321965594,AL
01005,Alabama,Barbour County,Barbour County,25223,0.0,20727,6813,556908.7,25223,889,1943.0,9677,958.0,9,0.0,6813.0,0.0,0.03524560916623717,0.8217499900884113,0.2701106133291044,22.0793997541926,0.20078536736591918,0.09899762323033998,0.2701106133291044,AL
01007,Alabama,Bibb County,Bibb County,22293,0.0,19659,0,501801.4,22293,19,1592.0,7927,418.0,8,0.0,0.0,0.0,0.0008522854707755798,0.8818463194724802,0.0,22.509370654465528,0.2008325974517472,0.0527311719439889,0.0,AL
01009,Alabama,Blount County,Blount County,59134,0.0,19226,0,782192.2,59134,0,2731.0,22367,897.0,16,0.0,0.0,0.0,0.0,0.32512598505090134,0.0,13.22745290357493,0.12209952161666741,0.04010372423659856,0.0,AL
01011,Alabama,Bullock County,Bullock County,10357,0.0,10357,0,355219.4,10357,243,1255.0,3928,367.0,4,0.0,2321.0,0.0,0.023462392584725305,1.0,0.0,34.29751858646326,0.3195010183299389,0.09343177189409368,0.22409964275369315,AL
01013,Alabama,Butler County,Butler County,19051,2526.0,16321,3937,424642.19999999995,19051,781,1312.0,8170,451.0,9,1.0,2526.0,0.13259146501495986,0.040995223347855755,0.8567004356726681,0.2066558185921999,22.28975906776547,0.1605875152998776,0.05520195838433292,0.13259146501495986,AL
01015,Alabama,Calhoun County,Calhoun County,116441,7464.0,53664,71513,2219601.6,116431,9035,8057.0,46437,2875.0,38,2.0,31639.0,0.06410113276251492,0.07759294406609356,0.4608685943954449,0.6141565256224182,19.06366517508224,0.1735038869866701,0.06191183754333829,0.2717170068961964,AL
01017,Alabama,Chambers County,Chambers County,34772,4489.0,23596,13240,547736.5,34772,2247,2184.0,14238,983.0,9,1.0,13240.0,0.12909812492810308,0.06462095939261475,0.678591970551018,0.38076613367076956,15.75222880478546,0.15339233038348082,0.06904059558926816,0.38076613367076956,AL
01019,Alabama,Cherokee County,Cherokee County,24971,0.0,11927,0,370137.0,24971,0,1121.0,10411,283.0,8,0.0,0.0,0.0,0.0,0.4776340555043851,0.0,14.82267430219054,0.10767457496878302,0.02718278743636538,0.0,AL
01021,Alabama,Chilton County,Chilton County,45014,0.0,12795,11794,631806.7000000001,45014,2897,2613.0,17302,471.0,12,0.0,3348.0,0.0,0.06435775536499756,0.2842449015861732,0.26200737548318304,14.035782201092994,0.15102300312102648,0.027222286440873888,0.07437686053227885,AL
01023,Alabama,Choctaw County,Choctaw County,12665,0.0,6411,0,214703.0,12665,51,823.0,5675,460.0,4,0.0,3628.0,0.0,0.004026845637583893,0.5061981839715752,0.0,16.95246742992499,0.14502202643171805,0.08105726872246696,0.28645874457165416,AL
01025,Alabama,Clarke County,Clarke County,23087,0.0,15757,0,460365.0,23087,239,1983.0,9662,979.0,9,0.0,0.0,0.0,0.010352146229479794,0.6825053060163728,0.0,19.940442673365965,0.20523701097081348,0.10132477747878287,0.0,AL
01027,Alabama,Clay County,Clay County,14236,0.0,6145,0,251779.4,14236,0,828.0,5926,339.0,4,0.0,0.0,0.0,0.0,0.43165214948019104,0.0,17.686105647653836,0.13972325345933176,0.057205534930813366,0.0,AL
01029,Alabama,Cleburne County,Cleburne County,15056,0.0,3523,0,205311.90000000002,15056,0,867.0,6054,337.0,4,0.0,0.0,0.0,0.0,0.2339930924548353,0.0,13.636550212539852,0.14321110009910804,0.055665675586389164,0.0,AL
01031,Alabama,Coffee County,Coffee County,53465,0.0,25407,25167,878564.6,53465,4462,2417.0,21263,843.0,16,0.0,4877.0,0.0,0.08345646684747031,0.4752080800523707,0.47071916206864306,16.43251847002712,0.11367163617551615,0.03964633400743075,0.09121855419433274,AL
01033,Alabama,Colbert County,Colbert County,57227,0.0,20375,30701,993034.5,57227,1017,3515.0,24425,1111.0,15,0.0,5150.0,0.0,0.01777133171405106,0.35603823370087545,0.5364775368270223,17.352552117007708,0.14390992835209826,0.04548618219037871,0.08999248606427036,AL
01035,Alabama,Conecuh County,Conecuh County,11597,0.0,10125,0,324093.69999999995,11597,672,882.0,5066,254.0,5,0.0,4019.0,0.0,0.057946020522548936,0.8730706217125118,0.0,27.946339570578594,0.1741018555073036,0.05013817607579945,0.3465551435716133,AL
01037,Alabama,Coosa County,Coosa County,10387,0.0,3697,0,142745.1,10387,61,716.0,4451,266.0,3,0.0,0.0,0.0,0.005872725522287475,0.35592567632617694,0.0,13.742668720516031,0.16086272747697147,0.05976185126937767,0.0,AL
01039,Alabama,Covington County,Covington County,37570,0.0,18878,2923,723119.1,37570,607,2082.0,15515,915.0,14,0.0,1373.0,0.0,0.01615650785200958,0.5024753792919883,0.07780143731700825,19.247247804099015,0.13419271672574928,0.05897518530454399,0.03654511578387011,AL
01041,Alabama,Crenshaw County,Crenshaw County,13194,0.0,9671,0,236939.7,13194,164,1087.0,5680,383.0,6,0.0,0.0,0.0,0.012429892375322117,0.7329846900106108,0.0,17.958140063665304,0.1913732394366197,0.06742957746478873,0.0,AL
01043,Alabama,Cullman County,Cullman County,87866,0.0,26048,15412,1348435.8,87866,831,3531.0,34723,1123.0,22,0.0,7403.0,0.0,0.009457583137960076,0.29645141465413244,0.1754034552614208,15.346502629003256,0.10169052213230424,0.03234167554646776,0.08425329478979354,AL
01045,Alabama,Dale County,Dale County,49326,4328.0,22565,9620,933102.2,49326,1689,3637.0,20159,1134.0,14,1.0,4328.0,0.08774277257430159,0.03424157645055346,0.4574666504480396,0.1950289907959291,18.91704577707497,0.18041569522297732,0.05625279031698001,0.08774277257430159,AL
01047,Alabama,Dallas County,Dallas County,38462,1080.0,36563,21886,1179253.5,38462,1793,5765.0,16037,2256.0,17,1.0,3789.0,0.02807966304404347,0.04661744059071291,0.9506265924808902,0.5690291716499402,30.66022307732307,0.35948119972563447,0.140674689779884,0.09851281784618585,AL
01049,Alabama,DeKalb County,DeKalb County,71608,0.0,55490,0,1598493.7,71608,0,4627.0,27145,1091.0,21,0.0,0.0,0.0,0.0,0.7749134174952519,0.0,22.32283683387331,0.170454964081783,0.040191563823908635,0.0,AL
01051,Alabama,Elmore County,Elmore County,87977,3610.0,8723,18306,880814.7999999999,87977,1857,3465.0,32567,1113.0,20,1.0,3610.0,0.041033451924934926,0.02110778953590143,0.09915091444354775,0.20807711106311877,10.011875831183149,0.10639604507630424,0.034175699327540145,0.041033451924934926,AL
01053,Alabama,Escambia County,Escambia County,36757,3686.0,22782,5264,742052.4,36757,886,1942.0,14499,734.0,10,1.0,3686.0,0.10028021873384661,0.024104252251271868,0.6198003101450064,0.14321081698724053,20.188056696683624,0.1339402717428788,0.050624180977998486,0.10028021873384661,AL
01055,Alabama,Etowah County,Etowah County,103436,3271.0,39438,49365,1752563.7,103436,8195,6173.0,41974,1731.0,33,1.0,8857.0,0.03162341931242507,0.07922773502455625,0.3812792451370896,0.47725163386055147,16.943459723887234,0.14706723209605946,0.04123981512364797,0.08562782783556983,AL
01057,Alabama,Fayette County,Fayette County,16321,0.0,11321,0,354092.0,16321,0,1124.0,6653,474.0,5,0.0,0.0,0.0,0.0,0.6936462226579254,0.0,21.69548434532198,0.16894633999699385,0.07124605441154366,0.0,AL
01059,Alabama,Franklin County,Franklin County,32113,6028.0,22201,10271,625015.6,32113,2778,2386.0,12142,926.0,11,1.0,6028.0,0.18771214150032697,0.08650702207828605,0.6913399557811478,0.31983931741039456,19.463008750350326,0.19650798879920936,0.07626420688519189,0.18771214150032697,AL
01061,Alabama,Geneva County,Geneva County,26659,0.0,16653,0,503019.9,26659,0,1945.0,10874,637.0,6,0.0,0.0,0.0,0.0,0.6246670917888894,0.0,18.868670992910463,0.17886702225492,0.058580099319477656,0.0,AL
01063,Alabama,Greene County,Greene County,7730,0.0,7730,0,306915.10000000003,7730,57,1029.0,3388,430.0,4,0.0,1366.0,0.0,0.007373868046571798,1.0,0.0,39.70441138421734,0.3037190082644628,0.1269185360094451,0.17671410090556275,AL
01065,Alabama,Hale County,Hale County,14785,0.0,8138,0,379912.7,14785,290,1568.0,6138,631.0,7,0.0,0.0,0.0,0.019614474129184985,0.5504227257355427,0.0,25.695820087926954,0.25545780384490063,0.10280221570544151,0.0,AL
01067,Alabama,Henry County,Henry County,17146,0.0,7201,0,306972.2,17146,49,997.0,7169,530.0,6,0.0,0.0,0.0,0.002857809401609705,0.41998133675492827,0.0,17.90342937128193,0.13907100013948948,0.07392941832891617,0.0,AL
01069,Alabama,Houston County,Houston County,107202,4184.0,39533,58829,1895156.9,107202,3340,6964.0,44368,2936.0,26,1.0,4184.0,0.03902912259099644,0.031156135146732336,0.36877110501669746,0.5487677468703942,17.678372604988713,0.15695997115037866,0.06617381896862604,0.03902912259099644,AL
01071,Alabama,Jackson County,Jackson County,52579,3360.0,37781,7495,920741.8,52579,1267,2690.0,21733,1076.0,16,1.0,5347.0,0.06390383993609616,0.02409707297590293,0.7185568382814431,0.1425474048574526,17.511588276688414,0.1237749045230755,0.0495099618092302,0.1016945928983054,AL
01073,Alabama,Jefferson County,Jefferson County,674721,47606.0,293615,553312,10504570.2,674721,75625,38255.0,274699,18843.0,189,12.0,117742.0,0.0705565707900006,0.11208336482783254,0.4351650534072602,0.8200604397965974,15.56876131023045,0.13926151897167446,0.06859508043349266,0.17450472121069302,AL
01075,Alabama,Lamar County,Lamar County,13972,0.0,9963,0,257252.0,13972,0,1044.0,5958,311.0,4,0.0,0.0,0.0,0.0,0.7130689951331234,0.0,18.411966790724307,0.17522658610271905,0.05219872440416247,0.0,AL
01077,Alabama,Lauderdale County,Lauderdale County,93564,0.0,25693,43185,1199210.9,93564,1164,3925.0,39544,1991.0,26,0.0,3429.0,0.0,0.012440682313710401,0.274603479970929,0.461555726561498,12.817011884913,0.09925652437790815,0.050348978353226784,0.03664871104270873,AL
01079,Alabama,Lawrence County,Lawrence County,33073,0.0,4125,0,439099.9,33073,0,2059.0,13517,594.0,11,0.0,0.0,0.0,0.0,0.12472409518338222,0.0,13.276687932754816,0.15232669971147444,0.0439446622771325,0.0,AL
01081,Alabama,Lee County,Lee County,174241,8254.0,75473,122123,3765401.1,174241,19873,6949.0,68728,3305.0,48,1.0,28224.0,0.0473711698165185,0.11405467140340103,0.43315293185874737,0.7008855550645371,21.610304692925318,0.10110871842626004,0.04808811546967757,0.1619825414225125,AL
01083,Alabama,Limestone County,Limestone County,103570,0.0,34329,31903,1034951.1,103570,9248,3620.0,39365,1417.0,23,0.0,3057.0,0.0,0.08929226610022208,0.33145698561359466,0.30803321425123104,9.992769141643333,0.09195986282230408,0.03599644354121682,0.029516269189919862,AL
01085,Alabama,Lowndes County,Lowndes County,10311,0.0,6952,0,299995.1,10311,131,1237.0,4272,378.0,4,0.0,0.0,0.0,0.01270487828532635,0.6742314033556396,0.0,29.094665890796236,0.289559925093633,0.08848314606741572,0.0,AL
01087,Alabama,Macon County,Macon County,19532,7003.0,18420,9675,528994.3,19532,5398,1745.0,7965,690.0,12,4.0,8092.0,0.3585398320704485,0.2763669875076797,0.94306778619701,0.49534097890641,27.083468154822857,0.21908349026993096,0.08662900188323917,0.4142944910915421,AL
01089,Alabama,Madison County,Madison County,388153,8363.0,112864,296813,4051138.0,388153,47494,12536.0,157770,6528.0,95,2.0,30698.0,0.021545627626219557,0.12235896669612241,0.2907719378698606,0.7646804224107504,10.4369617135511,0.07945743804272042,0.04137668758319072,0.07908737018649863,AL
01091,Alabama,Marengo County,Marengo County,19323,3344.0,13243,4963,423988.7,19323,2144,1863.0,8226,806.0,8,1.0,3344.0,0.17305801376597837,0.11095585571598612,0.6853490658800393,0.2568441753350929,21.94217771567562,0.22647702407002188,0.09798200826647216,0.17305801376597837,AL
01093,Alabama,Marion County,Marion County,29341,0.0,16076,0,478498.80000000005,29341,0,1841.0,12228,442.0,11,0.0,0.0,0.0,0.0,0.5479022528202856,0.0,16.30819672131148,0.1505561007523716,0.0361465489041544,0.0,AL
01095,Alabama,Marshall County,Marshall County,97612,9421.0,24911,29348,1614691.7,97612,7638,4512.0,37257,1588.0,26,2.0,9421.0,0.09651477277383928,0.07824857599475474,0.255204278162521,0.3006597549481621,16.54193849116912,0.12110475883726549,0.04262286281772553,0.09651477277383928,AL
01097,Alabama,Mobile County,Mobile County,414809,19615.0,179320,298316,6752252.3,412787,22826,27937.0,163750,9646.0,135,6.0,43230.0,0.04728682357422332,0.055027735656651616,0.43229534556868343,0.7191647240055061,16.35771548038092,0.17060763358778627,0.05890687022900763,0.1042166394653925,AL
01099,Alabama,Monroe County,Monroe County,19772,0.0,15559,2669,395618.60000000003,19772,682,1030.0,8337,313.0,9,0.0,4097.0,0.0,0.03449322273922719,0.7869208982399353,0.13498887315395508,20.009032975925553,0.12354563991843588,0.0375434808684179,0.20721221930002023,AL
01101,Alabama,Montgomery County,Montgomery County,228954,0.0,103764,197190,4554903.5,228954,16767,18479.0,93223,5990.0,71,0.0,16602.0,0.0,0.0732330511805865,0.4532089415341073,0.8612647081946592,19.894404552879617,0.19822361434409963,0.06425452946161354,0.07251238239995807,AL
01103,Alabama,Morgan County,Morgan County,123421,0.0,37161,78521,1665759.7,123421,9856,6004.0,49241,2333.0,31,0.0,8255.0,0.0,0.07985675047196182,0.30109138639291533,0.636204535694898,13.496566224548497,0.1219309112325095,0.047379216506569725,0.06688488992959059,AL
01105,Alabama,Perry County,Perry County,8511,0.0,8511,0,251705.9,8511,412,1151.0,3360,274.0,4,0.0,1859.0,0.0,0.048407942662436844,1.0,0.0,29.57418634708025,0.3425595238095238,0.08154761904761905,0.21842321701327694,AL
01107,Alabama,Pickens County,Pickens County,19123,0.0,11912,0,385894.10000000003,19123,243,1253.0,7437,481.0,6,0.0,0.0,0.0,0.012707211211629975,0.6229148146211368,0.0,20.17957956387596,0.16848191475057148,0.06467661691542288,0.0,AL
01109,Alabama,Pike County,Pike County,33009,0.0,22740,8194,799309.3,33009,248,2135.0,13901,717.0,11,0.0,0.0,0.0,0.00751310248720046,0.6889030264473326,0.2482353297585507,24.21488987851798,0.1535860729443925,0.05157902309186389,0.0,AL
01111,Alabama,Randolph County,Randolph County,21967,0.0,13410,0,437523.1,21967,0,1741.0,8931,410.0,6,0.0,0.0,0.0,0.0,0.6104611462648518,0.0,19.917289570719714,0.19493897659836523,0.045907513156421456,0.0,AL
01113,Alabama,Russell County,Russell County,59183,3566.0,43067,35402,1304872.9,59183,1491,4814.0,23997,1922.0,18,1.0,24009.0,0.06025378909484142,0.025193045300170656,0.7276920737373908,0.5981785309970769,22.048103340486286,0.2006084093845064,0.08009334500145851,0.40567392663433754,AL
01115,Alabama,St. Clair County,St. Clair County,91103,0.0,21681,10518,1014389.5,91103,2250,3851.0,34376,1060.0,24,0.0,0.0,0.0,0.024697320615127933,0.23798338144737274,0.11545174143551803,11.134534537830806,0.11202583197579707,0.030835466604607866,0.0,AL
01117,Alabama,Shelby County,Shelby County,223024,0.0,9274,129316,1643881.4,223006,38995,4014.0,84241,2179.0,55,0.0,2126.0,0.0,0.17484665327498386,0.041582968649114,0.5798299734557716,7.371467135413397,0.047649007015586234,0.025866264645481415,0.00953260635626659,AL
01119,Alabama,Sumter County,Sumter County,12345,0.0,9867,0,338824.5,12345,387,1471.0,5020,458.0,5,0.0,4054.0,0.0,0.03134872417982989,0.7992709599027946,0.0,27.44629404617254,0.29302788844621513,0.09123505976095618,0.32839206156338596,AL
01121,Alabama,Talladega County,Talladega County,82149,5784.0,42359,24708,1469601.1,82149,7378,5717.0,33090,2315.0,24,2.0,11184.0,0.07040864770112844,0.08981241402816832,0.5156362219868775,0.30077055107183287,17.889458179649175,0.1727712299788456,0.06996071320640677,0.1361428623598583,AL
01123,Alabama,Tallapoosa County,Tallapoosa County,41311,3936.0,16826,3936,669976.4,41311,883,2264.0,17376,989.0,12,1.0,3936.0,0.09527728692115901,0.0213744523250466,0.4073007189368449,0.09527728692115901,16.217869332623273,0.13029465930018416,0.05691758747697974,0.09527728692115901,AL
01125,Alabama,Tuscaloosa County,Tuscaloosa County,227036,6896.0,87048,153655,4202251.3,227036,15324,9798.0,89962,5180.0,59,2.0,14502.0,0.03037403759756162,0.06749590373332863,0.383410560439754,0.6767869412780352,18.509184886978275,0.10891265200862586,0.05757986705497877,0.06387533254638031,AL
01127,Alabama,Walker County,Walker County,65342,3982.0,39597,7241,1212230.7,65342,929,3632.0,26423,1257.0,20,1.0,3982.0,0.060940895595482235,0.014217501759970616,0.6059961433687368,0.11081693244773652,18.55209053901013,0.13745600423873142,0.04757219089429664,0.060940895595482235,AL
01129,Alabama,Washington County,Washington County,15388,0.0,6158,0,257789.80000000002,15388,82,821.0,6321,304.0,5,0.0,0.0,0.0,0.005328827657915258,0.40018195996880684,0.0,16.75265141668833,0.1298845119443126,0.048093656067077994,0.0,AL
01131,Alabama,Wilcox County,Wilcox County,10600,0.0,9112,0,284555.0,10600,167,1427.0,4316,400.0,5,0.0,3438.0,0.0,0.015754716981132077,0.859622641509434,0.0,26.844811320754715,0.33063021316033364,0.09267840593141798,0.32433962264150945,AL
01133,Alabama,Winston County,Winston County,23540,0.0,10772,0,439641.6,23540,0,1377.0,9845,466.0,8,0.0,0.0,0.0,0.0,0.45760407816482584,0.0,18.676363636363636,0.1398679532757745,0.0473336719146775,0.0,AL
02013,Alaska,Aleutians East Borough,Aleutians East Borough,3420,0.0,3420,0,45144.0,3420,358,152.0,483,231.0,1,0.0,0.0,0.0,0.10467836257309941,1.0,0.0,13.2,0.3146997929606625,0.4782608695652174,0.0,AK
02016,Alaska,Aleutians West Census Area,Aleutians West Census Area,5232,978.0,978,0,65386.200000000004,5232,803,46.0,902,51.0,2,1.0,978.0,0.18692660550458715,0.15347859327217125,0.18692660550458715,0.0,12.497362385321102,0.050997782705099776,0.0565410199556541,0.18692660550458715,AK
02020,Alaska,Anchorage Municipality,Anchorage Municipality,291247,11317.0,77976,279942,2654898.2,291242,51028,9473.0,109343,6355.0,61,2.0,11317.0,0.0388570526048337,0.17520523816554334,0.26773151311429816,0.9611841495363043,9.11578069097177,0.08663563282514655,0.058119861353721776,0.0388570526048337,AK
02050,Alaska,Bethel Census Area,Bethel Census Area,18666,10885.0,12341,0,475284.10000000003,18666,1296,2047.0,4897,2784.0,3,1.0,12341.0,0.5831458266366656,0.06943105110896818,0.6611486124504447,0.0,25.46255759134255,0.4180110271594854,0.5685113334694711,0.6611486124504447,AK
02060,Alaska,Bristol Bay Borough,Bristol Bay Borough,844,0.0,0,0,7849.200000000001,844,0,15.0,357,22.0,1,0.0,0.0,0.0,0.0,0.0,0.0,9.3,0.04201680672268908,0.06162464985994398,0.0,AK
02063,Alaska,Chugach Census Area,Chugach Census Area,7102,0.0,0,0,41237.2,7102,362,281.0,2788,191.0,2,0.0,0.0,0.0,0.05097155730780062,0.0,0.0,5.806420726555899,0.10078909612625538,0.06850789096126256,0.0,AK
02066,Alaska,Copper River Census Area,Copper River Census Area,2617,0.0,0,0,22767.899999999998,2617,1174,155.0,1134,73.0,1,0.0,0.0,0.0,0.4486052732136034,0.0,0.0,8.7,0.13668430335097,0.06437389770723104,0.0,AK
02068,Alaska,Denali Borough,Denali Borough,1619,0.0,0,0,13437.7,1619,1176,17.0,748,70.0,1,0.0,0.0,0.0,0.7263743051266214,0.0,0.0,8.3,0.022727272727272728,0.09358288770053476,0.0,AK
02070,Alaska,Dillingham Census Area,Dillingham Census Area,4857,2505.0,2505,0,92505.0,4857,711,391.0,1558,496.0,2,1.0,2505.0,0.515750463248919,0.14638665843113033,0.515750463248919,0.0,19.045707226683138,0.25096277278562257,0.31835686777920413,0.515750463248919,AK
02090,Alaska,Fairbanks North Star Borough,Fairbanks North Star Borough,95655,12521.0,22836,63388,584495.4,95655,23041,2467.0,36521,1664.0,22,2.0,16615.0,0.13089749621033925,0.24087606502535153,0.2387329465265799,0.6626731482933459,6.110453191155716,0.06755017661071712,0.045562826866734206,0.17369714076629555,AK
02100,Alaska,Haines Borough,Haines Borough,2080,0.0,0,0,11232.0,2080,337,42.0,966,36.0,1,0.0,0.0,0.0,0.16201923076923078,0.0,0.0,5.4,0.043478260869565216,0.037267080745341616,0.0,AK
02105,Alaska,Hoonah-Angoon Census Area,Hoonah-Angoon Census Area,2365,0.0,0,0,33583.0,2365,213,154.0,979,264.0,1,0.0,0.0,0.0,0.09006342494714588,0.0,0.0,14.2,0.15730337078651685,0.2696629213483146,0.0,AK
02110,Alaska,Juneau City and Borough,Juneau City and Borough,32255,0.0,0,16330,294375.1,32255,2111,840.0,12940,1255.0,6,0.0,0.0,0.0,0.06544721748566114,0.0,0.5062780964191598,9.126495117036118,0.06491499227202473,0.09698608964451313,0.0,AK
02122,Alaska,Kenai Peninsula Borough,Kenai Peninsula Borough,58799,214.0,4217,12238,687839.2999999999,58799,7772,2329.0,23873,1189.0,14,1.0,4217.0,0.0036395176788720897,0.13217911869249477,0.07171890678412898,0.20813279137400295,11.698146226976649,0.09755791061031291,0.049805219285385165,0.07171890678412898,AK
02130,Alaska,Ketchikan Gateway Borough,Ketchikan Gateway Borough,13948,0.0,0,8196,122652.8,13948,39,477.0,5479,602.0,5,0.0,0.0,0.0,0.0027960997992543734,0.0,0.5876111270433036,8.79357613994838,0.08705968242379997,0.10987406461033035,0.0,AK
02150,Alaska,Kodiak Island Borough,Kodiak Island Borough,13101,0.0,4657,9817,112422.6,13101,788,267.0,4612,353.0,5,0.0,0.0,0.0,0.0601480802992138,0.3554690481642623,0.749332112052515,8.581222807419282,0.057892454466608845,0.07653946227233305,0.0,AK
02158,Alaska,Kusilvak Census Area,Kusilvak Census Area,8368,0.0,8368,0,271123.2,8368,17,984.0,1943,1589.0,1,0.0,8368.0,0.0,0.0020315487571701723,1.0,0.0,32.4,0.5064333504889347,0.817807514153371,1.0,AK
02164,Alaska,Lake and Peninsula Borough,Lake and Peninsula Borough,1476,1476.0,1476,0,18892.8,1476,839,95.0,543,141.0,1,1.0,1476.0,1.0,0.5684281842818428,1.0,0.0,12.799999999999999,0.17495395948434622,0.2596685082872928,1.0,AK
02170,Alaska,Matanuska-Susitna Borough,Matanuska-Susitna Borough,107081,10669.0,17315,39596,1097558.9,107081,23528,3741.0,38380,1519.0,24,4.0,10669.0,0.09963485585678132,0.21972151922376518,0.16170002147906726,0.36977615076437464,10.249800618223587,0.0974726420010422,0.039577905158936943,0.09963485585678132,AK
02180,Alaska,Nome Census Area,Nome Census Area,10046,0.0,6140,0,215838.6,10046,466,828.0,3030,1573.0,2,0.0,6140.0,0.0,0.046386621540911804,0.611188532749353,0.0,21.48502886721083,0.2732673267326733,0.5191419141914192,0.611188532749353,AK
02185,Alaska,North Slope Borough,North Slope Borough,11031,0.0,3367,0,121632.20000000001,11031,2809,320.0,2190,844.0,3,0.0,3367.0,0.0,0.25464599764300605,0.30523071344393077,0.0,11.02639833197353,0.1461187214611872,0.38538812785388127,0.30523071344393077,AK
02188,Alaska,Northwest Arctic Borough,Northwest Arctic Borough,7793,4691.0,4691,0,139427.0,7793,513,654.0,2014,1179.0,2,1.0,4691.0,0.6019504683690492,0.0658283074554087,0.6019504683690492,0.0,17.891312716540487,0.3247269116186693,0.5854021847070506,0.6019504683690492,AK
02195,Alaska,Petersburg Borough,Petersburg Borough,3398,0.0,0,0,23786.0,3398,89,104.0,1367,152.0,1,0.0,0.0,0.0,0.026191877575044143,0.0,0.0,7.0,0.07607900512070227,0.11119239209948793,0.0,AK
02198,Alaska,Prince of Wales-Hyder Census Area,Prince of Wales-Hyder Census Area,5753,2069.0,3631,0,72715.9,5753,1699,396.0,2312,262.0,4,1.0,2069.0,0.3596384495046063,0.29532417868937944,0.6311489657569963,0.0,12.639648878845819,0.17128027681660898,0.11332179930795848,0.3596384495046063,AK
02220,Alaska,Sitka City and Borough,Sitka City and Borough,8458,0.0,0,8458,63311.799999999996,8458,2499,258.0,3421,378.0,2,0.0,0.0,0.0,0.295459919602743,0.0,1.0,7.485433908725467,0.07541654486992108,0.11049400760011692,0.0,AK
02230,Alaska,Skagway Municipality,Skagway Municipality,1240,0.0,0,0,7316.0,1240,13,12.0,531,45.0,1,0.0,0.0,0.0,0.010483870967741936,0.0,0.0,5.9,0.022598870056497175,0.0847457627118644,0.0,AK
02240,Alaska,Southeast Fairbanks Census Area,Southeast Fairbanks Census Area,6808,2113.0,2113,0,85101.0,6808,1383,214.0,2445,165.0,2,1.0,2113.0,0.31037015276145713,0.2031433607520564,0.31037015276145713,0.0,12.50014688601645,0.08752556237218814,0.06748466257668712,0.31037015276145713,AK
02275,Alaska,Wrangell City and Borough,Wrangell City and Borough,2127,0.0,2127,0,25736.7,2127,107,83.0,933,85.0,1,0.0,0.0,0.0,0.05030559473436765,1.0,0.0,12.1,0.08896034297963558,0.09110396570203644,0.0,AK
02282,Alaska,Yakutat City and Borough,Yakutat City and Borough,662,0.0,0,0,7877.8,662,29,11.0,265,28.0,1,0.0,0.0,0.0,0.04380664652567976,0.0,0.0,11.9,0.04150943396226415,0.10566037735849057,0.0,AK
02290,Alaska,Yukon-Koyukuk Census Area,Yukon-Koyukuk Census Area,5343,2564.0,5343,0,86198.6,5343,1521,514.0,2194,849.0,4,2.0,5343.0,0.4798802171064945,0.2846715328467153,1.0,0.0,16.13299644394535,0.23427529626253418,0.3869644484958979,1.0,AK
04001,Arizona,Apache County,Apache County,66021,26640.0,55469,0,2004097.5999999999,66021,11312,6428.0,22103,2434.0,18,7.0,30229.0,0.40350797473531147,0.17133942230502416,0.8401720664637009,0.0,30.35545659714333,0.29082025064470884,0.11012079808170837,0.45786946577604093,AZ
04003,Arizona,Cochise County,Cochise County,125447,7840.0,63087,74802,1921101.0,125447,15679,7575.0,50936,2715.0,38,3.0,22753.0,0.06249651247140227,0.12498505344886685,0.5028976380463462,0.5962836895262541,15.314044975168796,0.1487160358096435,0.053302183131773206,0.1813754015640071,AZ
04005,Arizona,Coconino County,Coconino County,145101,12838.0,54426,87814,2856047.1,145101,14693,5857.0,51320,3097.0,39,5.0,32032.0,0.08847630271328247,0.10126050130598686,0.3750904542353257,0.605192245401479,19.683166208365208,0.11412704598597039,0.06034684333593141,0.22075657645364263,AZ
04007,Arizona,Gila County,Gila County,53272,5775.0,27608,35469,896108.4,53272,10958,3455.0,22312,1506.0,16,1.0,5775.0,0.10840591680432497,0.2056990539119988,0.5182459828803123,0.6658094308454723,16.821377083646194,0.15484940839010397,0.067497310864109,0.10840591680432497,AZ
04009,Arizona,Graham County,Graham County,38533,5293.0,23101,12294,661911.3,38533,3266,2073.0,12150,643.0,9,1.0,10596.0,0.1373627799548439,0.08475851867230685,0.5995121065061116,0.3190512028650767,17.17777748942465,0.1706172839506173,0.05292181069958848,0.27498507772558584,AZ
04011,Arizona,Greenlee County,Greenlee County,9563,0.0,0,0,76144.3,9563,126,205.0,3634,89.0,3,0.0,0.0,0.0,0.013175781658475374,0.0,0.0,7.962386280455924,0.056411667583929556,0.02449091909741332,0.0,AZ
04012,Arizona,La Paz County,La Paz County,16557,0.0,10714,5277,294692.5,16557,755,1036.0,7370,400.0,12,0.0,0.0,0.0,0.04560004831793199,0.6470979042096998,0.3187171589055988,17.798665217128708,0.1405698778833107,0.054274084124830396,0.0,AZ
04013,Arizona,Maricopa County,Maricopa County,4420568,55495.0,1351508,4259459,49606730.8,4410086,376126,148499.0,1643579,88150.0,1009,12.0,160031.0,0.012553816613611645,0.08508544603317944,0.30573175211873227,0.9635546834705404,11.248472433417398,0.09035099621010004,0.053632955884688235,0.03620145646441815,AZ
04015,Arizona,Mohave County,Mohave County,213267,14885.0,132073,136212,3498115.5,213267,27095,13386.0,91270,3994.0,66,4.0,46322.0,0.06979513942616532,0.12704731627490423,0.6192847463508184,0.638692343400526,16.40251656374404,0.1466637449326175,0.04376027172126657,0.21720191121926974,AZ
04017,Arizona,Navajo County,Navajo County,106717,17775.0,75985,26087,2679242.7,106717,13430,8879.0,36836,3388.0,37,7.0,40000.0,0.16656202854278138,0.12584686601010148,0.712023388963333,0.24445027502647187,25.10605339355492,0.24104137257031166,0.09197524161146704,0.374823130335373,AZ
04019,Arizona,Pima County,Pima County,1043433,27122.0,445467,919482,15156830.3,1035005,154875,53119.0,427021,31270.0,270,7.0,79690.0,0.025993044114955153,0.14842831307807977,0.4269243928455397,0.8812084724174911,14.644209738117208,0.12439435062912597,0.07322824872781432,0.07637289600769767,AZ
04021,Arizona,Pinal County,Pinal County,425264,22740.0,167440,300646,4587263.6,418720,81556,17512.0,146663,6235.0,95,5.0,77463.0,0.05347266639075962,0.19177734301516233,0.3937318936002107,0.7069632040332593,10.955444210928544,0.11940298507462686,0.04251242644702481,0.18215273336092402,AZ
04023,Arizona,Santa Cruz County,Santa Cruz County,47669,8994.0,35181,20830,986214.1,47669,3411,4056.0,16670,847.0,14,2.0,13433.0,0.18867607879334578,0.07155593782122553,0.7380268098764396,0.4369716167740041,20.688793555560217,0.2433113377324535,0.05080983803239352,0.28179739453313474,AZ
04025,Arizona,Yavapai County,Yavapai County,236209,13956.0,77418,139074,2825719.9,236209,45278,9130.0,104425,4275.0,72,4.0,40934.0,0.059083269477454285,0.19168617622529202,0.32775211782785585,0.5887751948486298,11.962795236421982,0.08743117069667225,0.040938472587981806,0.17329568306034063,AZ
04027,Arizona,Yuma County,Yuma County,203881,15445.0,130027,158421,3166443.1,203373,21712,14530.0,69589,4394.0,67,7.0,34086.0,0.07575497471564295,0.10649349375370927,0.6377592811492979,0.777026795042206,15.569633628849454,0.2087973674000201,0.06314216327293107,0.16718576032097154,AZ
05001,Arkansas,Arkansas County,Arkansas County,17149,2216.0,7641,8735,317092.7,17149,1775,996.0,7293,580.0,8,1.0,4914.0,0.12922036270336462,0.10350457752638638,0.4455653390868272,0.5093591463059071,18.49044842264855,0.13656931303990127,0.07952831482243247,0.28654732054347193,AR
05003,Arkansas,Ashley County,Ashley County,19062,0.0,16067,7536,420438.69999999995,19062,817,969.0,8019,646.0,7,0.0,7536.0,0.0,0.04286014059385164,0.8428811247508131,0.3953415171545483,22.05637918371629,0.12083800972689862,0.08055867315126575,0.3953415171545483,AR
05005,Arkansas,Baxter County,Baxter County,41627,4528.0,29345,14376,639409.6,41627,2191,1647.0,18936,882.0,10,1.0,9289.0,0.10877555432771999,0.05263410767050232,0.7049511134600139,0.34535277584260216,15.360453551781296,0.08697718631178707,0.04657794676806084,0.22314843731232134,AR
05007,Arkansas,Benton County,Benton County,284333,12486.0,23603,206676,2156424.1,284333,50861,4337.0,104111,3098.0,57,2.0,12486.0,0.04391329884325773,0.17887828707888287,0.08301182064691752,0.7268801018524055,7.584149922801785,0.0416574617475579,0.029756701981538933,0.04391329884325773,AR
05009,Arkansas,Boone County,Boone County,37373,0.0,3938,12772,438497.7,37373,951,1285.0,15455,1048.0,7,0.0,3938.0,0.0,0.02544617772188478,0.10537018703341985,0.3417440398148396,11.73300778636984,0.08314461339372371,0.0678097703008735,0.10537018703341985,AR
05011,Arkansas,Bradley County,Bradley County,10545,0.0,6016,0,206559.3,10545,210,656.0,4277,349.0,5,0.0,2455.0,0.0,0.01991465149359886,0.5705073494547179,0.0,19.58836415362731,0.15337853635725976,0.08159925181201777,0.2328117591275486,AR
05013,Arkansas,Calhoun County,Calhoun County,4739,0.0,0,0,48108.3,4739,72,136.0,2019,28.0,2,0.0,0.0,0.0,0.01519307870858831,0.0,0.0,10.151572061616376,0.06736007924715205,0.013868251609707775,0.0,AR
05015,Arkansas,Carroll County,Carroll County,28260,7178.0,9359,7178,466069.8,28260,3050,590.0,11727,580.0,8,2.0,9359.0,0.253998584571833,0.10792639773531493,0.33117480537862704,0.253998584571833,16.492208067940552,0.0503112475483926,0.04945851453909781,0.33117480537862704,AR
05017,Arkansas,Chicot County,Chicot County,10208,0.0,6877,0,234726.3,10208,0,664.0,4142,400.0,4,0.0,0.0,0.0,0.0,0.6736873040752351,0.0,22.994347570532913,0.16030902945436987,0.09657170449058426,0.0,AR
05019,Arkansas,Clark County,Clark County,21446,3544.0,12574,12588,475075.5,21446,3333,950.0,8170,498.0,6,1.0,12574.0,0.1652522614939849,0.15541359694115453,0.5863098013615593,0.5869626037489508,22.152172899375174,0.11627906976744186,0.0609547123623011,0.5863098013615593,AR
05021,Arkansas,Clay County,Clay County,14552,0.0,7624,0,250102.3,14552,91,607.0,6176,365.0,6,0.0,0.0,0.0,0.006253435953820781,0.5239142385926333,0.0,17.18679906542056,0.09828367875647669,0.05909974093264249,0.0,AR
05023,Arkansas,Cleburne County,Cleburne County,24711,0.0,2060,2994,345188.6,24711,43,903.0,10819,556.0,9,0.0,0.0,0.0,0.0017401157379304763,0.08336368418922747,0.12116061672939177,13.969025939864837,0.08346427581107312,0.051391071263517885,0.0,AR
05025,Arkansas,Cleveland County,Cleveland County,7550,0.0,0,0,119238.5,7550,70,383.0,3101,199.0,2,0.0,0.0,0.0,0.009271523178807948,0.0,0.0,15.79317880794702,0.1235085456304418,0.06417284746855853,0.0,AR
05027,Arkansas,Columbia County,Columbia County,22801,3233.0,10803,10026,451557.2,22801,1518,993.0,9082,288.0,7,1.0,3233.0,0.14179202666549712,0.06657602736722074,0.4737950089908337,0.439717556247533,19.804271742467435,0.10933715040739925,0.03171107685531821,0.14179202666549712,AR
05029,Arkansas,Conway County,Conway County,20715,5453.0,9786,7882,409028.80000000005,20715,1526,1122.0,8387,646.0,6,1.0,9786.0,0.26323919864832246,0.07366642529567946,0.4724112961622013,0.3804972242336471,19.74553705044654,0.1337784666746155,0.07702396566114224,0.4724112961622013,AR
05031,Arkansas,Craighead County,Craighead County,111231,13594.0,48202,72254,2344557.8,111231,10313,5240.0,43221,2865.0,22,2.0,17160.0,0.12221413095270203,0.09271695840188436,0.4333504149023204,0.6495850976796037,21.078276739398188,0.121237361467805,0.06628722148955368,0.15427353885157916,AR
05033,Arkansas,Crawford County,Crawford County,60133,11394.0,20753,28229,883106.3,60133,8320,2391.0,22986,977.0,15,2.0,15982.0,0.1894799860309647,0.1383599687359686,0.34511832105499474,0.4694427352701512,14.685884622420302,0.1040198381623597,0.0425041329504916,0.26577752648296277,AR
05035,Arkansas,Crittenden County,Crittenden County,48163,3940.0,30465,36970,1014100.2,48163,5447,2924.0,18885,1946.0,20,2.0,10077.0,0.08180553536947449,0.11309511450698669,0.6325395012769138,0.7676016859414904,21.05558623839877,0.1548318771511782,0.10304474450622186,0.20922699997923716,AR
05037,Arkansas,Cross County,Cross County,16833,4411.0,13027,8819,332057.1,16833,1334,668.0,6711,646.0,6,1.0,8819.0,0.26204479296619737,0.07924909404146617,0.7738965128022337,0.5239113645814769,19.726554981286757,0.09953807182238117,0.09625987185218299,0.5239113645814769,AR
05039,Arkansas,Dallas County,Dallas County,6482,0.0,1185,0,93411.79999999999,6482,214,382.0,2770,194.0,3,0.0,0.0,0.0,0.0330145016970071,0.1828139463128664,0.0,14.410953409441529,0.1379061371841155,0.07003610108303249,0.0,AR
05041,Arkansas,Desha County,Desha County,11395,0.0,11395,1247,321536.80000000005,11395,730,1073.0,4891,671.0,5,0.0,2589.0,0.0,0.06406318560772269,1.0,0.10943396226415095,28.217358490566042,0.2193825393580045,0.1371907585360867,0.2272049144361562,AR
05043,Arkansas,Drew County,Drew County,17350,0.0,11223,0,390887.6,17350,425,1179.0,7133,516.0,5,0.0,0.0,0.0,0.024495677233429394,0.6468587896253603,0.0,22.529544668587896,0.16528809757465301,0.07233982896397027,0.0,AR
05045,Arkansas,Faulkner County,Faulkner County,123498,0.0,26831,60687,1833986.1,123498,8359,3499.0,47622,2142.0,28,0.0,3797.0,0.0,0.06768530664464202,0.217258579086301,0.4914006704562017,14.850330369722588,0.07347444458443576,0.04497921128890009,0.03074543717307163,AR
05047,Arkansas,Franklin County,Franklin County,17097,0.0,10549,0,305024.4,17097,40,786.0,6706,508.0,5,0.0,0.0,0.0,0.0023395917412411533,0.6170088319588232,0.0,17.840814177925953,0.11720847002684164,0.07575305696391291,0.0,AR
05049,Arkansas,Fulton County,Fulton County,12075,0.0,12075,0,219144.3,12075,0,609.0,4991,219.0,4,0.0,0.0,0.0,0.0,1.0,0.0,18.148596273291925,0.12201963534361851,0.043878982167902224,0.0,AR
05051,Arkansas,Garland County,Garland County,100180,7509.0,41001,54424,1577447.3,100180,10445,3945.0,42997,2461.0,30,2.0,14483.0,0.07495508085446197,0.1042623278099421,0.4092733080455181,0.5432621281692953,15.74612996606109,0.09175058725027327,0.057236551387306094,0.14456977440606908,AR
05053,Arkansas,Grant County,Grant County,17958,0.0,6108,5919,235526.0,17958,713,501.0,7091,178.0,5,0.0,2334.0,0.0,0.03970375320191558,0.3401269629134647,0.3296024056130972,13.115380331885511,0.07065294034691863,0.02510224227894514,0.12996992983628466,AR
05055,Arkansas,Greene County,Greene County,45736,5772.0,12397,27256,778040.7,45736,5052,2625.0,17673,940.0,12,2.0,9314.0,0.1262025537869512,0.1104600314850446,0.2710556235788001,0.5959419275843975,17.011559821584747,0.14853165846206076,0.05318847960165224,0.20364701766660837,AR
05057,Arkansas,Hempstead County,Hempstead County,20065,3064.0,15908,9342,401247.7,20065,1804,767.0,7992,702.0,7,1.0,5220.0,0.15270371293296786,0.08990779965113381,0.7928233241963618,0.4655868427610267,19.99739347121854,0.09597097097097097,0.08783783783783784,0.2601544978818839,AR
05059,Arkansas,Hot Spring County,Hot Spring County,33040,8253.0,10167,8253,477374.1,33040,2102,1326.0,12473,658.0,9,2.0,8253.0,0.24978813559322033,0.06361985472154964,0.3077179176755448,0.24978813559322033,14.448368644067797,0.10630962879820412,0.05275394852882226,0.24978813559322033,AR
05061,Arkansas,Howard County,Howard County,12785,3722.0,8046,0,291674.2,12785,902,501.0,5096,265.0,3,1.0,3722.0,0.2911224090731326,0.07055142745404772,0.6293312475557293,0.0,22.813781775518187,0.09831240188383046,0.052001569858712716,0.2911224090731326,AR
05063,Arkansas,Independence County,Independence County,37938,0.0,24968,2909,772801.0,37938,466,2001.0,14934,956.0,10,0.0,12382.0,0.0,0.01228319890347409,0.6581264167852813,0.07667773736095736,20.370103853655966,0.13398955403776616,0.06401499933038704,0.32637461120776,AR
05065,Arkansas,Izard County,Izard County,13577,0.0,11164,0,306061.0,13577,0,756.0,5494,295.0,4,0.0,0.0,0.0,0.0,0.8222729616262797,0.0,22.54260882374604,0.13760465962868584,0.053694939934473974,0.0,AR
05067,Arkansas,Jackson County,Jackson County,16755,3429.0,15280,7488,352500.60000000003,16755,1364,1174.0,6203,534.0,6,1.0,7488.0,0.20465532676812892,0.08140853476574157,0.9119665771411519,0.446911369740376,21.038531781557747,0.1892632597130421,0.08608737707560858,0.446911369740376,AR
05069,Arkansas,Jefferson County,Jefferson County,67260,2906.0,30081,39499,1353217.6,67260,3149,3534.0,26264,1808.0,24,1.0,13882.0,0.0432054713053821,0.0468183169788879,0.44723461195361286,0.5872584002378829,20.119203092476955,0.13455680779774595,0.06883947608894304,0.2063931013975617,AR
05071,Arkansas,Johnson County,Johnson County,25749,4287.0,12218,11205,509034.2,25749,2764,1240.0,9902,559.0,6,1.0,7862.0,0.16649190259815916,0.10734397452328245,0.474503864227737,0.435162530583712,19.769086178104004,0.12522722682286408,0.05645324176933953,0.3053322459124626,AR
05073,Arkansas,Lafayette County,Lafayette County,6308,0.0,6308,0,139628.5,6308,85,390.0,2842,162.0,3,0.0,0.0,0.0,0.013474952441344324,1.0,0.0,22.13514584654407,0.13722730471498945,0.05700211118930331,0.0,AR
05075,Arkansas,Lawrence County,Lawrence County,16216,2671.0,12749,7250,325877.69999999995,16216,784,1061.0,6514,342.0,6,1.0,7250.0,0.1647138628515047,0.048347311297483965,0.7861988159842132,0.447089294523927,20.096059447459297,0.16287995087503837,0.052502302732575994,0.447089294523927,AR
05077,Arkansas,Lee County,Lee County,8600,0.0,7218,0,344336.39999999997,8600,463,748.0,3103,448.0,4,0.0,1124.0,0.0,0.05383720930232558,0.8393023255813954,0.0,40.039116279069766,0.2410570415726716,0.1443764099258782,0.13069767441860466,AR
05079,Arkansas,Lincoln County,Lincoln County,12941,0.0,4908,0,239996.2,12941,558,458.0,3807,240.0,4,0.0,4908.0,0.0,0.04311876980140638,0.37925971717796153,0.0,18.54541380109729,0.12030470186498556,0.06304176516942474,0.37925971717796153,AR
05081,Arkansas,Little River County,Little River County,12026,0.0,8399,0,196110.2,12026,1,537.0,5098,252.0,6,0.0,1077.0,0.0,8.315316813570597e-05,0.6984034591717945,0.0,16.307184433726928,0.10533542565712044,0.04943114947038054,0.08955596208215533,AR
05083,Arkansas,Logan County,Logan County,21131,0.0,3951,0,296800.9,21131,0,840.0,8449,377.0,6,0.0,0.0,0.0,0.0,0.18697648005300269,0.0,14.045757418011453,0.09942004971002485,0.04462066516747544,0.0,AR
05085,Arkansas,Lonoke County,Lonoke County,74015,4919.0,28504,23512,790531.5,74015,7977,2037.0,27841,1158.0,18,1.0,4919.0,0.0664595014524083,0.10777545092211038,0.3851111261230832,0.3176653381071404,10.680693102749443,0.07316547537803958,0.041593333572788334,0.0664595014524083,AR
05087,Arkansas,Madison County,Madison County,16521,0.0,16521,0,232946.69999999998,16521,444,747.0,6437,252.0,4,0.0,8289.0,0.0,0.026874886508080623,1.0,0.0,14.1000363174142,0.11604784837657293,0.03914867174149449,0.5017250771745052,AR
05089,Arkansas,Marion County,Marion County,16826,0.0,5147,0,293264.0,16826,144,851.0,7480,217.0,5,0.0,5147.0,0.0,0.008558183763223582,0.30589563770355405,0.0,17.42921668845834,0.11377005347593583,0.029010695187165775,0.30589563770355405,AR
05091,Arkansas,Miller County,Miller County,42600,0.0,29321,24209,1047790.2,42600,762,2563.0,17068,1383.0,14,0.0,2550.0,0.0,0.01788732394366197,0.6882863849765258,0.5682863849765258,24.59601408450704,0.15016404968361846,0.08102882587297867,0.05985915492957746,AR
05093,Arkansas,Mississippi County,Mississippi County,40685,6924.0,28167,21753,871616.7,40685,3235,2953.0,16036,1738.0,14,2.0,17241.0,0.17018557207816148,0.0795133341526361,0.6923190364999385,0.5346687968538774,21.423539387980828,0.18414816662509353,0.10838114242953355,0.42376797345459016,AR
05095,Arkansas,Monroe County,Monroe County,6799,0.0,3110,0,139687.8,6799,165,450.0,3040,404.0,3,0.0,0.0,0.0,0.02426827474628622,0.4574202088542433,0.0,20.5453449036623,0.14802631578947367,0.13289473684210526,0.0,AR
05097,Arkansas,Montgomery County,Montgomery County,8484,3008.0,4931,0,189103.6,8484,1471,373.0,3651,197.0,3,1.0,3008.0,0.35454974068835454,0.17338519566242339,0.5812116925978312,0.0,22.28943894389439,0.1021637907422624,0.053957819775404,0.35454974068835454,AR
05099,Arkansas,Nevada County,Nevada County,8310,0.0,3551,0,168123.1,8310,5,327.0,3427,74.0,3,0.0,0.0,0.0,0.0006016847172081829,0.4273164861612515,0.0,20.231419975932614,0.09541873358622702,0.02159323023052232,0.0,AR
05101,Arkansas,Newton County,Newton County,7225,3805.0,3805,0,115353.0,7225,1296,353.0,3169,94.0,2,1.0,3805.0,0.5266435986159169,0.17937716262975778,0.5266435986159169,0.0,15.965813148788927,0.11139160618491638,0.02966235405490691,0.5266435986159169,AR
05103,Arkansas,Ouachita County,Ouachita County,22650,4120.0,13424,10620,431804.6,22650,1467,1279.0,9944,842.0,8,1.0,7203.0,0.18189845474613686,0.0647682119205298,0.5926710816777042,0.4688741721854305,19.064220750551875,0.12862027353177796,0.08467417538213999,0.31801324503311257,AR
05105,Arkansas,Perry County,Perry County,10019,0.0,1651,0,144135.69999999998,10019,476,355.0,4085,184.0,3,0.0,1651.0,0.0,0.04750973151013075,0.16478690488072661,0.0,14.386236151312504,0.08690330477356181,0.04504283965728274,0.16478690488072661,AR
05107,Arkansas,Phillips County,Phillips County,16568,7126.0,11968,7126,487190.5,16568,1443,1934.0,6890,1022.0,7,2.0,7126.0,0.43010622887493966,0.08709560598744567,0.7223563495895703,0.43010622887493966,29.405510622887494,0.2806966618287373,0.14833091436865023,0.43010622887493966,AR
05109,Arkansas,Pike County,Pike County,10171,0.0,3778,0,212089.5,10171,625,505.0,4128,126.0,3,0.0,0.0,0.0,0.06144921836594239,0.37144823517844855,0.0,20.85237439779766,0.12233527131782945,0.030523255813953487,0.0,AR
05111,Arkansas,Poinsett County,Poinsett County,22965,0.0,14069,7796,469992.5,22965,220,1686.0,9254,1009.0,8,0.0,7796.0,0.0,0.009579795340735902,0.612627912040061,0.3394731112562595,20.465599825821904,0.18219148476334557,0.10903393127296304,0.3394731112562595,AR
05113,Arkansas,Polk County,Polk County,19221,0.0,7591,2516,295863.8,19221,2309,991.0,7992,502.0,7,0.0,0.0,0.0,0.12012902554497684,0.39493262577389315,0.1308984964361896,15.392737110452108,0.123998998998999,0.06281281281281281,0.0,AR
05115,Arkansas,Pope County,Pope County,63381,0.0,28558,24853,1094259.0,63381,4395,2411.0,24196,1104.0,17,0.0,14348.0,0.0,0.06934254745112889,0.4505766712421704,0.39212066707688426,17.264779665830453,0.09964456935030584,0.045627376425855515,0.22637698994966945,AR
05117,Arkansas,Prairie County,Prairie County,8282,0.0,0,0,99055.09999999999,8282,6,439.0,3502,206.0,3,0.0,0.0,0.0,0.0007244626901714562,0.0,0.0,11.960287370200433,0.12535693889206168,0.058823529411764705,0.0,AR
05119,Arkansas,Pulaski County,Pulaski County,399125,28488.0,179378,332341,6727647.7,399121,34710,17233.0,170622,12329.0,107,6.0,80491.0,0.07137613529595992,0.08696523645474476,0.44942812402129656,0.8326739743188224,16.856160663057068,0.10100104324178594,0.07225914594835367,0.2016686501722518,AR
05121,Arkansas,Randolph County,Randolph County,18571,4320.0,12308,8299,410487.1,18571,2988,1150.0,7322,398.0,5,1.0,12308.0,0.23262075278660277,0.16089602067740025,0.6627537558559043,0.44687954337407787,22.10366162296053,0.15706091231903851,0.05435673313302376,0.6627537558559043,AR
05123,Arkansas,St. Francis County,St. Francis County,23090,0.0,20964,6919,688197.0,23090,818,1888.0,8470,1032.0,7,0.0,6919.0,0.0,0.035426591598094415,0.9079255088783023,0.2996535296665223,29.80498051104374,0.2229043683589138,0.1218417945690673,0.2996535296665223,AR
05125,Arkansas,Saline County,Saline County,123416,0.0,8912,67434,1092060.6,123416,14098,1974.0,48232,1594.0,30,0.0,3349.0,0.0,0.11423154210151033,0.07221105853373955,0.5463959292150127,8.848614442211707,0.04092718527118925,0.03304859844086913,0.027135865690023984,AR
05127,Arkansas,Scott County,Scott County,9836,0.0,9836,0,184504.59999999998,9836,673,501.0,3930,292.0,3,0.0,5986.0,0.0,0.0684221228141521,1.0,0.0,18.758092720618134,0.12748091603053435,0.0743002544529262,0.6085807238714924,AR
05129,Arkansas,Searcy County,Searcy County,7828,0.0,7828,0,180954.3,7828,493,402.0,3441,190.0,3,0.0,2212.0,0.0,0.06297904956566172,1.0,0.0,23.116287685232496,0.11682650392327812,0.05521650682941005,0.2825753704649974,AR
05131,Arkansas,Sebastian County,Sebastian County,127799,0.0,45526,94126,2083260.9,127799,3982,6031.0,51312,3131.0,31,0.0,5561.0,0.0,0.031158303273108555,0.3562312694152536,0.7365159351794615,16.301073560825984,0.11753585905830995,0.061018864982850016,0.04351364251676461,AR
05133,Arkansas,Sevier County,Sevier County,15839,0.0,6313,5947,275782.69999999995,15839,932,1211.0,5731,248.0,4,0.0,0.0,0.0,0.058842098617336955,0.3985731422438285,0.3754656228297241,17.41162320853589,0.21130692723782935,0.043273425231198745,0.0,AR
05135,Arkansas,Sharp County,Sharp County,17271,0.0,11836,0,284407.8,17271,273,1189.0,7356,341.0,6,0.0,3960.0,0.0,0.015806843842278966,0.6853106363267906,0.0,16.467361472989403,0.161636759108211,0.046356715606307775,0.2292860865033872,AR
05137,Arkansas,Stone County,Stone County,12359,0.0,8611,0,241274.40000000002,12359,0,939.0,5333,466.0,4,0.0,0.0,0.0,0.0,0.6967392183833644,0.0,19.522161987215796,0.17607350459403712,0.08738046127882992,0.0,AR
05139,Arkansas,Union County,Union County,39054,6570.0,23990,18297,756241.9,39054,4314,1414.0,16182,983.0,12,2.0,9864.0,0.16822860654478414,0.11046243662620986,0.6142776668203,0.46850514671992627,19.364006247759512,0.08738104066246447,0.06074650846619701,0.25257335996312796,AR
05141,Arkansas,Van Buren County,Van Buren County,15796,3287.0,10348,0,305037.4,15796,1019,795.0,7012,475.0,6,1.0,6705.0,0.2080906558622436,0.06451000253228666,0.6551025576095214,0.0,19.311053431248418,0.11337706788362807,0.06774101540216772,0.42447455051911875,AR
05143,Arkansas,Washington County,Washington County,245871,9249.0,101500,155527,3811295.5,245871,13399,5413.0,92548,3976.0,54,2.0,40818.0,0.0376172871139744,0.05449605687535333,0.41281810380240047,0.6325552830549354,15.50119981616376,0.05848856809439426,0.042961490253706186,0.16601388533011213,AR
05145,Arkansas,White County,White County,76822,4231.0,41717,30943,1403144.8,76822,5416,3417.0,29705,1643.0,19,1.0,10894.0,0.05507536903491187,0.07050063783811929,0.5430345473952773,0.4027882637786051,18.264882455546587,0.11503113953879818,0.055310553778825114,0.14180833615370597,AR
05147,Arkansas,Woodruff County,Woodruff County,6269,0.0,6269,0,151372.0,6269,232,535.0,2775,397.0,2,0.0,3874.0,0.0,0.0370074972084862,1.0,0.0,24.14611580794385,0.1927927927927928,0.14306306306306307,0.6179613973520498,AR
05149,Arkansas,Yell County,Yell County,20263,0.0,6179,0,317113.2,20263,457,853.0,7722,539.0,6,0.0,2119.0,0.0,0.022553422494201253,0.30494003849380646,0.0,15.649864284656765,0.11046361046361046,0.0698005698005698,0.10457484084291566,AR
06001,California,Alameda County,Alameda County,1682353,5870.0,629273,1661328,16108385.8,1682348,66718,59416.0,591636,60012.0,378,1.0,13965.0,0.0034891607171622127,0.039657551060924785,0.3740433785299518,0.9875026228145936,9.574942758573137,0.10042661366110243,0.10143398981806381,0.008300873835633781,CA
06003,California,Alpine County,Alpine County,1204,0.0,0,0,12040.0,1204,668,42.0,530,25.0,1,0.0,0.0,0.0,0.5548172757475083,0.0,0.0,10.0,0.07924528301886792,0.04716981132075472,0.0,CA
06005,California,Amador County,Amador County,40474,0.0,1892,0,331350.6,40474,298,1575.0,15678,644.0,10,0.0,0.0,0.0,0.007362751395957899,0.0467460591984978,0.0,8.186751988931166,0.10045924225028703,0.041076667942339586,0.0,CA
06007,California,Butte County,Butte County,211632,23031.0,114917,153834,4102928.3000000003,211632,11105,13346.0,83268,5023.0,54,5.0,32043.0,0.10882569743706055,0.052473160958645196,0.5430038935510698,0.726893853481515,19.38708843653134,0.16027765768362395,0.06032329346207427,0.15140904967112723,CA
06009,California,Calaveras County,Calaveras County,45292,0.0,25020,0,578250.5,45292,144,1760.0,18758,427.0,14,0.0,0.0,0.0,0.003179369425064029,0.552415437604875,0.0,12.76716638699991,0.09382663396950634,0.022763620855101824,0.0,CA
06011,California,Colusa County,Colusa County,21839,0.0,14246,6825,250415.2,21839,708,1229.0,7227,348.0,6,0.0,0.0,0.0,0.03241906680708824,0.6523192453866935,0.31251430926324464,11.466422455240625,0.17005673170056732,0.048152760481527605,0.0,CA
06013,California,Contra Costa County,Contra Costa County,1165927,20834.0,445229,1143878,9683846.8,1165436,137525,35128.0,407029,21605.0,241,4.0,83759.0,0.01786904325914058,0.11795335385491544,0.3818669607960018,0.9810888674848426,8.309205138677715,0.08630343292492673,0.05307975598790258,0.07183897448124968,CA
06015,California,Del Norte County,Del Norte County,27743,0.0,10434,12994,350796.6,27743,1737,2171.0,9807,785.0,8,0.0,3461.0,0.0,0.06261038820603396,0.37609487077821435,0.46837039974047506,12.64450852467289,0.22137248903844192,0.0800448659121036,0.12475218974155643,CA
06017,California,El Dorado County,El Dorado County,191185,11948.0,36113,119927,1512270.2,191185,34569,4965.0,75320,2766.0,55,2.0,14611.0,0.06249444255563982,0.18081439443470984,0.188890341815519,0.6272824750895729,7.909983523812015,0.06591874668082846,0.03672331386086033,0.07642335957318827,CA
06019,California,Fresno County,Fresno County,1008654,43334.0,648437,874857,18995698.4,1008654,62717,70903.0,319296,22680.0,225,9.0,82491.0,0.04296220507726138,0.062178903766802095,0.6428735721069861,0.8673509449226395,18.8327200407672,0.22206040789737422,0.07103126879134095,0.08178324777376583,CA
06021,California,Glenn County,Glenn County,28917,4967.0,25258,22069,470079.3,28917,5007,1440.0,10177,418.0,8,1.0,9351.0,0.17176747242106719,0.17315074177819276,0.8734654355569388,0.763184286060103,16.256157277725904,0.14149552913432248,0.04107300776260195,0.32337379396202925,CA
06023,California,Humboldt County,Humboldt County,136463,7010.0,99642,84333,2636475.1,136463,7805,11540.0,56422,3330.0,35,2.0,38485.0,0.051369235616980424,0.05719499058352814,0.7301759451279835,0.6179916900551798,19.320072840257065,0.2045301478146822,0.05901953138846549,0.2820178363365894,CA
06025,California,Imperial County,Imperial County,179702,12101.0,141545,127859,3610088.3,179702,8776,14225.0,52050,3045.0,40,4.0,34027.0,0.06733926166653682,0.04883640694037907,0.7876651345004507,0.7115057150170838,20.089305071729864,0.2732949087415946,0.0585014409221902,0.18935237226074278,CA
06027,California,Inyo County,Inyo County,19016,6278.0,12070,11377,213090.59999999998,19016,4880,686.0,8046,446.0,6,2.0,6278.0,0.33014303744215395,0.2566259991586033,0.6347286495582667,0.5982856541859487,11.205858224652923,0.085259756400696,0.05543127019637087,0.33014303744215395,CA
06029,California,Kern County,Kern County,909235,30719.0,604099,752005,17178381.3,893765,30935,57456.0,281498,19000.0,236,7.0,108321.0,0.03378554499111891,0.03402310733748701,0.6644035920306631,0.8270744087062201,19.220243911990288,0.20410802208186204,0.0674960390482348,0.11913421722656958,CA
06031,California,Kings County,Kings County,152486,6656.0,91628,135168,2232626.5,139387,25810,8805.0,44100,2553.0,31,1.0,33678.0,0.043649908844090604,0.16926144039452803,0.6008945083483074,0.8864289180646092,16.01746576079548,0.19965986394557822,0.05789115646258503,0.22085961989953176,CA
06033,California,Lake County,Lake County,68163,2158.0,41192,29720,1160513.0,68163,3622,6553.0,27622,1499.0,21,1.0,2158.0,0.03165940466235347,0.053137332570456115,0.6043161245837184,0.4360136731071109,17.025556386896117,0.2372384331330099,0.05426833683295924,0.03165940466235347,CA
06035,California,Lassen County,Lassen County,32730,2459.0,19601,9177,425577.0,32730,1701,1239.0,9888,581.0,9,1.0,5663.0,0.07512985029025358,0.051970669110907426,0.5988695386495569,0.28038496791934003,13.002658111824015,0.12530339805825244,0.05875809061488673,0.1730216926367247,CA
06037,California,Los Angeles County,Los Angeles County,10014009,26778.0,4487959,9859796,138154793.5,9991299,283270,493104.0,3420628,302694.0,2495,7.0,111100.0,0.002674053917866461,0.02828737222025664,0.4481680613628368,0.9846002734768863,13.827510667031383,0.14415598539215607,0.08849076836183298,0.011094457774104257,CA
06039,California,Madera County,Madera County,156255,0.0,107985,83013,3104102.5,156255,6146,9864.0,45607,2268.0,34,0.0,5379.0,0.0,0.039333141339477136,0.6910818853796679,0.5312661994816166,19.865620300150397,0.21628258819917995,0.049729208235577874,0.034424498416050685,CA
06041,California,Marin County,Marin County,262321,19027.0,65103,248632,2157159.9,262321,28612,5615.0,104167,5057.0,62,4.0,24031.0,0.07253327030622786,0.1090724722763332,0.24818066414812387,0.94781584394692,8.22335954803466,0.053903827507751974,0.048547044649457124,0.09160913537231102,CA
06043,California,Mariposa County,Mariposa County,17131,0.0,6348,0,240500.1,17131,1253,1003.0,7372,347.0,6,0.0,0.0,0.0,0.0731422567275699,0.3705563014418306,0.0,14.038882727219661,0.13605534454693435,0.04706999457406403,0.0,CA
06045,California,Mendocino County,Mendocino County,91601,9002.0,53565,40795,1451992.3,91601,7013,6072.0,36280,2536.0,23,2.0,17602.0,0.09827403630964728,0.07656029956004846,0.5847643584677024,0.4453554000502178,15.851271274331067,0.1673649393605292,0.06990077177508269,0.19215947424154758,CA
06047,California,Merced County,Merced County,281202,18844.0,231634,221068,5407212.0,281202,19877,18102.0,83464,6289.0,63,4.0,78327.0,0.06701232565913472,0.07068584149472622,0.8237281384911914,0.786153725791424,19.22892440309813,0.2168839260040257,0.07534985143295313,0.2785435380971686,CA
06049,California,Modoc County,Modoc County,8700,2741.0,8700,0,155281.5,8700,1442,456.0,3732,154.0,4,1.0,3847.0,0.31505747126436784,0.1657471264367816,1.0,0.0,17.84844827586207,0.12218649517684887,0.04126473740621651,0.442183908045977,CA
06051,California,Mono County,Mono County,13195,0.0,0,7199,111865.70000000001,13195,7677,266.0,5474,238.0,4,0.0,0.0,0.0,0.5818112921561197,0.0,0.5455854490337249,8.47788556271315,0.04859335038363171,0.043478260869565216,0.0,CA
06053,California,Monterey County,Monterey County,439035,5591.0,165747,353303,5487677.3,436502,30348,12764.0,131789,6264.0,103,2.0,19586.0,0.01273474779915041,0.06912432949537053,0.3775257097953466,0.8047262746705843,12.571940792940238,0.0968517858091343,0.0475305222742414,0.04461147744485064,CA
06055,California,Napa County,Napa County,138019,6481.0,29390,114849,1169049.6,138019,9100,3425.0,49738,2399.0,40,2.0,6481.0,0.04695730298002449,0.06593295126033372,0.2129416964330998,0.8321245625602273,8.470207725023368,0.06886083075314649,0.04823273955526961,0.04695730298002449,CA
06057,California,Nevada County,Nevada County,102241,0.0,21549,49235,1122473.3,102241,16313,3454.0,42774,1812.0,26,0.0,9404.0,0.0,0.15955438620514276,0.21076671785291615,0.48155827896831993,10.97870032570104,0.08074998831065601,0.04236218263431056,0.09197875607632945,CA
06059,California,Orange County,Orange County,3186989,0.0,680806,3176075,30655962.4,3186959,196029,91924.0,1074105,51573.0,613,0.0,46833.0,0.0,0.06150915487941753,0.21362044236738814,0.9965754509977913,9.619189453017752,0.08558194962317464,0.04801485888251149,0.014695061702440768,CA
06061,California,Placer County,Placer County,404739,0.0,25064,330590,2774768.1,404739,64315,9051.0,152101,6602.0,92,0.0,4927.0,0.0,0.15890487449936874,0.06192632783102197,0.8167979858624941,6.855697375345593,0.059506512120235895,0.043405368800994076,0.012173277099562929,CA
06063,California,Plumas County,Plumas County,19790,0.0,9661,0,206647.5,19790,295,1085.0,9216,529.0,7,0.0,0.0,0.0,0.014906518443658413,0.4881758463870642,0.0,10.442016169782718,0.11773003472222222,0.05740017361111111,0.0,CA
06065,California,Riverside County,Riverside County,2418185,103134.0,880548,2152889,26190428.5,2412183,324968,97172.0,763283,33345.0,518,23.0,303924.0,0.04264934237868484,0.1343850863354127,0.36413591185124383,0.8902912721731381,10.857562838308702,0.12730795786097687,0.04368628673768445,0.12568269177089428,CA
06067,California,Sacramento County,Sacramento County,1585055,9545.0,628960,1532755,19976100.0,1585055,71578,81145.0,564445,37536.0,363,3.0,62190.0,0.006021873058032687,0.04515805445236916,0.39680641996649957,0.9670042995353474,12.602780345161525,0.14376068527491606,0.06650072194810831,0.039235231585023865,CA
06069,California,San Benito County,San Benito County,64209,21361.0,54814,48498,433443.5,64209,10720,2169.0,19484,622.0,12,4.0,25621.0,0.33267921942406825,0.16695478826955723,0.8536809481536857,0.7553146755127785,6.75051005310782,0.11132211044959966,0.03192362964483679,0.39902505879238115,CA
06071,California,San Bernardino County,San Bernardino County,2181654,137649.0,1064770,1988451,29331449.5,2177701,174835,106798.0,667836,31226.0,466,26.0,260592.0,0.06309387281392925,0.08013873877342603,0.4880563095706285,0.9114419610075658,13.468997580475923,0.15991650644769076,0.04675698824262244,0.11944698838587604,CA
06073,California,San Diego County,San Diego County,3298634,21905.0,1075475,3084414,33957921.1,3292210,246716,116541.0,1158764,64308.0,736,5.0,110998.0,0.00664062760524508,0.07479338417053848,0.32603647449216855,0.9350579664188267,10.314627894332379,0.100573542153536,0.055497064113141245,0.03364968650659637,CA
06075,California,San Francisco County,San Francisco County,873965,4901.0,245798,873965,9935933.5,873886,2255,41556.0,371851,109781.0,242,1.0,7648.0,0.005607776055105182,0.0025801948590618616,0.28124467226948446,1.0,11.369827986716803,0.11175443927809794,0.29522846516481066,0.008750922519780541,CA
06077,California,San Joaquin County,San Joaquin County,779233,10837.0,326207,676404,9840902.9,777329,55343,38226.0,241119,12528.0,174,2.0,33440.0,0.013907265221057116,0.07102240279864944,0.4186257512194684,0.8680381862677787,12.65989420181159,0.15853582670797406,0.0519577470045911,0.042913993632199866,CA
06079,California,San Luis Obispo County,San Luis Obispo County,282424,1074.0,66303,217113,3826670.8,278618,30271,8972.0,107797,4146.0,69,1.0,10551.0,0.0038027929637707843,0.10718281732430672,0.2347640427159165,0.7687484066509929,13.73447085256516,0.0832305166192009,0.038461181665538004,0.0373587230546979,CA
06081,California,San Mateo County,San Mateo County,764442,0.0,151183,752110,5126394.2,764442,68417,13399.0,269417,15229.0,173,0.0,11622.0,0.0,0.08949926874766169,0.1977690917034909,0.9838679716708396,6.706060368216294,0.049733313042606815,0.05652575746890508,0.015203246289450344,CA
06083,California,Santa Barbara County,Santa Barbara County,448229,3.0,162284,412688,6753028.5,448214,28506,16287.0,148353,8881.0,108,1.0,8445.0,6.693007369001113e-06,0.06359695602024858,0.3620560026236589,0.9207079416994438,15.066527373085178,0.10978544417706416,0.05986397309120813,0.018840815743738134,CA
06085,California,Santa Clara County,Santa Clara County,1936259,19732.0,588885,1906632,14289087.0,1936259,82874,43418.0,656063,39450.0,408,3.0,59531.0,0.010190785426949596,0.042801092209255064,0.3041354488216711,0.9846988445244154,7.3797394873309825,0.06617961994503577,0.06013142030567186,0.030745370324941033,CA
06087,California,Santa Cruz County,Santa Cruz County,270861,5411.0,91861,215428,3242219.6,270861,16654,9588.0,96261,5027.0,69,1.0,5411.0,0.019977036191995156,0.06148541133644194,0.33914443201494493,0.7953452139658349,11.970049582627253,0.09960420107831833,0.05222260313107074,0.019977036191995156,CA
06089,California,Shasta County,Shasta County,182155,3731.0,85046,117941,2430509.7,182155,9977,9569.0,72836,4516.0,50,1.0,15889.0,0.02048255606488979,0.05477203480552277,0.4668880898136203,0.6474760506162335,13.343085284510446,0.1313773408753913,0.0620023065517052,0.08722791029617634,CA
06091,California,Sierra County,Sierra County,3236,0.0,0,0,14238.400000000001,3236,2,119.0,1456,79.0,1,0.0,0.0,0.0,0.0006180469715698393,0.0,0.0,4.4,0.08173076923076923,0.05425824175824176,0.0,CA
06093,California,Siskiyou County,Siskiyou County,44076,3914.0,35554,11089,725016.0,44076,4741,2953.0,19219,1169.0,16,1.0,7880.0,0.08880116162991197,0.10756420727833742,0.806652146292767,0.2515881658952718,16.44922406751974,0.15365003382069828,0.060825225037723085,0.17878210363916872,CA
06095,California,Solano County,Solano County,453491,7808.0,89957,408146,4537466.4,446847,54324,17882.0,155924,7796.0,100,2.0,7808.0,0.017217541252196846,0.11979069044369127,0.1983655684456803,0.9000090409732497,10.154407213207206,0.11468407685795644,0.04999871732382443,0.017217541252196846,CA
06097,California,Sonoma County,Sonoma County,488863,11744.0,98228,412048,4366661.4,488863,32137,15299.0,187701,9223.0,121,2.0,30201.0,0.024023090313646155,0.06573825386662521,0.20093154932977134,0.8428700883478603,8.932280413940102,0.08150729085087453,0.049136658835062144,0.06177804415552005,CA
06099,California,Stanislaus County,Stanislaus County,552878,13844.0,298016,479203,7521238.8,552878,11827,27603.0,176738,9884.0,112,3.0,66938.0,0.02503988221632982,0.021391699434594975,0.539026693049823,0.8667427533741621,13.603794688882537,0.15618033473276827,0.05592458893956025,0.12107191821703885,CA
06101,California,Sutter County,Sutter County,99633,4533.0,41811,79148,1412898.6,99633,4239,4385.0,33062,1843.0,21,1.0,10858.0,0.04549697389419168,0.042546144349763636,0.4196501159254464,0.7943954312326237,14.181030381500106,0.13262960498457443,0.05574375415885306,0.10897995644013529,CA
06103,California,Tehama County,Tehama County,65829,5813.0,47104,25328,1022401.5,65829,2804,3457.0,24910,1522.0,14,1.0,11671.0,0.08830454662838566,0.04259520879855383,0.7155508970210698,0.38475443953272875,15.531171672059427,0.13877960658370134,0.061099959855479724,0.17729268255632016,CA
06105,California,Trinity County,Trinity County,16112,9021.0,11707,0,361260.4,16112,1765,619.0,6290,308.0,4,2.0,9021.0,0.5598932472691162,0.10954568023833168,0.7266012909632572,0.0,22.42182224428997,0.09841017488076312,0.04896661367249602,0.5598932472691162,CA
06107,California,Tulare County,Tulare County,473117,28731.0,335591,367185,8492905.1,473117,12115,34511.0,141987,6487.0,103,6.0,61902.0,0.060727050602705036,0.025606773800138233,0.7093192592952695,0.7760976671732362,17.950961601464332,0.2430574630071767,0.04568728122997176,0.13083867204095392,CA
06109,California,Tuolumne County,Tuolumne County,55620,0.0,19588,18318,575411.5,52886,6059,2662.0,22711,1176.0,18,0.0,5393.0,0.0,0.10893563466379,0.3521754764473211,0.32934196332254584,10.88022349960292,0.11721192373739597,0.05178107524987891,0.09696152463142754,CA
06111,California,Ventura County,Ventura County,843843,6248.0,233784,779400,7849843.8,843843,73310,23939.0,279715,11599.0,189,2.0,23542.0,0.0074042209273526,0.08687635022154595,0.27704679661975035,0.923631528613735,9.302493236301066,0.08558354038932485,0.04146720769354521,0.027898554588946047,CA
06113,California,Yolo County,Yolo County,216403,14405.0,97810,191163,3873867.0,216403,14487,10072.0,76594,5841.0,53,2.0,28079.0,0.06656562062448303,0.06694454328267169,0.4519807950906411,0.8833657574063206,17.901170501333162,0.13149855080032377,0.07625923701595425,0.12975328438145498,CA
06115,California,Yuba County,Yuba County,81575,0.0,41216,59489,1173344.7,81575,7297,5516.0,27008,1820.0,19,0.0,5938.0,0.0,0.08945142506895495,0.5052528348145878,0.7292552865461231,14.383631014403923,0.20423578199052134,0.06738744075829384,0.0727919092859332,CA
08001,Colorado,Adams County,Adams County,519572,0.0,251496,495726,5210284.7,519572,21669,19524.0,178525,8800.0,107,0.0,26713.0,0.0,0.04170548066485492,0.4840445597530275,0.954104532191881,10.028032111045246,0.1093628343369276,0.04929281613219437,0.05141347108774145,CO
08003,Colorado,Alamosa County,Alamosa County,16376,0.0,16376,12043,277606.4,16376,768,1900.0,6377,524.0,5,0.0,9350.0,0.0,0.04689789936492428,1.0,0.7354054714215926,16.952027357107966,0.29794574251215306,0.082170299513878,0.5709574987787005,CO
08005,Colorado,Arapahoe County,Arapahoe County,655070,8318.0,239118,642808,5613443.2,655070,35856,19911.0,250206,13756.0,161,2.0,41054.0,0.01269787961591891,0.05473613506953456,0.36502663837452487,0.9812813897751386,8.56922649487841,0.07957842737584231,0.054978697553216146,0.06267116491367335,CO
08007,Colorado,Archuleta County,Archuleta County,13359,1431.0,5162,4308,106157.4,13359,2875,409.0,5792,214.0,5,1.0,5162.0,0.1071187963170896,0.21521071936522196,0.38640616812635675,0.32247922748708735,7.946507972153604,0.0706146408839779,0.0369475138121547,0.38640616812635675,CO
08009,Colorado,Baca County,Baca County,3506,1588.0,3506,0,86990.0,3506,996,353.0,1575,91.0,2,1.0,1588.0,0.452937820878494,0.2840844266970907,1.0,0.0,24.811751283513978,0.22412698412698412,0.057777777777777775,0.452937820878494,CO
08011,Colorado,Bent County,Bent County,5650,0.0,5650,0,163194.4,5650,258,402.0,1805,58.0,2,0.0,0.0,0.0,0.04566371681415929,1.0,0.0,28.88396460176991,0.2227146814404432,0.03213296398891967,0.0,CO
08013,Colorado,Boulder County,Boulder County,330758,0.0,81622,287010,3817476.7,330758,41004,8034.0,132551,7080.0,78,0.0,9985.0,0.0,0.12396979060219254,0.24677256483592233,0.8677341137629324,11.541600505505537,0.06061063288847312,0.053413403142941206,0.0301882342981878,CO
08014,Colorado,Broomfield County,Broomfield County,74112,0.0,2008,74112,455650.8,74112,12252,1212.0,29682,1197.0,24,0.0,2008.0,0.0,0.16531735751295337,0.02709412780656304,1.0,6.1481379533678755,0.040832827976551446,0.040327471194663435,0.02709412780656304,CO
08015,Colorado,Chaffee County,Chaffee County,19476,3771.0,6326,6326,163618.7,19476,3009,695.0,8411,163.0,6,1.0,3771.0,0.19362292051756008,0.15449784349969192,0.324810022591908,0.324810022591908,8.401042308482236,0.08262988943050767,0.019379384139816908,0.19362292051756008,CO
08017,Colorado,Cheyenne County,Cheyenne County,1748,0.0,1748,0,14333.599999999999,1748,443,69.0,745,2.0,1,0.0,1748.0,0.0,0.2534324942791762,1.0,0.0,8.2,0.09261744966442953,0.0026845637583892616,1.0,CO
08019,Colorado,Clear Creek County,Clear Creek County,9397,0.0,4338,0,58477.799999999996,9397,0,281.0,4391,206.0,4,0.0,0.0,0.0,0.0,0.4616366925614558,0.0,6.223028626157284,0.0639945342746527,0.04691414256433614,0.0,CO
08021,Colorado,Conejos County,Conejos County,7461,4104.0,7461,0,87256.79999999999,7461,1043,514.0,2896,152.0,2,1.0,4104.0,0.5500603136308806,0.13979359335209757,1.0,0.0,11.69505428226779,0.17748618784530387,0.052486187845303865,0.5500603136308806,CO
08023,Colorado,Costilla County,Costilla County,3499,0.0,3499,0,74394.70000000001,3499,389,481.0,1594,89.0,2,0.0,0.0,0.0,0.11117462132037725,1.0,0.0,21.26170334381252,0.30175658720200754,0.055834378920953574,0.0,CO
08025,Colorado,Crowley County,Crowley County,5922,0.0,5922,0,118926.8,5922,155,300.0,1317,63.0,2,0.0,0.0,0.0,0.026173590003377236,1.0,0.0,20.082201958797704,0.22779043280182232,0.04783599088838269,0.0,CO
08027,Colorado,Custer County,Custer County,4704,2282.0,4704,0,58664.2,4704,682,204.0,2219,120.0,2,1.0,4704.0,0.4851190476190476,0.14498299319727892,1.0,0.0,12.471130952380951,0.09193330328977016,0.054078413699864804,1.0,CO
08029,Colorado,Delta County,Delta County,31196,0.0,31196,0,441991.7,31196,304,1467.0,13075,659.0,9,0.0,2246.0,0.0,0.009744839081933581,1.0,0.0,14.168217079112708,0.11219885277246654,0.05040152963671128,0.0719964097961277,CO
08031,Colorado,Denver County,Denver County,715522,7855.0,252089,715522,8129308.2,715513,17450,29550.0,317326,34584.0,178,1.0,17110.0,0.010977999278848169,0.024387789613736544,0.3523148135207583,1.0,11.361510133288983,0.09312189987583747,0.10898571185468572,0.023912612051062022,CO
08033,Colorado,Dolores County,Dolores County,2326,2326.0,2326,0,50241.600000000006,2326,724,93.0,932,89.0,1,1.0,2326.0,1.0,0.3112639724849527,1.0,0.0,21.6,0.09978540772532189,0.09549356223175966,1.0,CO
08035,Colorado,Douglas County,Douglas County,357978,0.0,4074,280679,1332209.0,357978,73833,2951.0,129862,3414.0,72,0.0,4074.0,0.0,0.20625010475504083,0.011380587633876942,0.7840677360061232,3.721482884423065,0.022724122530070383,0.02628944571930203,0.011380587633876942,CO
08037,Colorado,Eagle County,Eagle County,55731,1664.0,4608,26000,481349.6,55731,12731,833.0,20760,1174.0,16,1.0,1664.0,0.02985770935386051,0.2284365972259604,0.08268288744145987,0.4665267086540704,8.637017099998205,0.0401252408477842,0.05655105973025048,0.02985770935386051,CO
08039,Colorado,Elbert County,Elbert County,26062,2019.0,2019,0,139870.8,26062,2565,393.0,9376,133.0,7,1.0,2019.0,0.07746911211725885,0.09841915432430358,0.07746911211725885,0.0,5.366848284859182,0.04191552901023891,0.014185153583617747,0.07746911211725885,CO
08041,Colorado,El Paso County,El Paso County,730395,21568.0,270245,594909,6398255.2,730395,59190,26900.0,272683,11142.0,167,5.0,89784.0,0.029529227335893592,0.0810383422668556,0.3699984255094846,0.8145031113301706,8.759993154389063,0.09864934741072967,0.04086063304276394,0.1229252664654057,CO
08043,Colorado,Fremont County,Fremont County,48939,18773.0,37405,26914,557410.8,41842,7475,2878.0,17871,817.0,15,4.0,20994.0,0.38359999182655957,0.1527411675759619,0.7643188459102147,0.5499499376775169,13.321801061134746,0.161043030608248,0.04571652397739354,0.42898301967755775,CO
08045,Colorado,Garfield County,Garfield County,61685,7284.0,13686,36188,509056.9,61685,13529,1868.0,22364,1212.0,12,1.0,13686.0,0.1180838129204831,0.21932398476128717,0.22186917402934261,0.5866580205884737,8.25252330388263,0.08352709712037203,0.05419424074405294,0.22186917402934261,CO
08047,Colorado,Gilpin County,Gilpin County,5808,0.0,0,0,65755.2,5808,0,278.0,2608,165.0,2,0.0,0.0,0.0,0.0,0.0,0.0,11.321487603305785,0.10659509202453987,0.06326687116564417,0.0,CO
08049,Colorado,Grand County,Grand County,15717,0.0,0,3719,118972.4,15717,2107,228.0,7006,105.0,6,0.0,0.0,0.0,0.13405866259464275,0.0,0.2366227651587453,7.569663421772603,0.0325435341136169,0.014987153868113046,0.0,CO
08051,Colorado,Gunnison County,Gunnison County,16918,0.0,2888,6786,191631.2,16918,1843,648.0,7135,200.0,6,0.0,0.0,0.0,0.10893722662253222,0.17070575718169997,0.4011112424636482,11.327059936162668,0.09081990189208129,0.02803083391730904,0.0,CO
08053,Colorado,Hinsdale County,Hinsdale County,788,0.0,788,0,3230.7999999999997,788,211,63.0,375,8.0,1,0.0,0.0,0.0,0.26776649746192893,1.0,0.0,4.1,0.168,0.021333333333333333,0.0,CO
08055,Colorado,Huerfano County,Huerfano County,6820,3572.0,6820,0,116970.4,6820,1278,589.0,3195,100.0,3,2.0,3572.0,0.5237536656891496,0.18739002932551319,1.0,0.0,17.151085043988267,0.18435054773082943,0.03129890453834116,0.5237536656891496,CO
08057,Colorado,Jackson County,Jackson County,1379,1379.0,1379,0,20133.399999999998,1379,626,103.0,656,21.0,1,1.0,1379.0,1.0,0.45395213923132705,1.0,0.0,14.599999999999998,0.15701219512195122,0.03201219512195122,1.0,CO
08059,Colorado,Jefferson County,Jefferson County,582910,4466.0,110578,505294,3903894.3,581784,32085,13200.0,237676,9632.0,146,1.0,13150.0,0.007661560103618055,0.055042802490950574,0.1896999536806711,0.8668473692336724,6.710212553112495,0.055537790942291186,0.04052575775425369,0.02255922869739754,CO
08061,Colorado,Kiowa County,Kiowa County,1446,1446.0,1446,0,17062.8,1446,740,92.0,581,18.0,1,1.0,1446.0,1.0,0.5117565698478561,1.0,0.0,11.799999999999999,0.15834767641996558,0.03098106712564544,1.0,CO
08063,Colorado,Kit Carson County,Kit Carson County,7087,7087.0,7087,0,69569.3,7087,1346,304.0,2893,171.0,2,2.0,7087.0,1.0,0.18992521518272895,1.0,0.0,9.816466770142515,0.10508123055651573,0.059108192188040094,1.0,CO
08065,Colorado,Lake County,Lake County,7436,0.0,0,3257,55619.6,7436,588,231.0,3075,124.0,3,0.0,0.0,0.0,0.07907477138246369,0.0,0.43800430338891877,7.4797740720817645,0.07512195121951219,0.040325203252032524,0.0,CO
08067,Colorado,La Plata County,La Plata County,55638,2702.0,11964,19202,652176.6,55638,8157,2125.0,23487,664.0,12,1.0,8087.0,0.04856393112620871,0.14660843308530142,0.21503289118947483,0.34512383622703907,11.721783673029224,0.09047558223698215,0.028270958402520543,0.14535030015457062,CO
08069,Colorado,Larimer County,Larimer County,359066,6726.0,108276,276812,4363385.5,359066,38532,11813.0,144360,5572.0,86,2.0,30363.0,0.018731932290999426,0.10731174770097976,0.3015490188433324,0.7709223373975815,12.152043078431264,0.08183014685508451,0.038597949570518146,0.0845610556276562,CO
08071,Colorado,Las Animas County,Las Animas County,14555,2553.0,14555,3929,272737.89999999997,14555,2312,1323.0,6373,463.0,6,1.0,8496.0,0.17540364136035727,0.15884575747165922,1.0,0.26994160082445895,18.73843352799725,0.20759453946336107,0.07265024321355719,0.5837169357609069,CO
08073,Colorado,Lincoln County,Lincoln County,5675,2180.0,5675,0,52587.0,5675,1995,243.0,1980,97.0,2,1.0,2180.0,0.3841409691629956,0.3515418502202643,1.0,0.0,9.266431718061675,0.12272727272727273,0.04898989898989899,0.3841409691629956,CO
08075,Colorado,Logan County,Logan County,21528,5164.0,18674,11344,334334.8,21528,2757,1478.0,7919,570.0,7,2.0,7314.0,0.23987365291713117,0.12806577480490525,0.8674284652545522,0.5269416573764399,15.530230397621702,0.18663972723828767,0.07197878520015154,0.33974358974358976,CO
08077,Colorado,Mesa County,Mesa County,155703,5652.0,92177,133255,1713053.2,155703,17815,7468.0,63133,3952.0,33,1.0,64730.0,0.036299878615055584,0.11441654945633674,0.5920052921266771,0.8558280829528012,11.002056479322812,0.11828995929228771,0.06259800738124277,0.41572737840632484,CO
08079,Colorado,Mineral County,Mineral County,865,0.0,865,0,8650.0,865,138,30.0,424,14.0,1,0.0,0.0,0.0,0.15953757225433526,1.0,0.0,10.0,0.07075471698113207,0.0330188679245283,0.0,CO
08081,Colorado,Moffat County,Moffat County,13292,0.0,8643,8643,112413.90000000001,13292,931,645.0,5352,250.0,4,0.0,4183.0,0.0,0.07004213060487512,0.6502407463135721,0.6502407463135721,8.45726000601866,0.12051569506726457,0.04671150971599402,0.3147005717724947,CO
08083,Colorado,Montezuma County,Montezuma County,25849,4849.0,23031,7261,335877.8,25849,2924,1336.0,10806,558.0,8,2.0,4849.0,0.18758946187473402,0.11311849587991799,0.8909822430268095,0.280900615110836,12.993841154396687,0.12363501758282436,0.051637978900610775,0.18758946187473402,CO
08085,Colorado,Montrose County,Montrose County,42679,10461.0,30688,22034,487266.0,42679,6790,2023.0,17482,644.0,12,2.0,14273.0,0.24510883572717262,0.159094636706577,0.7190421518779728,0.5162726399400174,11.41699664940603,0.11571902528314838,0.036837890401555884,0.33442676726258813,CO
08087,Colorado,Morgan County,Morgan County,29111,8210.0,25691,21250,419816.6,29111,5700,1771.0,10519,720.0,8,2.0,16728.0,0.2820239771907526,0.1958022740544811,0.8825186355673114,0.7299646181855656,14.421235958915872,0.16836201159806066,0.06844757106188801,0.5746281474356773,CO
08089,Colorado,Otero County,Otero County,18690,5023.0,18690,5023,407834.39999999997,18690,753,1654.0,7676,576.0,7,1.0,5023.0,0.2687533440342429,0.04028892455858748,1.0,0.2687533440342429,21.82099518459069,0.21547681083897863,0.07503908285565399,0.2687533440342429,CO
08091,Colorado,Ouray County,Ouray County,4874,0.0,0,0,21113.5,4874,263,102.0,2297,34.0,2,0.0,0.0,0.0,0.05395978662289701,0.0,0.0,4.3318629462453835,0.04440574662603396,0.014801915542011318,0.0,CO
08093,Colorado,Park County,Park County,17390,2483.0,2483,0,86351.6,17390,2838,334.0,7810,233.0,6,1.0,2483.0,0.14278320874065556,0.16319723979298448,0.14278320874065556,0.0,4.965589419206441,0.04276568501920615,0.029833546734955186,0.14278320874065556,CO
08095,Colorado,Phillips County,Phillips County,4530,0.0,1456,0,76233.0,4530,111,220.0,1814,106.0,2,0.0,0.0,0.0,0.024503311258278145,0.32141280353200885,0.0,16.82847682119205,0.12127894156560089,0.05843439911797133,0.0,CO
08097,Colorado,Pitkin County,Pitkin County,17358,0.0,0,8380,138160.9,17358,2865,250.0,8027,366.0,6,0.0,0.0,0.0,0.16505357760110612,0.0,0.48277451319276415,7.959494181357299,0.031144886009717203,0.045596113118225985,0.0,CO
08099,Colorado,Prowers County,Prowers County,11999,1931.0,11999,7237,218491.3,11999,1333,951.0,4730,332.0,5,1.0,6720.0,0.16093007750645888,0.1110925910492541,1.0,0.6031335944662055,18.20912576048004,0.20105708245243128,0.07019027484143764,0.5600466705558796,CO
08101,Colorado,Pueblo County,Pueblo County,168162,9064.0,114873,146167,2603855.2,168162,23834,13495.0,67095,4728.0,58,3.0,24496.0,0.05390040556130398,0.14173237711254624,0.6831091447532737,0.869203506142886,15.484206895731498,0.2011327222594828,0.07046724793203667,0.1456690572186344,CO
08103,Colorado,Rio Blanco County,Rio Blanco County,6529,3840.0,6529,0,55577.9,6529,1010,388.0,2592,111.0,2,1.0,3840.0,0.5881451983458417,0.1546944401899219,1.0,0.0,8.512467452902435,0.14969135802469136,0.04282407407407408,0.5881451983458417,CO
08105,Colorado,Rio Grande County,Rio Grande County,11539,0.0,9366,0,212513.8,11539,167,874.0,4789,371.0,4,0.0,0.0,0.0,0.014472657942629344,0.8116821215009966,0.0,18.417003206517027,0.18250156608895385,0.07746920025057423,0.0,CO
08107,Colorado,Routt County,Routt County,24829,3960.0,3960,12292,128096.3,24829,8673,575.0,10388,192.0,10,1.0,3960.0,0.15949091787828748,0.3493092754440372,0.15949091787828748,0.4950662531716944,5.159140521164767,0.05535232961108972,0.018482864844050827,0.15949091787828748,CO
08109,Colorado,Saguache County,Saguache County,6368,3601.0,6368,0,113376.9,6368,955,819.0,2835,126.0,2,1.0,3601.0,0.5654836683417085,0.14996859296482412,1.0,0.0,17.804161432160804,0.28888888888888886,0.044444444444444446,0.5654836683417085,CO
08111,Colorado,San Juan County,San Juan County,705,0.0,705,0,15016.5,705,61,34.0,369,10.0,1,0.0,0.0,0.0,0.08652482269503546,1.0,0.0,21.3,0.0921409214092141,0.02710027100271003,0.0,CO
08113,Colorado,San Miguel County,San Miguel County,8072,0.0,1517,4221,59029.7,8072,517,167.0,3597,596.0,4,0.0,0.0,0.0,0.06404856293359762,0.18793359762140732,0.5229187314172448,7.312896432111001,0.04642757853767028,0.16569363358354183,0.0,CO
08115,Colorado,Sedgwick County,Sedgwick County,2404,0.0,2404,0,31252.0,2404,358,192.0,1086,46.0,1,0.0,0.0,0.0,0.14891846921797006,1.0,0.0,13.0,0.17679558011049723,0.0423572744014733,0.0,CO
08117,Colorado,Summit County,Summit County,31055,0.0,1536,16271,241828.5,31055,5816,213.0,12939,275.0,12,0.0,0.0,0.0,0.187280631138303,0.04946063435839639,0.5239413943004347,7.787103526002254,0.016461859494551357,0.02125357446479635,0.0,CO
08119,Colorado,Teller County,Teller County,24710,0.0,8826,10272,183264.2,24710,3758,1298.0,10621,370.0,8,0.0,0.0,0.0,0.15208417644678268,0.3571833265884257,0.41570214488061513,7.416600566572239,0.12221071462197533,0.034836644383768,0.0,CO
08121,Colorado,Washington County,Washington County,4817,2082.0,2082,0,38556.8,4817,2265,230.0,1933,107.0,2,1.0,2082.0,0.432219223583143,0.47020967407099856,0.432219223583143,0.0,8.00431804027403,0.11898603207449561,0.0553543714433523,0.432219223583143,CO
08123,Colorado,Weld County,Weld County,328981,10638.0,104385,235263,3339646.2,327434,37027,11355.0,113995,4443.0,83,3.0,32773.0,0.03233621394548621,0.11255057282943391,0.31729795945662514,0.7151264054763041,10.199448438463936,0.09960963200140358,0.03897539365761656,0.09961973487830604,CO
08125,Colorado,Yuma County,Yuma County,9988,5290.0,5290,0,173466.4,9988,3174,541.0,3852,221.0,2,1.0,5290.0,0.5296355626752103,0.31778133760512617,0.5296355626752103,0.0,17.367480977172608,0.1404465212876428,0.05737279335410177,0.5296355626752103,CO
09001,Connecticut,Fairfield County,Western Connecticut Planning Region,957419,11638.0,336100,891525,8713556.1,957419,199439,33341.0,354084,28515.0,226,3.0,24448.0,0.012155597497020635,0.20830900577490105,0.3510479737711493,0.9311753788048911,9.101089596091157,0.09416127246642039,0.08053173823160606,0.025535319436944537,CT
09003,Connecticut,Hartford County,Northwest Hills Planning Region,899498,17271.0,304030,830375,9586089.0,898609,123369,50808.0,362021,37603.0,235,4.0,33090.0,0.019200709729204513,0.13715316765573687,0.3379996397990879,0.9231538035659891,10.667697519165733,0.14034544957336728,0.10386966501943258,0.03678718574138019,CT
09005,Connecticut,Litchfield County,Western Connecticut Planning Region,185186,15095.0,52804,96131,1484153.1,185186,24188,6463.0,77502,3988.0,52,4.0,28192.0,0.08151264134437808,0.1306146252956487,0.28514034538248034,0.5191051159374899,8.014391476677503,0.08339139635106191,0.0514567366003458,0.1522361301610273,CT
09007,Connecticut,Middlesex County,Lower Connecticut River Valley Planning Region,164245,6455.0,17714,118210,1200394.2,164245,41853,4971.0,68685,3936.0,40,1.0,10026.0,0.03930104417181649,0.2548205424822673,0.10785107613625985,0.7197174952053335,7.308558555816006,0.07237388075999127,0.05730508844725923,0.06104295412341319,CT
09009,Connecticut,New Haven County,Naugatuck Valley Planning Region,864835,4869.0,325968,816774,10418777.2,864835,135965,50677.0,343437,38689.0,198,1.0,34040.0,0.005629975660097012,0.15721496007909022,0.37691351529482503,0.9444275497638278,12.047127139859047,0.14755835859269678,0.11265239330648708,0.03936010915376922,CT
09011,Connecticut,New London County,Lower Connecticut River Valley Planning Region,268555,5398.0,88554,169024,2612427.9,266732,34503,11865.0,109572,7586.0,66,1.0,50985.0,0.020100165701625365,0.12847647595464617,0.3297425108450783,0.6293831803541174,9.794205044764032,0.10828496331179499,0.06923301573394663,0.1898493790843589,CT
09013,Connecticut,Tolland County,Capitol Planning Region,149788,5349.0,37547,62416,1816517.2999999998,148488,13698,4481.0,56894,2705.0,32,1.0,15726.0,0.03571047079872887,0.09144924827088953,0.2506676102224477,0.4166955964429727,12.233428290501589,0.07876050198614969,0.04754455654374802,0.1049883835821294,CT
09015,Connecticut,Windham County,Southeastern Connecticut Planning Region,116418,14560.0,49745,48092,1222434.7,116418,6197,6874.0,45874,2926.0,30,3.0,30510.0,0.12506657046161246,0.05323060007902558,0.4272964661822055,0.4130976309505403,10.500392550980088,0.14984522823385796,0.06378340672276235,0.26207287532855744,CT
10001,Delaware,Kent County,Kent County,181851,10364.0,63513,128584,1973139.3,181743,34359,9815.0,68290,4699.0,41,2.0,36669.0,0.05699171299580426,0.18894039625847533,0.3492584588481779,0.7070843712709856,10.856755418365495,0.14372528920779032,0.06880948894420852,0.20164310341983271,DE
10003,Delaware,New Castle County,New Castle County,570719,12662.0,209566,520570,6145607.7,570719,54330,22077.0,219571,16736.0,144,3.0,52747.0,0.02218604952700015,0.09519570927198849,0.36719646621191865,0.9121301375983628,10.768184868560535,0.1005460648264115,0.0762213589226264,0.09242201503717241,DE
10005,Delaware,Sussex County,Sussex County,237378,32847.0,88835,108863,2589128.4,237377,39924,11267.0,98514,3532.0,74,9.0,43737.0,0.13837423855622677,0.16818744786795745,0.3742343435364693,0.45860610503079474,10.907242066417554,0.11436953123413932,0.03585277219481495,0.1842504360134469,DE
11001,District of Columbia,District of Columbia,District of Columbia,689545,0.0,251027,689545,11212507.6,689545,3635,46408.0,312448,116851.0,206,0.0,5419.0,0.0,0.005271592136843861,0.3640473065572225,1.0,16.260733672204132,0.14853031544448997,0.3739854311757476,0.007858805444169706,DC
12001,Florida,Alachua County,Alachua County,278468,10008.0,131240,217496,6320291.0,278468,34429,10714.0,112723,9860.0,58,2.0,56874.0,0.03593949753652125,0.12363718631943348,0.4712929313242455,0.7810448597325366,22.69665096169039,0.09504715098072265,0.08747105737072293,0.20423890716348017,FL
12003,Florida,Baker County,Baker County,28259,0.0,7491,7579,363576.6,28259,1849,1535.0,9087,439.0,4,0.0,0.0,0.0,0.06543048232421529,0.26508369015181005,0.26819774231218374,12.865869280583176,0.16892263673379554,0.04831077363266204,0.0,FL
12005,Florida,Bay County,Bay County,175216,0.0,38340,136845,2136272.7,175216,7135,9924.0,70134,3366.0,49,0.0,0.0,0.0,0.0407211670167108,0.21881563327549997,0.7810074422427176,12.192223883663594,0.1415005560783643,0.04799384036273419,0.0,FL
12007,Florida,Bradford County,Bradford County,28303,5697.0,13516,5697,471869.8,28303,2043,1603.0,9462,572.0,6,1.0,5697.0,0.20128608274741194,0.07218316079567537,0.47754654983570644,0.20128608274741194,16.672077164964843,0.1694145001056859,0.060452335658423166,0.20128608274741194,FL
12009,Florida,Brevard County,Brevard County,606612,14868.0,157373,551285,6299918.9,606566,69784,24283.0,257026,12735.0,147,4.0,67694.0,0.024509900892168306,0.11503893757459463,0.2594294211126717,0.9087934297376247,10.386205128543308,0.09447682335639196,0.049547516593652,0.11159357216804151,FL
12011,Florida,Broward County,Broward County,1944375,0.0,569344,1944372,23733974.5,1944375,96068,99630.0,756657,51031.0,416,0.0,109221.0,0.0,0.04940816457730633,0.29281594342655093,0.9999984570877531,12.206479974284797,0.13167128566840722,0.0674427118231907,0.056172806171648985,FL
12013,Florida,Calhoun County,Calhoun County,13648,0.0,13648,0,298805.9,13648,52,929.0,4784,266.0,4,0.0,0.0,0.0,0.0038100820633059787,1.0,0.0,21.89375,0.19418896321070234,0.05560200668896321,0.0,FL
12015,Florida,Charlotte County,Charlotte County,186847,30485.0,57296,170080,1674126.3,186847,55980,6585.0,85846,4066.0,46,7.0,45455.0,0.16315488073129353,0.2996034188400135,0.30664661460981446,0.9102634776046712,8.959877867988247,0.07670712671528085,0.04736388416466696,0.24327390859901415,FL
12017,Florida,Citrus County,Citrus County,153843,39428.0,78015,106839,2389633.6,153843,52758,8574.0,69438,3079.0,41,9.0,47810.0,0.2562872538887047,0.34293403014761803,0.5071078957118621,0.6944677365886001,15.532936825204917,0.12347705867104468,0.044341714911143755,0.3107713708131017,FL
12019,Florida,Clay County,Clay County,218245,8684.0,48848,175151,2051868.4,218245,49112,7240.0,78939,3002.0,45,2.0,8684.0,0.039790144104103184,0.22503150129441682,0.22382185158881074,0.8025430135856492,9.401674265160713,0.09171638860385868,0.03802936444596461,0.039790144104103184,FL
12021,Florida,Collier County,Collier County,375752,9883.0,107200,319238,4003323.7,375752,75583,9273.0,157921,7582.0,108,2.0,51329.0,0.026301922544657113,0.2011512912772254,0.28529455598373393,0.8495976069322319,10.654164715024804,0.058719233034238635,0.04801134744587483,0.1366033979859056,FL
12023,Florida,Columbia County,Columbia County,69698,8302.0,40778,18365,1181221.1,69698,3552,5611.0,26424,1496.0,13,1.0,8302.0,0.11911389135986686,0.05096272489884932,0.5850670033573416,0.2634939309592815,16.947704381761316,0.21234483802603693,0.0566151983045716,0.11911389135986686,FL
12027,Florida,DeSoto County,DeSoto County,33976,10176.0,30621,13416,817299.2,33976,3105,2870.0,11941,960.0,9,2.0,15482.0,0.29950553331763596,0.09138803861549329,0.9012538262302802,0.3948669649164116,24.05519190016482,0.24034837953270247,0.08039527677748932,0.4556745938309395,FL
12029,Florida,Dixie County,Dixie County,16759,0.0,14610,0,358575.7,16759,0,1075.0,6248,193.0,5,0.0,0.0,0.0,0.0,0.871770392028164,0.0,21.396008115042665,0.1720550576184379,0.0308898847631242,0.0,FL
12031,Florida,Duval County,Duval County,995567,18728.0,449082,940038,14445085.4,995567,92973,59377.0,399759,29711.0,218,3.0,133845.0,0.018811390895841263,0.0933869845022987,0.4510816449319835,0.944223743856516,14.509405595002647,0.1485319905242909,0.07432227917320186,0.13444097685037773,FL
12033,Florida,Escambia County,Escambia County,321905,5532.0,143287,297041,4766175.1,321905,33398,19304.0,128160,9094.0,78,1.0,47778.0,0.01718519438964912,0.10375110669296843,0.44512200804585206,0.9227598204439198,14.80615430018173,0.15062421972534332,0.070958177278402,0.14842267128500644,FL
12035,Florida,Flagler County,Flagler County,115378,7063.0,12057,87814,1185391.4,115378,38818,3987.0,48450,2082.0,23,1.0,7063.0,0.06121617639411326,0.33644195600547766,0.10449999133283641,0.7610983029693702,10.273981174920694,0.08229102167182663,0.04297213622291022,0.06121617639411326,FL
12037,Florida,Franklin County,Franklin County,12451,0.0,6025,0,209080.90000000002,12451,0,707.0,4947,403.0,5,0.0,0.0,0.0,0.0,0.4838968757529516,0.0,16.79229780740503,0.14291489791793005,0.08146351324034769,0.0,FL
12039,Florida,Gadsden County,Gadsden County,43826,0.0,31178,0,1245327.0,43826,0,4340.0,16806,1927.0,10,0.0,0.0,0.0,0.0,0.7114041892940264,0.0,28.41525578423767,0.2582411043674878,0.11466143044150899,0.0,FL
12041,Florida,Gilchrist County,Gilchrist County,17864,0.0,3437,0,209759.2,17864,0,1223.0,6551,479.0,5,0.0,0.0,0.0,0.0,0.19239811912225704,0.0,11.742006269592476,0.18668905510609068,0.07311860784613036,0.0,FL
12043,Florida,Glades County,Glades County,12126,0.0,8398,0,212902.4,12126,164,734.0,4250,88.0,5,0.0,0.0,0.0,0.013524657760184727,0.6925614382318984,0.0,17.55751278245093,0.17270588235294118,0.020705882352941178,0.0,FL
12045,Florida,Gulf County,Gulf County,14192,0.0,5118,0,186523.6,14192,0,714.0,5571,218.0,5,0.0,0.0,0.0,0.0,0.36062570462232246,0.0,13.142869222096957,0.12816370490037696,0.03913121522168372,0.0,FL
12047,Florida,Hamilton County,Hamilton County,14004,0.0,14004,0,263097.2,14004,78,1225.0,4690,156.0,6,0.0,0.0,0.0,0.005569837189374464,1.0,0.0,18.787289345901172,0.26119402985074625,0.03326226012793177,0.0,FL
12049,Florida,Hardee County,Hardee County,25327,4677.0,22257,8290,615953.2000000001,25327,843,2048.0,8059,495.0,8,1.0,8194.0,0.18466458719943143,0.03328463694871086,0.8787854858451455,0.32731867177320645,24.32002211079086,0.2541258220622906,0.06142201265665715,0.32352825048367356,FL
12051,Florida,Hendry County,Hendry County,39619,7476.0,35753,18231,887009.0,39619,2414,2575.0,12644,1142.0,10,2.0,7476.0,0.1886973421843055,0.06093036169514627,0.9024205557939372,0.4601580049976022,22.388475226532723,0.2036539069914584,0.09031951913951282,0.1886973421843055,FL
12053,Florida,Hernando County,Hernando County,194515,39417.0,83804,141889,2282233.2,194515,24277,10208.0,79773,3724.0,46,8.0,66906.0,0.20264246973241137,0.12480785543531348,0.43083566820039587,0.7294501709379739,11.73294193249878,0.12796309528286512,0.04668246148446216,0.34396319049944735,FL
12055,Florida,Highlands County,Highlands County,101235,23268.0,68005,65238,1559080.6,101235,22305,7346.0,44376,2609.0,35,8.0,25674.0,0.22984145799377687,0.22032893762038822,0.6717538400750729,0.6444213957623351,15.400608485207686,0.16553993149450152,0.05879304128357671,0.2536079419173211,FL
12057,Florida,Hillsborough County,Hillsborough County,1459762,35042.0,531730,1380359,19635718.3,1459726,153565,77704.0,559949,34103.0,333,7.0,144915.0,0.02400528305299083,0.10519865567126696,0.36425800918231876,0.945605516515706,13.451646610391265,0.13876978081932462,0.060903760878222836,0.09927303217921826,FL
12059,Florida,Holmes County,Holmes County,19653,0.0,12504,0,255619.4,19653,0,1000.0,7282,228.0,7,0.0,0.0,0.0,0.0,0.6362387421767669,0.0,13.006635119320205,0.137324910738808,0.03131007964844823,0.0,FL
12061,Florida,Indian River County,Indian River County,159788,12399.0,40989,136670,1781122.5,159788,38098,5342.0,71177,3231.0,44,2.0,20169.0,0.07759656544922022,0.23842841765339073,0.2565211405111773,0.8553208000600796,11.146785115277742,0.07505233432148026,0.04539387723562387,0.1262234961323754,FL
12063,Florida,Jackson County,Jackson County,47319,4771.0,35855,8430,920307.8,47319,2297,3234.0,17083,641.0,13,1.0,4771.0,0.10082630655761957,0.04854286861514402,0.7577294532851497,0.17815253914917897,19.449012024768063,0.18931101094655506,0.0375226833694316,0.10082630655761957,FL
12065,Florida,Jefferson County,Jefferson County,14510,0.0,5761,0,309109.2,14510,49,1184.0,5816,636.0,5,0.0,0.0,0.0,0.0033769813921433493,0.39703652653342525,0.0,21.30318401102688,0.20357634112792297,0.109353507565337,0.0,FL
12067,Florida,Lafayette County,Lafayette County,8226,0.0,8226,0,127467.59999999999,8226,0,437.0,2727,123.0,3,0.0,0.0,0.0,0.0,1.0,0.0,15.495696571845368,0.16024935826916026,0.045104510451045104,0.0,FL
12069,Florida,Lake County,Lake County,383956,14567.0,88813,263935,3410383.6999999997,383956,64987,15818.0,156923,6771.0,75,3.0,34408.0,0.0379392430382648,0.16925637312608735,0.23131035847857567,0.6874094948379502,8.882225307066435,0.10080102980442637,0.04314855056301498,0.0896144349873423,FL
12071,Florida,Lee County,Lee County,760822,61330.0,234533,706657,9343910.3,760822,145472,27154.0,318303,16377.0,222,16.0,142090.0,0.08061018214510096,0.19120372439282776,0.3082626422474639,0.9288072637226579,12.281335581778656,0.08530865244751071,0.05145097595687128,0.18675853221909988,FL
12073,Florida,Leon County,Leon County,292198,3763.0,128721,234681,5600273.7,292198,31567,14294.0,121085,8730.0,79,1.0,47825.0,0.012878253786815789,0.10803290919171248,0.4405266292034853,0.803157448031814,19.16602338140576,0.11804930420778792,0.07209811289589957,0.1636732626506684,FL
12075,Florida,Levy County,Levy County,42915,0.0,34747,0,753082.1,42915,43,3201.0,17756,970.0,12,0.0,0.0,0.0,0.0010019806594430852,0.8096702784574158,0.0,17.548225562157754,0.18027708943455734,0.05462942104077495,0.0,FL
12077,Florida,Liberty County,Liberty County,7974,0.0,1487,0,114287.6,6222,312,684.0,2491,222.0,4,0.0,0.0,0.0,0.03912716328066215,0.18648106345623275,0.0,18.36830601092896,0.2745885186672019,0.08912083500602168,0.0,FL
12079,Florida,Madison County,Madison County,17968,0.0,17968,0,397129.60000000003,17968,0,1197.0,6877,465.0,5,0.0,0.0,0.0,0.0,1.0,0.0,22.102048085485308,0.1740584557219718,0.06761669332557801,0.0,FL
12081,Florida,Manatee County,Manatee County,399710,14477.0,119559,364554,4036971.0,399710,72313,13315.0,168437,7723.0,93,4.0,21727.0,0.03621875859998499,0.1809136624052438,0.2991143579094844,0.9120462335193015,10.099749818618498,0.07905032742212222,0.04585097098618474,0.054356908758850166,FL
12083,Florida,Marion County,Marion County,375908,40366.0,157837,259402,5435112.8,375908,67198,21760.0,156906,7858.0,93,11.0,73394.0,0.1073826574587399,0.17876182470178872,0.4198819924023963,0.690067782542537,14.458624982708535,0.13868175850509223,0.05008094018074516,0.19524458112091256,FL
12085,Florida,Martin County,Martin County,158431,2435.0,34789,137199,1845148.6,158431,29555,4446.0,68750,2914.0,42,1.0,12909.0,0.015369466834142307,0.18654808717990798,0.21958455100327587,0.8659858234815156,11.646386123927767,0.06466909090909091,0.042385454545454546,0.08148026585706081,FL
12086,Florida,Miami-Dade County,Miami-Dade County,2701767,13295.0,1165539,2667426,39828792.1,2701762,95305,222489.0,967414,95885.0,706,2.0,123314.0,0.004920853648741731,0.03527506257941562,0.4313987845732071,0.9872894294733779,14.741784102374673,0.2299832336517768,0.0991147533527528,0.045641981710487986,FL
12087,Florida,Monroe County,Monroe County,82874,91.0,8176,56425,885634.6,82874,6840,2573.0,36436,2113.0,28,2.0,3022.0,0.001098052465188117,0.08253493254820571,0.09865579071844004,0.6808528609696648,10.68651929435046,0.0706169722252717,0.057992095729498296,0.03646499505273065,FL
12089,Florida,Nassau County,Nassau County,90352,0.0,14928,49640,884837.0,90352,15277,2714.0,35919,1184.0,23,0.0,0.0,0.0,0.1690831414910572,0.1652204710465734,0.5494067646537985,9.79321985124845,0.07555889640580195,0.0329630557643587,0.0,FL
12091,Florida,Okaloosa County,Okaloosa County,211668,12677.0,49312,184721,1899105.4000000001,211668,30151,6711.0,83957,3062.0,48,2.0,18681.0,0.05989096131677911,0.1424447720014362,0.23296861122134663,0.8726921405219494,8.972094978929267,0.0799337756232357,0.03647105065688388,0.08825613696921594,FL
12093,Florida,Okeechobee County,Okeechobee County,39644,5247.0,18710,19582,689555.0,39644,4808,2483.0,14433,703.0,12,2.0,13247.0,0.1323529411764706,0.12127938654020785,0.47195035818787207,0.4939461204722026,17.393678740793057,0.17203630568835307,0.04870782235155546,0.3341489254363838,FL
12095,Florida,Orange County,Orange County,1429908,43795.0,564148,1368991,18959747.7,1421662,143444,72240.0,519437,30101.0,267,6.0,239242.0,0.030627844588602904,0.10031694346769163,0.39453447354654986,0.9573979584700554,13.336325863672236,0.13907365089510373,0.05794927970090694,0.1673128620862321,FL
12097,Florida,Osceola County,Osceola County,388656,48508.0,175783,322882,5089343.2,388656,65882,24572.0,130574,6147.0,59,6.0,123810.0,0.12480960026347207,0.1695123708369355,0.45228428224445266,0.8307655098596188,13.09472438351653,0.18818447776739627,0.04707675341185841,0.3185593429665308,FL
12099,Florida,Palm Beach County,Palm Beach County,1492191,15474.0,392636,1461303,16822366.5,1487867,205613,60523.0,607880,36572.0,372,4.0,97805.0,0.010369986147885894,0.1377926820360128,0.26312717339804353,0.979300237033999,11.3063644129482,0.09956405869579522,0.060163190103309866,0.06554455830386324,FL
12101,Florida,Pasco County,Pasco County,561891,44438.0,237464,488605,6488405.6,561891,104155,25322.0,225214,11080.0,130,12.0,104216.0,0.07908651322053566,0.18536513309520886,0.42261577423379265,0.8695725683451061,11.547445323025284,0.11243528377454333,0.04919765201097623,0.18547369507609127,FL
12103,Florida,Pinellas County,Pinellas County,959107,0.0,221190,955290,11250159.5,959107,49278,36876.0,442789,29673.0,273,0.0,31488.0,0.0,0.051379043214156504,0.23062077536708625,0.9960202563426187,11.729827328963296,0.08328120165586769,0.0670138598745678,0.032830539241189984,FL
12105,Florida,Polk County,Polk County,725046,92750.0,351457,602565,10655591.3,725039,106777,42205.0,272418,15619.0,174,18.0,178803.0,0.12792291799416863,0.1472692767079606,0.4847375201021728,0.8310714078830861,14.69657673587214,0.15492735428642748,0.05733468419854782,0.24660918065888232,FL
12107,Florida,Putnam County,Putnam County,73321,12340.0,48083,19120,1714349.1,73321,2239,7110.0,29569,2138.0,17,2.0,12340.0,0.168301032446366,0.030536953942253923,0.655787564272173,0.26077112968999333,23.38142005700959,0.24045453008218065,0.07230545503737022,0.168301032446366,FL
12109,Florida,St. Johns County,St. Johns County,273425,0.0,18608,199510,1790434.0,273425,53040,4890.0,104640,3545.0,50,0.0,4638.0,0.0,0.19398372497028435,0.06805522538173174,0.7296699277681266,6.548172259303282,0.046731651376146786,0.03387805810397553,0.0169626040047545,FL
12111,Florida,St. Lucie County,St. Lucie County,329226,23645.0,101236,309796,4125990.4,329224,64758,16751.0,128997,6112.0,67,6.0,59907.0,0.07181996561632435,0.1966977091724226,0.3074969777599582,0.9409827899376112,12.532471508759993,0.12985573307906387,0.04738094684372505,0.18196314993348034,FL
12113,Florida,Santa Rosa County,Santa Rosa County,188000,4394.0,27012,135267,1662745.4,188000,32773,7071.0,69454,2440.0,36,1.0,7878.0,0.023372340425531914,0.17432446808510638,0.1436808510638298,0.7195053191489361,8.844390425531914,0.10180839116537564,0.03513116595156506,0.04190425531914894,FL
12115,Florida,Sarasota County,Sarasota County,434006,25179.0,86214,411127,3835120.8,434006,93912,11108.0,200211,8684.0,122,7.0,51140.0,0.0580153269770464,0.21638410528886698,0.19864702331304177,0.9472841389289549,8.836561706520186,0.05548146705225986,0.04337424017661367,0.11783247236213325,FL
12117,Florida,Seminole County,Seminole County,470856,11438.0,100730,452351,4245362.5,470856,60661,17186.0,182420,7284.0,89,2.0,78513.0,0.024291927893028867,0.128831319978932,0.21392952410078664,0.9606992371340707,9.01626505768218,0.09421116105690165,0.03992983225523517,0.1667452469544829,FL
12119,Florida,Sumter County,Sumter County,129752,0.0,19635,93513,1123315.1,123629,53316,4027.0,62907,2164.0,28,0.0,1202.0,0.0,0.4109069609716999,0.1513271471730686,0.7207056538627535,9.086178000307372,0.06401513345096731,0.034399987282814314,0.009263826376472039,FL
12121,Florida,Suwannee County,Suwannee County,43474,0.0,19510,0,626337.3,43474,0,2569.0,16385,953.0,11,0.0,0.0,0.0,0.0,0.4487739798500253,0.0,14.40716980264066,0.15678974671956059,0.05816295392126945,0.0,FL
12123,Florida,Taylor County,Taylor County,21796,0.0,21796,3058,383777.7,21796,627,1351.0,8138,641.0,7,0.0,3058.0,0.0,0.028766746191961828,1.0,0.14030097265553312,17.607712424298036,0.16601130498894076,0.07876628164168101,0.14030097265553312,FL
12125,Florida,Union County,Union County,16147,0.0,10849,0,315420.10000000003,16147,0,726.0,4271,87.0,4,0.0,0.0,0.0,0.0,0.6718895150802007,0.0,19.53428500650276,0.16998361039569188,0.02036993678295481,0.0,FL
12127,Florida,Volusia County,Volusia County,553543,26577.0,183985,486904,6553498.1,553543,94414,29057.0,232301,12912.0,129,6.0,52223.0,0.04801253019187308,0.17056308182020186,0.3323770691707781,0.8796136885481345,11.839185212350259,0.12508340472059956,0.05558305818743785,0.0943431675587985,FL
12129,Florida,Wakulla County,Wakulla County,33764,0.0,6568,4337,260747.5,33764,1428,1557.0,11970,409.0,8,0.0,0.0,0.0,0.04229356711290132,0.19452671484421277,0.1284504205662836,7.722648382893023,0.13007518796992482,0.0341687552213868,0.0,FL
12131,Florida,Walton County,Walton County,75305,3997.0,19028,22674,964586.3,75305,8575,3236.0,29981,1204.0,20,1.0,3997.0,0.0530774848947613,0.11387026093884868,0.25267910497310936,0.30109554478454287,12.809060487351438,0.10793502551616023,0.040158767219238854,0.0530774848947613,FL
12133,Florida,Washington County,Washington County,25318,0.0,20103,0,439301.30000000005,25318,0,1154.0,9124,267.0,7,0.0,0.0,0.0,0.0,0.7940200647760487,0.0,17.351342918082,0.12647961420429635,0.029263480929416923,0.0,FL
13001,Georgia,Appling County,Appling County,18444,0.0,16963,0,420363.5,18444,0,1406.0,7135,453.0,7,0.0,0.0,0.0,0.0,0.9197028844068532,0.0,22.791341357623075,0.19705676243868256,0.06348983882270498,0.0,GA
13003,Georgia,Atkinson County,Atkinson County,8286,0.0,6834,0,209248.19999999998,8286,2,845.0,3064,204.0,3,0.0,0.0,0.0,0.0002413709872073377,0.8247646632874729,0.0,25.253222302679216,0.2757832898172324,0.06657963446475196,0.0,GA
13005,Georgia,Bacon County,Bacon County,11140,0.0,11140,0,265009.2,11140,0,878.0,4251,325.0,3,0.0,0.0,0.0,0.0,1.0,0.0,23.788976660682227,0.20653963773229828,0.0764525993883792,0.0,GA
13007,Georgia,Baker County,Baker County,2876,0.0,2876,0,74923.6,2876,158,168.0,1187,69.0,2,0.0,940.0,0.0,0.05493741307371349,1.0,0.0,26.05132127955494,0.14153327716933445,0.05812973883740522,0.32684283727399166,GA
13009,Georgia,Baldwin County,Baldwin County,43799,3744.0,21203,22238,985064.8,43799,2248,2679.0,16511,1303.0,14,1.0,5574.0,0.08548140368501564,0.05132537272540469,0.48409781045229344,0.5077284869517569,22.490577410443162,0.1622554660529344,0.07891708557931076,0.1272631795246467,GA
13011,Georgia,Banks County,Banks County,18035,0.0,4798,0,202366.1,18035,0,618.0,6652,166.0,4,0.0,0.0,0.0,0.0,0.2660382589409482,0.0,11.220742999722761,0.09290438965724594,0.024954900781719785,0.0,GA
13013,Georgia,Barrow County,Barrow County,83505,10421.0,29405,36952,818864.9,83505,7897,2693.0,28727,961.0,18,3.0,13918.0,0.12479492245973295,0.09456918747380397,0.3521346027184001,0.4425124244057242,9.80617807316927,0.09374456086608417,0.033452849235910465,0.16667265433207593,GA
13015,Georgia,Bartow County,Bartow County,108901,6576.0,38224,57814,1140963.8,108901,10827,3559.0,40045,1087.0,28,2.0,22118.0,0.06038512043048273,0.09942057465037052,0.35099769515431445,0.5308858504513273,10.477073672418069,0.08887501560744163,0.027144462479710325,0.20310189989072644,GA
13017,Georgia,Ben Hill County,Ben Hill County,17194,8113.0,15594,11769,423770.0,17194,1601,1511.0,7074,447.0,6,2.0,11769.0,0.47185064557403744,0.09311387693381412,0.90694428288938,0.6844829591718041,24.646388274979643,0.21359909527848459,0.0631891433418151,0.6844829591718041,GA
13019,Georgia,Berrien County,Berrien County,18160,0.0,18160,0,379006.9,18160,0,1658.0,7118,239.0,6,0.0,0.0,0.0,0.0,1.0,0.0,20.870424008810573,0.23293059848271985,0.033576847429053105,0.0,GA
13021,Georgia,Bibb County,Bibb County,157346,12792.0,100761,132595,3927825.0,157346,14068,13362.0,62762,6749.0,48,3.0,36497.0,0.08129853952436032,0.08940805613107419,0.6403785288472538,0.8426969862595808,24.96297967536512,0.21289952519040184,0.10753322073866352,0.23195378338184638,GA
13023,Georgia,Bleckley County,Bleckley County,12583,0.0,5096,2491,248096.0,12583,81,1000.0,4547,365.0,4,0.0,0.0,0.0,0.0064372566160692994,0.40499086068505125,0.19796550902010648,19.716760708892952,0.21992522542335605,0.08027270727952496,0.0,GA
13025,Georgia,Brantley County,Brantley County,18021,0.0,12918,0,287801.3,18021,0,1249.0,6915,349.0,5,0.0,0.0,0.0,0.0,0.7168303645746629,0.0,15.97032906054048,0.18062183658712944,0.05046999276934201,0.0,GA
13027,Georgia,Brooks County,Brooks County,16301,0.0,12864,0,405971.6,16301,0,1251.0,6359,502.0,6,0.0,0.0,0.0,0.0,0.7891540396294706,0.0,24.904705232807803,0.1967290454473974,0.07894323006762069,0.0,GA
13029,Georgia,Bryan County,Bryan County,44738,0.0,10017,7522,314985.9,44738,0,1314.0,15445,580.0,9,0.0,0.0,0.0,0.0,0.22390361661227592,0.1681344718136707,7.040679064777147,0.08507607640012949,0.03755260602136614,0.0,GA
13031,Georgia,Bulloch County,Bulloch County,81099,0.0,51365,35356,1985815.4000000001,81099,3274,5085.0,29747,1715.0,20,0.0,10414.0,0.0,0.040370411472397935,0.6333616937323518,0.4359609859554372,24.486311791760688,0.17094160755706458,0.05765287255857734,0.1284109545123861,GA
13033,Georgia,Burke County,Burke County,24596,5100.0,21895,5100,447585.5,24596,1787,1736.0,9905,823.0,7,1.0,5100.0,0.20735078874613758,0.07265409009595056,0.8901853959993495,0.20735078874613758,18.197491462026345,0.17526501766784452,0.08308934881373044,0.20735078874613758,GA
13035,Georgia,Butts County,Butts County,25434,8483.0,17069,8483,264799.7,25434,2540,1324.0,8460,385.0,5,2.0,8483.0,0.33352992057875286,0.09986632067311473,0.6711095384131478,0.33352992057875286,10.411248722182906,0.15650118203309693,0.04550827423167849,0.33352992057875286,GA
13037,Georgia,Calhoun County,Calhoun County,5573,0.0,2813,0,108529.59999999999,5573,0,546.0,1671,170.0,2,0.0,0.0,0.0,0.0,0.5047550690830791,0.0,19.474179077696032,0.3267504488330341,0.10173548773189707,0.0,GA
13039,Georgia,Camden County,Camden County,54768,0.0,17790,15631,732343.7,54768,754,2278.0,20374,965.0,16,0.0,9612.0,0.0,0.013767163307040607,0.32482471516213846,0.2854038854805726,13.371744449313466,0.1118091685481496,0.04736428781780701,0.17550394390885188,GA
13043,Georgia,Candler County,Candler County,10981,0.0,10981,0,178758.6,10981,0,934.0,4116,149.0,3,0.0,0.0,0.0,0.0,1.0,0.0,16.278899918040253,0.22691933916423712,0.03620019436345967,0.0,GA
13045,Georgia,Carroll County,Carroll County,119148,25602.0,70436,46841,1862448.6,119148,10875,6397.0,42859,1734.0,28,5.0,40341.0,0.2148756168798469,0.0912730385738745,0.5911639305737402,0.39313291033000974,15.631387853761709,0.1492568655358268,0.04045824680930493,0.33857891026286635,GA
13047,Georgia,Catoosa County,Catoosa County,67872,0.0,11174,41810,667391.6,67872,5150,3146.0,26300,1142.0,15,0.0,7435.0,0.0,0.07587812352663838,0.16463342762847713,0.6160124941065536,9.833091702027346,0.11961977186311787,0.043422053231939164,0.10954443658651579,GA
13049,Georgia,Charlton County,Charlton County,12518,0.0,3429,0,198154.3,12518,66,1064.0,3993,294.0,3,0.0,0.0,0.0,0.005272407732864675,0.2739255472120147,0.0,15.829549448793736,0.2664663160530929,0.07362885048835462,0.0,GA
13051,Georgia,Chatham County,Chatham County,295291,9424.0,123012,267055,4356230.0,295291,38504,14265.0,118480,9143.0,87,2.0,31020.0,0.031914281166713514,0.13039340853598655,0.41657890013579824,0.9043790701375931,14.752329058454203,0.12040006752194463,0.07716914247130317,0.10504891784714061,GA
13053,Georgia,Chattahoochee County,Chattahoochee County,9565,4569.0,7147,6752,105540.9,9330,5365,419.0,2625,56.0,5,2.0,4569.0,0.47767903815995816,0.5608991113434396,0.7472033455305802,0.7059069524307371,11.311993569131833,0.15961904761904763,0.021333333333333333,0.47767903815995816,GA
13055,Georgia,Chattooga County,Chattooga County,24965,3575.0,19550,6899,513828.7,24965,1133,1724.0,9520,700.0,9,1.0,6899.0,0.1432004806729421,0.045383536951732424,0.7830963348688164,0.27634688563989585,20.581962747846987,0.1810924369747899,0.07352941176470588,0.27634688563989585,GA
13057,Georgia,Cherokee County,Cherokee County,266620,8476.0,36494,203177,1835500.6,266620,66076,3534.0,95916,2400.0,56,2.0,21672.0,0.031790563348586,0.24782836996474383,0.13687645337934137,0.7620471082439427,6.884332008101418,0.03684473914675341,0.025021894157387713,0.08128422473932938,GA
13059,Georgia,Clarke County,Clarke County,128671,5532.0,73546,112051,3587341.8,128671,14406,5127.0,51641,3441.0,34,1.0,10543.0,0.042993370689588174,0.11195995989772366,0.5715817861056492,0.8708333657156624,27.87995585640898,0.09928157859065471,0.0666331016053136,0.0819376549494447,GA
13061,Georgia,Clay County,Clay County,2848,0.0,2848,0,59808.0,2848,10,322.0,1250,104.0,1,0.0,0.0,0.0,0.0035112359550561797,1.0,0.0,21.0,0.2576,0.0832,0.0,GA
13063,Georgia,Clayton County,Clayton County,297595,47744.0,235053,297595,5325414.5,297595,38519,20461.0,106200,7486.0,70,10.0,131936.0,0.16043280297048002,0.12943429829130193,0.7898418992254574,1.0,17.894838622960734,0.1926647834274953,0.07048964218455744,0.44334078193518034,GA
13065,Georgia,Clinch County,Clinch County,6749,0.0,6749,0,175867.7,6749,59,616.0,2587,354.0,2,0.0,0.0,0.0,0.008742035857164024,1.0,0.0,26.058334568084163,0.23811364514882102,0.13683803633552377,0.0,GA
13067,Georgia,Cobb County,Cobb County,766149,11011.0,177273,766149,6658974.9,766149,148751,18374.0,291639,11512.0,186,2.0,105265.0,0.014371878055051955,0.1941541397300003,0.2313818852468645,1.0,8.691488078689655,0.06300254767023615,0.039473458625218165,0.13739494536963437,GA
13069,Georgia,Coffee County,Coffee County,43092,0.0,35148,6839,1041011.3999999999,43092,409,3067.0,15277,1056.0,12,0.0,6839.0,0.0,0.009491320894829666,0.8156502367028683,0.1587069525666017,24.15788081314397,0.20075931138312497,0.06912351901551352,0.1587069525666017,GA
13071,Georgia,Colquitt County,Colquitt County,45898,8178.0,31564,18888,1046863.5,45898,3119,3304.0,17172,1040.0,15,2.0,8178.0,0.17817769837465686,0.06795503072029282,0.6876988104056821,0.4115211991807922,22.808477493572706,0.19240624272070814,0.0605637083624505,0.17817769837465686,GA
13073,Georgia,Columbia County,Columbia County,156010,8535.0,11354,128805,1169897.3,156010,41684,3669.0,55449,1710.0,25,1.0,8535.0,0.05470803153643997,0.2671880007691815,0.07277738606499583,0.8256201525543234,7.498860970450613,0.06616891197316453,0.030839149488719363,0.05470803153643997,GA
13075,Georgia,Cook County,Cook County,17229,0.0,15195,0,315043.1,17229,0,964.0,6432,326.0,5,0.0,0.0,0.0,0.0,0.8819432352429044,0.0,18.285628881536944,0.14987562189054726,0.05068407960199005,0.0,GA
13077,Georgia,Coweta County,Coweta County,146158,3773.0,30960,73434,1118514.1,146158,21351,3861.0,53596,1774.0,27,1.0,16165.0,0.025814529481793674,0.1460816376797712,0.21182555864201755,0.502428878337142,7.652773710641909,0.07203895813120383,0.03309948503619673,0.1105994882250715,GA
13079,Georgia,Crawford County,Crawford County,12130,0.0,3271,0,143032.3,12130,0,640.0,4679,203.0,3,0.0,0.0,0.0,0.0,0.2696619950535861,0.0,11.79161582852432,0.13678136353921777,0.04338533874759564,0.0,GA
13081,Georgia,Crisp County,Crisp County,20128,5029.0,17081,5029,474654.5,20128,1273,2125.0,8346,1241.0,6,1.0,5029.0,0.24985095389507153,0.06324523052464229,0.8486188394276629,0.24985095389507153,23.581801470588236,0.25461298825784806,0.14869398514258328,0.24985095389507153,GA
13083,Georgia,Dade County,Dade County,16251,0.0,8272,0,131557.40000000002,16251,0,640.0,6354,168.0,5,0.0,0.0,0.0,0.0,0.5090148298566242,0.0,8.095341825118457,0.10072395341517154,0.02644003777148253,0.0,GA
13085,Georgia,Dawson County,Dawson County,26798,0.0,0,3930,223867.30000000002,26798,1649,824.0,10313,181.0,7,0.0,0.0,0.0,0.06153444286887081,0.0,0.14665273527875214,8.353880886633332,0.07989915640453796,0.01755066421022011,0.0,GA
13087,Georgia,Decatur County,Decatur County,29367,4237.0,21173,15857,653771.6,29367,3129,2417.0,11466,734.0,8,1.0,9468.0,0.14427759049272992,0.10654816630912249,0.7209793305410835,0.539959818844281,22.26211734259543,0.21079713936856795,0.06401534972963545,0.3224026969046889,GA
13089,Georgia,DeKalb County,DeKalb County,764382,25857.0,326740,757823,10597408.7,764382,57324,36708.0,302243,21100.0,203,7.0,156534.0,0.03382732717410928,0.07499391665423832,0.427456428853636,0.9914192118600386,13.864021784919057,0.12145194429647668,0.06981137693842372,0.20478504203395684,GA
13091,Georgia,Dodge County,Dodge County,19925,4174.0,17324,7645,435087.4,19925,3154,1531.0,7507,292.0,7,1.0,7645.0,0.20948557089084066,0.1582936010037641,0.8694604767879548,0.3836888331242158,21.836255959849435,0.2039429865458905,0.03889702943919009,0.3836888331242158,GA
13093,Georgia,Dooly County,Dooly County,11208,0.0,6600,0,166413.7,11208,0,709.0,4047,295.0,3,0.0,0.0,0.0,0.0,0.588865096359743,0.0,14.847760528194149,0.1751914998764517,0.07289350135903139,0.0,GA
13095,Georgia,Dougherty County,Dougherty County,85790,3567.0,70302,72598,2244885.3000000003,85790,5752,9925.0,35252,3729.0,29,1.0,33106.0,0.04157827252593543,0.06704744142673971,0.8194661382445506,0.8462291642382562,26.167214127520694,0.28154430954272097,0.10578123227050948,0.3858957920503555,GA
13097,Georgia,Douglas County,Douglas County,144237,10936.0,54296,105254,1590949.0,144237,16245,6682.0,51024,1633.0,31,2.0,42625.0,0.07581965792411101,0.11262713450778926,0.3764360046312666,0.7297295423504371,11.030103232873673,0.1309579805581687,0.032004546879899655,0.2955205668448456,GA
13099,Georgia,Early County,Early County,10854,0.0,10854,0,256557.6,10854,0,1077.0,4312,374.0,5,0.0,0.0,0.0,0.0,1.0,0.0,23.637147595356552,0.24976808905380335,0.08673469387755102,0.0,GA
13101,Georgia,Echols County,Echols County,3697,0.0,1611,0,52648.5,3697,118,232.0,1286,22.0,2,0.0,0.0,0.0,0.03191777116581011,0.4357587232891534,0.0,14.240870976467406,0.18040435458786935,0.017107309486780714,0.0,GA
13103,Georgia,Effingham County,Effingham County,64769,0.0,0,16864,445690.7,64769,3810,1892.0,22892,686.0,16,0.0,0.0,0.0,0.05882443761676111,0.0,0.2603714740076271,6.881234850005404,0.08264896033548838,0.029966800629040714,0.0,GA
13105,Georgia,Elbert County,Elbert County,19637,0.0,8742,3993,353498.3,19637,164,1292.0,8016,603.0,6,0.0,0.0,0.0,0.008351581198757448,0.4451800173142537,0.203340632479503,18.00164485410195,0.16117764471057885,0.0752245508982036,0.0,GA
13107,Georgia,Emanuel County,Emanuel County,22768,2494.0,22768,2494,590304.0,22768,1389,2246.0,8644,684.0,9,1.0,2494.0,0.10953970484891075,0.061006676036542515,1.0,0.10953970484891075,25.926914968376668,0.25983341045812125,0.07913003239241093,0.10953970484891075,GA
13109,Georgia,Evans County,Evans County,10774,0.0,10774,0,206604.2,10774,0,801.0,4099,267.0,3,0.0,0.0,0.0,0.0,1.0,0.0,19.176183404492296,0.1954135154915833,0.06513783849719444,0.0,GA
13111,Georgia,Fannin County,Fannin County,25319,0.0,22862,0,352360.6,25319,11,1595.0,11189,351.0,5,0.0,5171.0,0.0,0.0004344563371381176,0.9029582526956041,0.0,13.916845057071763,0.14255071945660916,0.03137009562963625,0.2042339744855642,GA
13113,Georgia,Fayette County,Fayette County,119194,2299.0,6263,97624,675655.4,119194,42360,2145.0,42886,1420.0,24,1.0,6263.0,0.019287883618302935,0.35538701612497275,0.052544591170696514,0.819034515160159,5.6685353289595115,0.05001632234295574,0.033111038567364644,0.052544591170696514,GA
13115,Georgia,Floyd County,Floyd County,98584,4549.0,41102,59028,1600441.6,98584,5984,5482.0,36883,2695.0,26,1.0,23690.0,0.04614339040817983,0.060699504990667855,0.41692363872433663,0.5987584192161,16.23429359733831,0.1486321611582572,0.07306889352818371,0.2403026860342449,GA
13117,Georgia,Forsyth County,Forsyth County,251283,0.0,0,223295,1082961.8,251283,92896,1927.0,83551,1738.0,48,0.0,0.0,0.0,0.3696867675091431,0.0,0.8886196041912903,4.309729667347175,0.023063757465500115,0.02080166604828189,0.0,GA
13119,Georgia,Franklin County,Franklin County,23424,0.0,16295,0,455714.69999999995,23424,0,1320.0,8951,501.0,8,0.0,0.0,0.0,0.0,0.6956540300546448,0.0,19.455033299180325,0.14746955647413698,0.055971399843592895,0.0,GA
13121,Georgia,Fulton County,Fulton County,1066710,28118.0,346703,1059194,13567361.4,1066710,153048,53763.0,448577,46458.0,327,6.0,100620.0,0.026359554143112935,0.14347667126023006,0.3250208585276223,0.9929540362422776,12.718884607812807,0.1198523330442711,0.10356750346094427,0.09432741794864584,GA
13123,Georgia,Gilmer County,Gilmer County,31353,0.0,14289,6731,503200.3,31353,3176,1247.0,12832,380.0,8,0.0,0.0,0.0,0.10129812139189233,0.45574586164003444,0.21468440021688515,16.049510413676522,0.097178927680798,0.02961346633416459,0.0,GA
13125,Georgia,Glascock County,Glascock County,2884,0.0,2884,0,36338.4,2884,0,199.0,1151,89.0,1,0.0,0.0,0.0,0.0,1.0,0.0,12.6,0.17289313640312773,0.07732406602953953,0.0,GA
13127,Georgia,Glynn County,Glynn County,84499,9142.0,35938,61178,1353662.3,84499,9621,4403.0,34339,1593.0,25,2.0,12999.0,0.10819062947490503,0.11385933561343921,0.42530680836459606,0.7240085681487355,16.019861773512112,0.12822155566556975,0.04639040158420455,0.15383614007266358,GA
13129,Georgia,Gordon County,Gordon County,57544,9345.0,28536,22284,689771.4,57544,4412,2182.0,21210,776.0,15,2.0,14096.0,0.16239746976226888,0.07667176421520923,0.4958987904907549,0.38725149450854995,11.986851800361462,0.10287600188590287,0.036586515794436586,0.24496037814541916,GA
13131,Georgia,Grady County,Grady County,26236,4349.0,21982,4349,532390.4,26236,1811,2054.0,10316,535.0,8,1.0,4349.0,0.16576459826193018,0.06902729074554048,0.8378563805458149,0.16576459826193018,20.29236164049398,0.19910818146568438,0.05186118650639783,0.16576459826193018,GA
13133,Georgia,Greene County,Greene County,18915,0.0,6145,0,176047.3,18915,0,590.0,7874,364.0,8,0.0,0.0,0.0,0.0,0.32487443827650014,0.0,9.307285223367696,0.07493014986029972,0.046228092456184915,0.0,GA
13135,Georgia,Gwinnett County,Gwinnett County,957062,33454.0,318328,947279,10478790.5,957062,178099,25467.0,316708,12268.0,220,7.0,156963.0,0.034954893204411,0.1860893024694325,0.33260959060123585,0.989778091701478,10.948915012820486,0.08041160943203203,0.038735996564658925,0.16400504878471822,GA
13137,Georgia,Habersham County,Habersham County,46031,6151.0,13835,28571,647711.0,46031,8260,2250.0,16408,696.0,11,1.0,13835.0,0.13362733809823815,0.17944428754534988,0.30055831939345223,0.6206904042927592,14.071191153787664,0.1371282301316431,0.0424183325207216,0.30055831939345223,GA
13139,Georgia,Hall County,Hall County,203136,3657.0,59650,126572,2407364.8,203136,33969,7051.0,71022,4613.0,50,1.0,14045.0,0.018002717391304348,0.16722294423440454,0.29364563642091995,0.6230899495904222,11.85100031505986,0.09927909661794937,0.06495170510546028,0.0691408711405167,GA
13141,Georgia,Hancock County,Hancock County,8735,0.0,8735,0,274417.5,8735,5,871.0,3298,246.0,2,0.0,0.0,0.0,0.0005724098454493417,1.0,0.0,31.415855752718947,0.26409945421467557,0.07459066100667071,0.0,GA
13143,Georgia,Haralson County,Haralson County,29919,0.0,11513,0,452788.30000000005,29919,0,1653.0,11307,396.0,8,0.0,0.0,0.0,0.0,0.3848056418997961,0.0,15.13380460576891,0.14619262403820643,0.03502255240116742,0.0,GA
13145,Georgia,Harris County,Harris County,34668,0.0,0,0,311838.1,34668,0,1317.0,12770,176.0,7,0.0,0.0,0.0,0.0,0.0,0.0,8.994983846775124,0.10313234142521535,0.013782302270947533,0.0,GA
13147,Georgia,Hart County,Hart County,25828,3664.0,16041,4999,313428.5,25828,1269,1146.0,10388,680.0,10,1.0,3664.0,0.14186154560941613,0.04913272417531361,0.6210701564193898,0.193549636053895,12.135221465076661,0.11031959953792837,0.06546014632268002,0.14186154560941613,GA
13149,Georgia,Heard County,Heard County,11412,0.0,7459,0,201943.1,11412,0,1092.0,4278,235.0,3,0.0,0.0,0.0,0.0,0.6536102348405187,0.0,17.69567998597967,0.2552594670406732,0.05493221131369799,0.0,GA
13151,Georgia,Henry County,Henry County,240712,25419.0,96245,169281,2208847.9,240712,42496,9110.0,82794,2048.0,59,6.0,61090.0,0.10559922230715543,0.17654292266276714,0.3998346571836884,0.7032511881418458,9.176309864069925,0.11003212793197575,0.024736091987342078,0.2537887600119645,GA
13153,Georgia,Houston County,Houston County,163633,0.0,53400,138987,1936638.9,163633,19600,6588.0,62115,2711.0,38,0.0,6152.0,0.0,0.11978023992715406,0.32634004143418505,0.8493824595283348,11.835258780319373,0.10606133784110118,0.04364485229010706,0.03759632836897203,GA
13155,Georgia,Irwin County,Irwin County,9666,0.0,9666,0,211276.7,9666,0,531.0,3617,121.0,3,0.0,0.0,0.0,0.0,1.0,0.0,21.857717773639564,0.14680674592203483,0.03345313795963506,0.0,GA
13157,Georgia,Jackson County,Jackson County,75907,5658.0,11226,29753,570537.1,75907,10702,2125.0,26174,656.0,17,1.0,5658.0,0.07453858010460168,0.14098831464818792,0.1478914988077516,0.3919664853043856,7.516264639624803,0.08118743791548866,0.025063039657675555,0.07453858010460168,GA
13159,Georgia,Jasper County,Jasper County,14588,0.0,11920,0,236291.1,14588,10,696.0,5412,254.0,5,0.0,0.0,0.0,0.0006854949273375377,0.817109953386345,0.0,16.197635042500686,0.1286031042128603,0.04693274205469328,0.0,GA
13161,Georgia,Jeff Davis County,Jeff Davis County,14779,0.0,12488,0,336608.3,14779,0,940.0,5560,506.0,5,0.0,0.0,0.0,0.0,0.8449827457879423,0.0,22.776121523783747,0.16906474820143885,0.09100719424460432,0.0,GA
13163,Georgia,Jefferson County,Jefferson County,15709,0.0,15709,0,260333.2,15709,0,1281.0,6170,467.0,4,0.0,0.0,0.0,0.0,1.0,0.0,16.57223247819721,0.20761750405186385,0.07568881685575364,0.0,GA
13165,Georgia,Jenkins County,Jenkins County,8674,0.0,8674,0,199814.80000000002,8674,0,686.0,3245,203.0,2,0.0,0.0,0.0,0.0,1.0,0.0,23.03606179386673,0.21140215716486904,0.062557781201849,0.0,GA
13167,Georgia,Johnson County,Johnson County,9189,0.0,9189,0,234004.2,9189,45,804.0,3100,219.0,4,0.0,0.0,0.0,0.004897159647404506,1.0,0.0,25.46568723473719,0.2593548387096774,0.07064516129032258,0.0,GA
13169,Georgia,Jones County,Jones County,28347,3513.0,10506,3513,345438.2,28347,1121,1599.0,10623,480.0,9,1.0,3513.0,0.1239284580378876,0.039545630930962715,0.3706212297597629,0.1239284580378876,12.186058489434508,0.15052245128494776,0.045184975995481505,0.1239284580378876,GA
13171,Georgia,Lamar County,Lamar County,18500,4254.0,4254,7632,175937.59999999998,18500,2385,961.0,6897,309.0,4,1.0,4254.0,0.22994594594594595,0.1289189189189189,0.22994594594594595,0.41254054054054057,9.51014054054054,0.13933594316369435,0.04480208786428882,0.22994594594594595,GA
13173,Georgia,Lanier County,Lanier County,9877,0.0,8159,0,265242.3,9877,3,669.0,3570,252.0,3,0.0,0.0,0.0,0.0003037359522122102,0.8260605446998076,0.0,26.85454085248557,0.18739495798319328,0.07058823529411765,0.0,GA
13175,Georgia,Laurens County,Laurens County,49570,3817.0,23959,12354,1135698.3,49570,893,3814.0,19501,1163.0,14,1.0,3817.0,0.07700221908412345,0.018014928384103287,0.48333669558200526,0.2492233205567884,22.911000605204762,0.19557971386082765,0.05963796728372904,0.07700221908412345,GA
13177,Georgia,Lee County,Lee County,33163,0.0,6942,15808,193737.3,33163,4270,1170.0,11971,338.0,8,0.0,0.0,0.0,0.1287579531405482,0.2093296746373971,0.4766758134065073,5.841971474233332,0.09773619580653245,0.028234901010776043,0.0,GA
13179,Georgia,Liberty County,Liberty County,65256,13238.0,51999,42510,975140.9,65256,8087,3845.0,23413,1074.0,17,3.0,27027.0,0.20286257202402844,0.12392730170405787,0.7968462670099301,0.6514343508642884,14.943314024764007,0.16422500320334857,0.045871951479947035,0.41416881206325856,GA
13181,Georgia,Lincoln County,Lincoln County,7690,0.0,7690,0,131771.2,7690,76,349.0,3245,213.0,2,0.0,3576.0,0.0,0.00988296488946684,1.0,0.0,17.1353966189857,0.10755007704160247,0.06563944530046224,0.4650195058517555,GA
13183,Georgia,Long County,Long County,16168,0.0,5831,0,291777.7,16168,0,1123.0,5492,405.0,5,0.0,0.0,0.0,0.0,0.3606506679861455,0.0,18.04661677387432,0.20447924253459576,0.07374362709395485,0.0,GA
13185,Georgia,Lowndes County,Lowndes County,118251,0.0,54530,75809,2295616.6,118251,12119,7456.0,44207,3012.0,29,0.0,7085.0,0.0,0.10248539124404868,0.46113774936364177,0.6410854876491531,19.413084033116,0.1686610717759631,0.0681340059266632,0.05991492672366407,GA
13187,Georgia,Lumpkin County,Lumpkin County,33488,0.0,10363,4483,524628.6,33488,0,1072.0,11676,272.0,8,0.0,4483.0,0.0,0.0,0.30945413282369805,0.1338688485427616,15.666166985188724,0.09181226447413497,0.023295649194929772,0.1338688485427616,GA
13189,Georgia,McDuffie County,McDuffie County,21632,0.0,14257,2099,456878.3,21632,585,1389.0,8589,388.0,6,0.0,0.0,0.0,0.027043269230769232,0.6590698964497042,0.09703217455621302,21.120483542899407,0.1617184771219001,0.045174059843986494,0.0,GA
13191,Georgia,McIntosh County,McIntosh County,10975,0.0,8618,0,252100.4,10975,203,1107.0,4681,327.0,7,0.0,0.0,0.0,0.018496583143507973,0.7852391799544419,0.0,22.97042369020501,0.23648792992950224,0.06985686819055757,0.0,GA
13193,Georgia,Macon County,Macon County,12082,0.0,12082,0,309725.2,12082,0,1121.0,4299,566.0,4,0.0,0.0,0.0,0.0,1.0,0.0,25.63525906306903,0.26075831588741566,0.13165852523842755,0.0,GA
13195,Georgia,Madison County,Madison County,30120,0.0,11121,0,520412.1,30120,0,1372.0,11267,371.0,7,0.0,0.0,0.0,0.0,0.3692231075697211,0.0,17.277958167330677,0.12177154522055561,0.03292801988106861,0.0,GA
13197,Georgia,Marion County,Marion County,7498,0.0,7498,0,160912.30000000002,7498,0,637.0,2969,138.0,2,0.0,0.0,0.0,0.0,1.0,0.0,21.46069618564951,0.2145503536544291,0.04648029639609296,0.0,GA
13199,Georgia,Meriwether County,Meriwether County,20613,0.0,20613,0,389955.4,20613,0,1934.0,8396,534.0,7,0.0,0.0,0.0,0.0,1.0,0.0,18.91793528355892,0.2303477846593616,0.06360171510242973,0.0,GA
13201,Georgia,Miller County,Miller County,6000,0.0,6000,0,148329.3,6000,20,453.0,2537,271.0,3,0.0,0.0,0.0,0.0033333333333333335,1.0,0.0,24.721549999999997,0.17855735120220734,0.10681907765076862,0.0,GA
13205,Georgia,Mitchell County,Mitchell County,21755,6744.0,16239,6744,501707.10000000003,21755,3314,2143.0,8156,942.0,7,2.0,6744.0,0.30999770167777524,0.15233279705814756,0.7464490921627213,0.30999770167777524,23.061691565157435,0.2627513487003433,0.11549779303580186,0.30999770167777524,GA
13207,Georgia,Monroe County,Monroe County,27957,0.0,10542,0,360960.5,27957,0,627.0,10257,384.0,5,0.0,0.0,0.0,0.0,0.37707908573881316,0.0,12.911274457202131,0.061128985083357706,0.03743784732377888,0.0,GA
13209,Georgia,Montgomery County,Montgomery County,8610,0.0,6619,0,183706.90000000002,8610,0,563.0,3157,150.0,3,0.0,0.0,0.0,0.0,0.7687572590011614,0.0,21.33645760743322,0.17833386126069053,0.04751346214760849,0.0,GA
13211,Georgia,Morgan County,Morgan County,20097,0.0,7896,4343,182869.69999999998,20097,1665,914.0,7534,178.0,6,0.0,0.0,0.0,0.08284818629646216,0.3928944618599791,0.21610190575707816,9.09935313728417,0.12131669763737722,0.023626227767454207,0.0,GA
13213,Georgia,Murray County,Murray County,39973,5598.0,27287,12535,574035.0,39973,2826,1878.0,14718,793.0,10,1.0,9092.0,0.140044530057789,0.07069772096164911,0.6826357791509269,0.313586671002927,14.36056838365897,0.12759885854056258,0.05387960320695747,0.22745353113351513,GA
13215,Georgia,Muscogee County,Muscogee County,206922,25353.0,118685,202656,3974289.0,206922,27987,13700.0,82360,8857.0,59,6.0,43446.0,0.12252442949517209,0.1352538637747557,0.5735736171117619,0.9793835358250935,19.20670107576768,0.16634288489558038,0.10754006799417193,0.20996317452953286,GA
13217,Georgia,Newton County,Newton County,112483,14765.0,33099,71196,1366532.5,112483,23722,5614.0,39477,1391.0,22,3.0,25830.0,0.13126427993563472,0.21089409066258902,0.29425779895628673,0.6329489789568201,12.148791372918575,0.14220938774476277,0.035235706867289815,0.22963470035472028,GA
13219,Georgia,Oconee County,Oconee County,41799,0.0,0,13087,247191.0,41799,6012,424.0,14360,118.0,11,0.0,0.0,0.0,0.1438311921337831,0.0,0.31309361467977703,5.913801765592479,0.029526462395543174,0.008217270194986073,0.0,GA
13221,Georgia,Oglethorpe County,Oglethorpe County,14825,0.0,0,0,172175.2,14825,0,653.0,5803,181.0,6,0.0,0.0,0.0,0.0,0.0,0.0,11.613841483979765,0.11252800275719456,0.03119076339824229,0.0,GA
13223,Georgia,Paulding County,Paulding County,168661,17978.0,41025,130894,1133491.4,168661,47926,4821.0,56911,1495.0,33,4.0,22752.0,0.10659251397774233,0.28415579179537653,0.24323939737105793,0.7760774571477698,6.720530531658178,0.08471121575793783,0.02626908681977122,0.13489781277236587,GA
13225,Georgia,Peach County,Peach County,27981,0.0,7296,10472,524041.6,27981,1905,1989.0,10693,525.0,8,0.0,0.0,0.0,0.06808191272649297,0.2607483649619385,0.37425395804295775,18.72848004002716,0.18600953895071543,0.049097540447021415,0.0,GA
13227,Georgia,Pickens County,Pickens County,33216,7297.0,17021,7297,397753.0,33216,1934,1306.0,13120,379.0,9,2.0,7297.0,0.2196832851637765,0.05822495183044316,0.5124337668593449,0.2196832851637765,11.974741088631985,0.09954268292682927,0.02888719512195122,0.2196832851637765,GA
13229,Georgia,Pierce County,Pierce County,19716,0.0,9097,0,271645.3,19716,0,883.0,7506,390.0,6,0.0,0.0,0.0,0.0,0.46140190708054374,0.0,13.777911341042808,0.11763922195576872,0.05195843325339728,0.0,GA
13231,Georgia,Pike County,Pike County,18889,0.0,0,0,175775.19999999998,18889,0,350.0,6630,173.0,5,0.0,0.0,0.0,0.0,0.0,0.0,9.305691142993275,0.05279034690799397,0.026093514328808447,0.0,GA
13233,Georgia,Polk County,Polk County,42853,11820.0,28623,22581,704073.8,42853,7517,2743.0,15999,791.0,8,2.0,11820.0,0.2758266632441136,0.17541362331692065,0.6679345670081441,0.5269409376239703,16.429976897766785,0.1714482155134696,0.049440590036877306,0.2758266632441136,GA
13235,Georgia,Pulaski County,Pulaski County,9855,0.0,5455,0,169914.19999999998,9855,0,533.0,3595,212.0,4,0.0,0.0,0.0,0.0,0.5535261288685946,0.0,17.24142059868087,0.1482614742698192,0.05897079276773296,0.0,GA
13237,Georgia,Putnam County,Putnam County,22047,0.0,12964,0,376679.1,22047,0,1151.0,9181,482.0,8,0.0,0.0,0.0,0.0,0.5880165101827913,0.0,17.085276908422912,0.12536760701448643,0.05249972769850779,0.0,GA
13239,Georgia,Quitman County,Quitman County,2235,0.0,2235,0,35089.5,2235,0,242.0,998,140.0,1,0.0,0.0,0.0,0.0,1.0,0.0,15.7,0.24248496993987975,0.1402805611222445,0.0,GA
13241,Georgia,Rabun County,Rabun County,16883,0.0,1722,0,219781.4,16883,0,550.0,7313,340.0,8,0.0,0.0,0.0,0.0,0.10199609074216667,0.0,13.017911508618136,0.07520853274989744,0.04649254751811842,0.0,GA
13243,Georgia,Randolph County,Randolph County,6425,0.0,6425,0,193245.49999999997,6425,6,1059.0,2690,671.0,2,0.0,0.0,0.0,0.000933852140077821,1.0,0.0,30.07712062256809,0.3936802973977695,0.24944237918215614,0.0,GA
13245,Georgia,Richmond County,Richmond County,206607,11106.0,136359,186445,4018865.9,206607,12184,16177.0,82363,7558.0,56,2.0,45840.0,0.053754229043546445,0.058971864457641805,0.6599921590265576,0.902413761392402,19.451741228515974,0.19641100979808895,0.09176450590677852,0.221870507775632,GA
13247,Georgia,Rockdale County,Rockdale County,93570,22268.0,51280,76989,995942.3,93570,17076,4187.0,33114,1089.0,24,5.0,37748.0,0.23798225927113392,0.18249438922731645,0.5480389013572726,0.8227957678743187,10.643820669017849,0.12644198828290149,0.03288639246240261,0.403419899540451,GA
13249,Georgia,Schley County,Schley County,4547,0.0,4547,0,63264.3,4547,0,253.0,1753,95.0,2,0.0,0.0,0.0,0.0,1.0,0.0,13.913415438750825,0.14432401597261837,0.05419281232173417,0.0,GA
13251,Georgia,Screven County,Screven County,14067,0.0,10609,0,244243.69999999998,14067,6,674.0,5646,318.0,6,0.0,0.0,0.0,0.00042653017701002344,0.7541764413165565,0.0,17.362884765763845,0.1193765497697485,0.0563230605738576,0.0,GA
13253,Georgia,Seminole County,Seminole County,9147,0.0,6542,0,182940.0,9147,0,802.0,3798,395.0,3,0.0,0.0,0.0,0.0,0.7152071717503007,0.0,20.0,0.21116377040547657,0.10400210637177462,0.0,GA
13255,Georgia,Spalding County,Spalding County,67306,15124.0,48184,37109,1274225.5,67306,6756,4900.0,25726,1647.0,17,3.0,20211.0,0.22470507829911152,0.10037738091700592,0.7158945710635011,0.5513475767390723,18.931826285918046,0.1904687864417321,0.06402083495296587,0.30028526431521707,GA
13257,Georgia,Stephens County,Stephens County,26784,3363.0,13914,14341,439750.6,26784,2714,1528.0,10618,558.0,8,1.0,10071.0,0.12556003584229392,0.10132915173237754,0.519489247311828,0.5354316009557945,16.41840651135006,0.14390657374270108,0.05255226973064607,0.37600806451612906,GA
13259,Georgia,Stewart County,Stewart County,5314,0.0,5314,0,137856.59999999998,5314,17,597.0,1674,326.0,2,0.0,0.0,0.0,0.00319909672563041,1.0,0.0,25.942152803914183,0.35663082437275984,0.19474313022700118,0.0,GA
13261,Georgia,Sumter County,Sumter County,29616,6640.0,28575,8699,721026.1,29616,831,2406.0,11658,1279.0,8,1.0,6640.0,0.22420313344138304,0.028059157212317665,0.9648500810372771,0.29372636412749864,24.34582995678012,0.20638188368502317,0.10971007033796534,0.22420313344138304,GA
13263,Georgia,Talbot County,Talbot County,5733,0.0,5733,0,146602.2,5733,0,585.0,2524,244.0,3,0.0,0.0,0.0,0.0,1.0,0.0,25.571637885923604,0.23177496038034864,0.09667194928684628,0.0,GA
13265,Georgia,Taliaferro County,Taliaferro County,1559,0.0,1559,0,31803.6,1559,0,152.0,699,34.0,1,0.0,0.0,0.0,0.0,1.0,0.0,20.4,0.21745350500715308,0.04864091559370529,0.0,GA
13267,Georgia,Tattnall County,Tattnall County,22842,0.0,22842,0,567554.4,22842,0,1694.0,7829,481.0,7,0.0,0.0,0.0,0.0,1.0,0.0,24.846966115051224,0.21637501596627923,0.06143824243198365,0.0,GA
13269,Georgia,Taylor County,Taylor County,7816,0.0,7816,0,242071.7,7816,0,1085.0,3249,494.0,4,0.0,0.0,0.0,0.0,1.0,0.0,30.97130245649949,0.33394890735610955,0.15204678362573099,0.0,GA
13271,Georgia,Telfair County,Telfair County,12477,0.0,12477,0,329186.7,12477,0,935.0,3924,474.0,5,0.0,0.0,0.0,0.0,1.0,0.0,26.38348160615533,0.23827726809378186,0.12079510703363915,0.0,GA
13273,Georgia,Terrell County,Terrell County,9185,0.0,6246,0,288957.3,9185,0,825.0,3664,399.0,4,0.0,0.0,0.0,0.0,0.6800217746325531,0.0,31.459695155144257,0.22516375545851527,0.10889737991266375,0.0,GA
13275,Georgia,Thomas County,Thomas County,45798,0.0,14461,19496,833413.1,45798,3919,3820.0,18440,1096.0,14,0.0,0.0,0.0,0.08557142233285296,0.3157561465566182,0.4256954452159483,18.197587230883443,0.20715835140997832,0.05943600867678959,0.0,GA
13277,Georgia,Tift County,Tift County,41344,0.0,22710,17790,831876.1,41344,526,2763.0,15921,1148.0,12,0.0,0.0,0.0,0.012722523219814241,0.5492937306501547,0.4302921826625387,20.120842202012383,0.17354437535330694,0.07210602349098674,0.0,GA
13279,Georgia,Toombs County,Toombs County,27030,9794.0,21258,13015,609487.4,27030,3461,2337.0,10505,1082.0,9,3.0,9794.0,0.36233814280429155,0.12804291527931927,0.7864594894561598,0.48150203477617465,22.548553459119496,0.22246549262256068,0.10299857210851976,0.36233814280429155,GA
13281,Georgia,Towns County,Towns County,12493,0.0,2612,0,166655.3,12493,0,445.0,5473,222.0,4,0.0,0.0,0.0,0.0,0.20907708316657328,0.0,13.339894340830865,0.08130824045313356,0.040562762653023936,0.0,GA
13283,Georgia,Treutlen County,Treutlen County,6406,0.0,5172,0,89885.6,6406,0,504.0,2449,123.0,2,0.0,0.0,0.0,0.0,0.8073680924133625,0.0,14.031470496409616,0.20579828501429154,0.05022458146182115,0.0,GA
13285,Georgia,Troup County,Troup County,69426,5364.0,40259,28234,1147750.3,69426,5269,5189.0,26317,2533.0,18,1.0,13756.0,0.0772621208192896,0.07589375738196065,0.5798836170886987,0.4066776135741653,16.531995217929882,0.1971729300452179,0.0962495725196641,0.19813902572523262,GA
13287,Georgia,Turner County,Turner County,9006,0.0,5689,2144,187189.6,9006,464,1071.0,3512,261.0,3,0.0,2144.0,0.0,0.051521208083499886,0.631689984454808,0.2380635132134133,20.7849877859205,0.3049544419134396,0.07431662870159453,0.2380635132134133,GA
13289,Georgia,Twiggs County,Twiggs County,8022,0.0,4588,0,149919.8,8022,0,631.0,3387,234.0,3,0.0,0.0,0.0,0.0,0.5719272001994515,0.0,18.688581401146845,0.18630056096840863,0.06908768821966342,0.0,GA
13291,Georgia,Union County,Union County,24632,0.0,0,0,263758.1,24632,0,852.0,10607,623.0,8,0.0,0.0,0.0,0.0,0.0,0.0,10.707944949658978,0.08032431413217686,0.05873479777505421,0.0,GA
13293,Georgia,Upson County,Upson County,27700,4727.0,17894,11384,527846.3,27700,1550,2400.0,11173,1241.0,8,1.0,9372.0,0.17064981949458483,0.05595667870036101,0.6459927797833935,0.4109747292418773,19.055823104693143,0.21480354425848028,0.11107133267698917,0.3383393501805054,GA
13295,Georgia,Walker County,Walker County,67654,11097.0,33502,35595,906334.5,67654,3964,3154.0,26206,965.0,18,3.0,20663.0,0.16402577822449524,0.058592248795341,0.49519614509119936,0.5261329707038757,13.396613651816596,0.12035411737769976,0.036823628176753415,0.3054217045555326,GA
13297,Georgia,Walton County,Walton County,96673,4278.0,21707,31297,1174404.5999999999,96673,9473,4106.0,33924,964.0,20,1.0,9956.0,0.04425227312693306,0.0979901316810278,0.22454046114220103,0.3237408583575559,12.148217185770585,0.12103525527650041,0.02841646032307511,0.1029863560663267,GA
13299,Georgia,Ware County,Ware County,36251,0.0,28806,20046,756429.2000000001,36251,1554,2835.0,13651,2069.0,10,0.0,5353.0,0.0,0.042867782957711514,0.7946263551350308,0.5529778488869272,20.86643678795068,0.20767709325324152,0.1515639879862281,0.14766489200297922,GA
13301,Georgia,Warren County,Warren County,5215,0.0,5215,0,111357.29999999999,5215,0,468.0,2159,159.0,2,0.0,0.0,0.0,0.0,1.0,0.0,21.353269415148606,0.21676702176933765,0.07364520611394164,0.0,GA
13303,Georgia,Washington County,Washington County,19988,0.0,19988,0,340705.5,19988,1,2157.0,7506,495.0,5,0.0,0.0,0.0,5.003001801080648e-05,1.0,0.0,17.04550230138083,0.2873701039168665,0.06594724220623502,0.0,GA
13305,Georgia,Wayne County,Wayne County,30144,8302.0,25110,13336,637815.5,30144,4276,2235.0,11141,1127.0,7,2.0,8302.0,0.27541135881104034,0.14185244161358812,0.8330015923566879,0.4424097664543524,21.15895368895966,0.20061035813661252,0.10115788528857374,0.27541135881104034,GA
13307,Georgia,Webster County,Webster County,2348,0.0,2348,0,52928.4,2348,0,242.0,991,65.0,2,0.0,0.0,0.0,0.0,1.0,0.0,22.54190800681431,0.24419778002018164,0.06559031281533804,0.0,GA
13309,Georgia,Wheeler County,Wheeler County,7471,0.0,7471,0,252006.90000000002,7471,0,380.0,2054,150.0,2,0.0,0.0,0.0,0.0,1.0,0.0,33.731347878463396,0.18500486854917234,0.0730282375851996,0.0,GA
13311,Georgia,White County,White County,28003,0.0,11052,0,352530.6,28003,0,1045.0,10942,282.0,9,0.0,0.0,0.0,0.0,0.3946719994286326,0.0,12.589029746812841,0.09550356424785231,0.02577225370133431,0.0,GA
13313,Georgia,Whitfield County,Whitfield County,102864,12222.0,62771,53179,1551590.4,102864,5329,4110.0,36134,2229.0,22,2.0,16535.0,0.11881707886140924,0.051806268470990825,0.61023292891585,0.5169835899828901,15.083901073261782,0.11374328886920905,0.06168705374439586,0.1607462280292425,GA
13315,Georgia,Wilcox County,Wilcox County,8766,0.0,8766,0,200523.4,8766,0,527.0,2811,239.0,4,0.0,0.0,0.0,0.0,1.0,0.0,22.87513118868355,0.18747776591960155,0.08502312344361437,0.0,GA
13317,Georgia,Wilkes County,Wilkes County,9565,0.0,9565,0,175097.8,9565,0,726.0,4098,255.0,4,0.0,0.0,0.0,0.0,1.0,0.0,18.306095138525876,0.17715959004392387,0.06222547584187409,0.0,GA
13319,Georgia,Wilkinson County,Wilkinson County,8877,0.0,5953,0,189430.5,8877,0,530.0,3588,229.0,3,0.0,0.0,0.0,0.0,0.6706094401261687,0.0,21.33947279486313,0.14771460423634336,0.06382385730211818,0.0,GA
13321,Georgia,Worth County,Worth County,20784,0.0,18441,0,491148.9,20784,0,1659.0,8183,500.0,6,0.0,0.0,0.0,0.0,0.8872690531177829,0.0,23.631105658198617,0.20273738237810093,0.061102285225467436,0.0,GA
15001,Hawaii,Hawaii County,Hawaii County,200629,18836.0,106088,70040,2995229.1,200629,18922,13197.0,73021,3567.0,43,4.0,35227.0,0.09388473251623644,0.09431338440604299,0.5287769963464903,0.3491020739773413,14.929193187425547,0.1807288314320538,0.04884896125772038,0.1755827921187864,HI
15003,Hawaii,Honolulu County,Honolulu County,1016508,47554.0,253473,969801,9365535.2,1015706,144116,34575.0,336412,32791.0,329,15.0,80966.0,0.04678172724661291,0.14177556890845916,0.24935662090214736,0.9540515175483124,9.220714655618849,0.1027757630524476,0.09747274175713114,0.07965111932222865,HI
15005,Hawaii,Kalawao County,Kalawao County,82,0.0,82,0,1861.3999999999999,82,0,3.0,59,6.0,1,0.0,82.0,0.0,0.0,1.0,0.0,22.7,0.05084745762711865,0.1016949152542373,1.0,HI
15007,Hawaii,Kauai County,Kauai County,73298,0.0,6843,30544,671391.5,73214,4980,2680.0,24712,937.0,18,0.0,6843.0,0.0,0.06794182651641245,0.09335861824333543,0.41670986930066306,9.170261152238643,0.10844933635480739,0.03791680155390094,0.09335861824333543,HI
15009,Hawaii,Maui County,Maui County,164754,12956.0,38590,113282,1551115.1,164754,16664,5781.0,56063,3029.0,45,3.0,17438.0,0.07863845490853029,0.10114473700183303,0.23422800053412968,0.6875826990543477,9.414734088398461,0.10311613720278971,0.05402850364768207,0.10584265025431856,HI
16001,Idaho,Ada County,Ada County,494967,6420.0,73588,448548,4245701.4,494967,39785,10389.0,187488,7664.0,129,1.0,10938.0,0.012970561673808556,0.08037909598013605,0.14867253776514394,0.9062179902902617,8.577746395214227,0.055411546338965695,0.04087728281276668,0.02209844292649813,ID
16003,Idaho,Adams County,Adams County,4379,0.0,4379,0,79159.59999999999,4379,225,82.0,1927,36.0,2,0.0,0.0,0.0,0.051381593971226304,1.0,0.0,18.077095227220823,0.0425531914893617,0.01868188894654904,0.0,ID
16005,Idaho,Bannock County,Bannock County,87018,3688.0,30809,71059,1105365.4,87018,12282,4916.0,32438,1671.0,24,1.0,3688.0,0.042382035900618266,0.14114321174929326,0.35405318439863015,0.8166011629777747,12.702721276057826,0.15155065047166902,0.05151365682224551,0.042382035900618266,ID
16007,Idaho,Bear Lake County,Bear Lake County,6372,0.0,0,0,44325.9,6372,1140,107.0,2427,39.0,2,0.0,0.0,0.0,0.17890772128060264,0.0,0.0,6.95635593220339,0.044087350638648534,0.016069221260815822,0.0,ID
16009,Idaho,Benewah County,Benewah County,9530,0.0,0,0,121795.8,9530,240,432.0,3875,121.0,2,0.0,0.0,0.0,0.025183630640083946,0.0,0.0,12.780251836306402,0.11148387096774194,0.0312258064516129,0.0,ID
16011,Idaho,Bingham County,Bingham County,47992,5239.0,8248,5239,580476.2,47992,973,1665.0,15891,725.0,10,1.0,5239.0,0.10916402733788964,0.02027421236872812,0.17186197699616604,0.10916402733788964,12.095270045007501,0.10477628846516897,0.04562330879113964,0.10916402733788964,ID
16013,Idaho,Blaine County,Blaine County,24272,0.0,6378,11759,162290.0,24272,5582,425.0,10225,137.0,8,0.0,0.0,0.0,0.22997692814765985,0.2627719182597231,0.4844676994067238,6.686305207646671,0.04156479217603912,0.013398533007334963,0.0,ID
16015,Idaho,Boise County,Boise County,7610,0.0,2208,0,58940.0,7610,532,243.0,3364,93.0,3,0.0,0.0,0.0,0.06990801576872537,0.29014454664914585,0.0,7.745072273324573,0.07223543400713436,0.027645659928656363,0.0,ID
16017,Idaho,Bonner County,Bonner County,47110,0.0,14725,10834,533304.4,47110,3774,1302.0,19619,983.0,16,0.0,3189.0,0.0,0.08011037996179156,0.3125663341116536,0.2299724050095521,11.320407556782,0.0663642387481523,0.05010449054487996,0.06769263426024198,ID
16019,Idaho,Bonneville County,Bonneville County,123964,0.0,28319,94536,1219404.9,123964,7778,4007.0,42684,1362.0,24,0.0,0.0,0.0,0.062744022458133,0.22844535510309444,0.7626084992417154,9.836766319253977,0.0938759254053041,0.03190891200449817,0.0,ID
16021,Idaho,Boundary County,Boundary County,12056,0.0,5587,0,165284.9,12056,851,543.0,4763,106.0,2,0.0,0.0,0.0,0.07058725945587259,0.46342070338420704,0.0,13.709762773722627,0.11400377913079991,0.022254881377283226,0.0,ID
16023,Idaho,Butte County,Butte County,2574,0.0,0,0,49678.200000000004,2574,1406,117.0,1061,61.0,1,0.0,0.0,0.0,0.5462315462315462,0.0,0.0,19.3,0.11027332704995288,0.057492931196983975,0.0,ID
16025,Idaho,Camas County,Camas County,1077,0.0,0,0,6354.3,1077,1077,1.0,486,15.0,1,0.0,0.0,0.0,1.0,0.0,0.0,5.9,0.00205761316872428,0.030864197530864196,0.0,ID
16027,Idaho,Canyon County,Canyon County,231105,3639.0,76728,178634,2502818.6,231105,28502,7423.0,77829,2952.0,54,1.0,19321.0,0.015746089439864996,0.12332922264771425,0.3320049328227429,0.7729560156638757,10.829789922329677,0.09537575967826903,0.03792930655668195,0.08360269141732113,ID
16029,Idaho,Caribou County,Caribou County,7027,0.0,0,0,64233.5,7027,782,190.0,2629,57.0,2,0.0,0.0,0.0,0.11128504340401309,0.0,0.0,9.140956311370429,0.07227082540890073,0.021681247622670218,0.0,ID
16031,Idaho,Cassia County,Cassia County,24655,2816.0,10575,10303,305031.9,24655,4885,779.0,8216,394.0,6,1.0,2816.0,0.11421618332995336,0.19813425268708174,0.4289190833502332,0.4178868383694991,12.372009734333808,0.09481499513145082,0.04795520934761441,0.11421618332995336,ID
16033,Idaho,Clark County,Clark County,790,790.0,790,0,9243.0,790,289,12.0,316,0.0,1,1.0,790.0,1.0,0.3658227848101266,1.0,0.0,11.7,0.0379746835443038,0.0,1.0,ID
16035,Idaho,Clearwater County,Clearwater County,8734,0.0,0,0,116779.0,8734,296,305.0,3634,130.0,3,0.0,0.0,0.0,0.03389054270666361,0.0,0.0,13.370620563315777,0.08392955421023665,0.03577325261419923,0.0,ID
16037,Idaho,Custer County,Custer County,4275,0.0,0,0,67545.0,4275,1532,90.0,1948,71.0,1,0.0,0.0,0.0,0.3583625730994152,0.0,0.0,15.8,0.04620123203285421,0.0364476386036961,0.0,ID
16039,Idaho,Elmore County,Elmore County,28666,2774.0,14953,12179,298914.3,28666,1461,858.0,10663,468.0,7,1.0,7172.0,0.09676969231842601,0.050966301541896325,0.5216284099630224,0.4248587176445964,10.427485522919138,0.08046515989871518,0.04389008721748101,0.25019186492709133,ID
16041,Idaho,Franklin County,Franklin County,14194,0.0,0,0,114647.70000000001,14194,1326,301.0,4601,124.0,2,0.0,0.0,0.0,0.0934197548259828,0.0,0.0,8.077194589263069,0.06542056074766354,0.026950662899369704,0.0,ID
16043,Idaho,Fremont County,Fremont County,13388,0.0,4838,0,133286.3,13388,1450,409.0,4688,83.0,4,0.0,0.0,0.0,0.10830594562294592,0.36136838960262924,0.0,9.955654317299073,0.08724402730375426,0.017704778156996587,0.0,ID
16045,Idaho,Gem County,Gem County,19123,4352.0,10848,7847,234171.8,19123,2202,520.0,7199,224.0,4,1.0,4352.0,0.22757935470375987,0.11514929665847409,0.5672750091512838,0.4103435653401663,12.245557705380953,0.07223225447978886,0.03111543269898597,0.22757935470375987,ID
16047,Idaho,Gooding County,Gooding County,15598,0.0,3938,0,201793.40000000002,15598,0,475.0,5647,163.0,4,0.0,0.0,0.0,0.0,0.2524682651622003,0.0,12.937132965764842,0.08411545953603683,0.02886488400920843,0.0,ID
16049,Idaho,Idaho County,Idaho County,16541,0.0,5707,0,183631.4,16541,862,311.0,7006,205.0,6,0.0,5707.0,0.0,0.052112931503536665,0.34502146182213894,0.0,11.10158998851339,0.044390522409363406,0.029260633742506422,0.34502146182213894,ID
16051,Idaho,Jefferson County,Jefferson County,30891,3304.0,3304,15699,300137.3,30891,12361,762.0,9581,136.0,6,1.0,3304.0,0.10695671878540676,0.4001489106859603,0.10695671878540676,0.5082062736719433,9.71601113592956,0.07953240789061684,0.01419476046341718,0.10695671878540676,ID
16053,Idaho,Jerome County,Jerome County,24237,5895.0,16102,9362,300336.5,24237,1532,626.0,8098,268.0,6,1.0,5895.0,0.24322317118455256,0.06320914304575649,0.6643561496884928,0.38626892767256676,12.391653257416348,0.07730303778710793,0.03309459125710052,0.24322317118455256,ID
16055,Idaho,Kootenai County,Kootenai County,171362,0.0,29311,118146,1572215.7,171362,26392,4783.0,67278,2959.0,39,0.0,0.0,0.0,0.15401314177005404,0.1710472566846792,0.6894527374797212,9.174821138875597,0.07109307648859954,0.04398168792175748,0.0,ID
16057,Idaho,Latah County,Latah County,39517,10878.0,19434,26016,730305.5,39517,6578,880.0,16063,657.0,9,2.0,13887.0,0.27527393273780904,0.16646000455500165,0.4917883442569021,0.6583495710706785,18.4807930763975,0.05478428687044761,0.040901450538504636,0.3514183769010805,ID
16059,Idaho,Lemhi County,Lemhi County,7974,3008.0,3008,0,109585.40000000001,7974,2236,345.0,3651,186.0,3,1.0,3008.0,0.37722598444946076,0.2804113368447454,0.37722598444946076,0.0,13.742839227489341,0.09449465899753492,0.05094494658997535,0.37722598444946076,ID
16061,Idaho,Lewis County,Lewis County,3533,0.0,3533,0,54725.399999999994,3533,12,155.0,1528,54.0,3,0.0,42.0,0.0,0.003396546844041891,1.0,0.0,15.489782054910838,0.10143979057591623,0.03534031413612566,0.011887913954146618,ID
16063,Idaho,Lincoln County,Lincoln County,5127,0.0,0,0,53833.5,5127,459,111.0,1785,20.0,1,0.0,0.0,0.0,0.08952603861907549,0.0,0.0,10.5,0.06218487394957983,0.011204481792717087,0.0,ID
16065,Idaho,Madison County,Madison County,52913,12294.0,32044,39194,1591791.7,52913,10855,1266.0,12700,278.0,11,1.0,19502.0,0.23234365845822388,0.20514807325231985,0.6055978681987413,0.7407253415984729,30.083187496456446,0.09968503937007873,0.02188976377952756,0.36856727080301627,ID
16067,Idaho,Minidoka County,Minidoka County,21613,4738.0,4738,10952,316301.3,21613,3759,900.0,7654,453.0,5,1.0,4738.0,0.21921991394068385,0.17392310183685744,0.21921991394068385,0.5067320594086893,14.634770739832508,0.11758557616932323,0.05918474000522603,0.21921991394068385,ID
16069,Idaho,Nez Perce County,Nez Perce County,42090,0.0,3330,31110,515949.5,42090,7380,1267.0,17231,978.0,10,0.0,0.0,0.0,0.17533856022808267,0.07911617961511047,0.7391304347826086,12.25824423853647,0.07353026521966223,0.05675816841738727,0.0,ID
16071,Idaho,Oneida County,Oneida County,4564,0.0,0,0,49291.200000000004,4564,607,93.0,1694,24.0,1,0.0,0.0,0.0,0.1329973707274321,0.0,0.0,10.8,0.05489964580873672,0.014167650531286895,0.0,ID
16073,Idaho,Owyhee County,Owyhee County,11913,3792.0,7195,0,145202.59999999998,11913,1492,511.0,4232,151.0,3,1.0,3792.0,0.31830773105011334,0.12524133299756568,0.603962058255687,0.0,12.18858389994124,0.12074669187145558,0.03568052930056711,0.31830773105011334,ID
16075,Idaho,Payette County,Payette County,25386,18298.0,18298,18298,258948.9,25386,4625,1516.0,9223,362.0,5,3.0,18298.0,0.7207909871582762,0.18218703222248483,0.7207909871582762,0.7207909871582762,10.200460883951784,0.1643716794969099,0.03924970183237558,0.7207909871582762,ID
16077,Idaho,Power County,Power County,7878,1625.0,7878,0,74763.0,7878,1079,250.0,2689,90.0,2,1.0,1625.0,0.20627062706270627,0.13696369636963696,1.0,0.0,9.490099009900991,0.09297136481963555,0.0334696913350688,0.20627062706270627,ID
16079,Idaho,Shoshone County,Shoshone County,13169,0.0,8858,0,172920.69999999998,13169,433,595.0,5836,260.0,3,0.0,0.0,0.0,0.0328802490697851,0.6726402915938947,0.0,13.130890728225376,0.10195339273474983,0.04455106237148732,0.0,ID
16081,Idaho,Teton County,Teton County,11630,0.0,1933,0,104326.5,11630,570,143.0,4360,64.0,7,0.0,0.0,0.0,0.049011177987962166,0.16620808254514188,0.0,8.970464316423044,0.03279816513761468,0.014678899082568808,0.0,ID
16083,Idaho,Twin Falls County,Twin Falls County,90046,0.0,25575,66722,1033985.6,90046,12350,3320.0,32761,999.0,17,0.0,8990.0,0.0,0.13715212224862847,0.28402150012215976,0.7409768340625902,11.482859871621171,0.10134000793626569,0.030493574677207657,0.09983786064900162,ID
16085,Idaho,Valley County,Valley County,11746,0.0,0,3171,137256.7,11746,1936,134.0,5131,180.0,4,0.0,0.0,0.0,0.1648220670866678,0.0,0.2699642431466031,11.685399284862934,0.026115766907035664,0.03508088091989865,0.0,ID
16087,Idaho,Washington County,Washington County,10500,0.0,8790,0,162041.6,10500,223,467.0,4087,206.0,3,0.0,0.0,0.0,0.021238095238095236,0.8371428571428572,0.0,15.432533333333334,0.11426474186444825,0.05040371910937118,0.0,ID
17001,Illinois,Adams County,Adams County,65737,0.0,23554,42391,865194.7,65737,4238,3448.0,27313,2083.0,19,0.0,0.0,0.0,0.06446902049074342,0.3583065853324612,0.644857538372606,13.16145701811765,0.12624025189470214,0.07626405008603962,0.0,IL
17003,Illinois,Alexander County,Alexander County,5240,0.0,3420,0,99360.9,5240,0,511.0,2384,192.0,4,0.0,0.0,0.0,0.0,0.6526717557251909,0.0,18.962003816793892,0.2143456375838926,0.08053691275167785,0.0,IL
17005,Illinois,Bond County,Bond County,16725,0.0,2918,6883,184629.1,16725,1512,793.0,6164,416.0,4,0.0,0.0,0.0,0.09040358744394619,0.1744693572496263,0.41153961136023914,11.039109118086698,0.12865022712524335,0.06748864373783257,0.0,IL
17007,Illinois,Boone County,Boone County,53448,9943.0,26013,39305,531578.4,53448,14539,2781.0,19109,823.0,10,2.0,9943.0,0.18603128274210448,0.2720214039814399,0.4866973506960036,0.7353876665169885,9.945711719802425,0.14553351823747973,0.04306871107854938,0.18603128274210448,IL
17009,Illinois,Brown County,Brown County,6244,0.0,3895,0,60852.0,6244,34,247.0,1959,174.0,2,0.0,0.0,0.0,0.005445227418321589,0.6237988468930173,0.0,9.745675848814862,0.1260847371107708,0.0888208269525268,0.0,IL
17011,Illinois,Bureau County,Bureau County,33244,3474.0,21959,10399,355301.4,33244,1391,1889.0,14179,935.0,10,1.0,6844.0,0.1045000601612321,0.041842136926964264,0.6605402478642762,0.31280832631452293,10.687684995788715,0.13322519218562662,0.06594259115593483,0.20587173625315847,IL
17013,Illinois,Calhoun County,Calhoun County,4437,0.0,0,0,29581.700000000004,4437,59,95.0,1831,34.0,2,0.0,0.0,0.0,0.01329727293216137,0.0,0.0,6.66704980842912,0.05188421627525942,0.018569087930092845,0.0,IL
17015,Illinois,Carroll County,Carroll County,15702,0.0,4944,0,226545.5,15702,0,996.0,6504,220.0,6,0.0,0.0,0.0,0.0,0.31486434849063816,0.0,14.427811743726913,0.15313653136531366,0.033825338253382534,0.0,IL
17017,Illinois,Cass County,Cass County,13042,0.0,10541,5236,143213.4,13042,0,755.0,5099,233.0,5,0.0,0.0,0.0,0.0,0.8082349332924398,0.40147216684557585,10.980938506364055,0.14806824867621102,0.04569523435967837,0.0,IL
17019,Illinois,Champaign County,Champaign County,205865,9882.0,83218,164508,4438187.7,205865,15976,7764.0,84419,10950.0,48,3.0,14411.0,0.04800233162509412,0.07760425521579677,0.4042357855876424,0.7991062103805893,21.55872877856848,0.09196981722124166,0.1297101363437141,0.07000218589852573,IL
17021,Illinois,Christian County,Christian County,34032,0.0,16934,14834,344293.2,34032,375,2076.0,13721,822.0,10,0.0,0.0,0.0,0.011019040902679831,0.4975905030559473,0.4358838740009403,10.116748942172073,0.15130092558851396,0.05990816995845784,0.0,IL
17023,Illinois,Clark County,Clark County,15455,0.0,1597,0,139528.9,15455,3,879.0,6506,338.0,4,0.0,0.0,0.0,0.00019411193788417986,0.10333225493367842,0.0,9.02807505661598,0.13510605594835537,0.051952044266830616,0.0,IL
17025,Illinois,Clay County,Clay County,13288,0.0,7984,5155,231534.5,13288,603,983.0,5506,259.0,4,0.0,5155.0,0.0,0.0453792895845876,0.600842865743528,0.38794400963275133,17.424330222757376,0.1785325099891028,0.04703959317108609,0.38794400963275133,IL
17027,Illinois,Clinton County,Clinton County,36899,0.0,7067,0,291247.3,36899,0,1311.0,14258,461.0,9,0.0,0.0,0.0,0.0,0.19152280549608391,0.0,7.893094663812027,0.09194837985692243,0.032332725487445646,0.0,IL
17029,Illinois,Coles County,Coles County,46863,6017.0,28506,40977,894361.2,46863,8603,3947.0,19861,1802.0,13,1.0,16116.0,0.12839553592386319,0.18357766254827904,0.6082837206324819,0.8743998463606684,19.08459125536137,0.1987311817129047,0.09073057751372035,0.34389603738557073,IL
17031,Illinois,Cook County,Cook County,5275541,5560.0,2148976,5254158,71260003.0,5275505,89168,329128.0,2086940,378260.0,1331,2.0,86922.0,0.0010539203467473763,0.016902152783951446,0.40734703796255206,0.9959467664074642,13.507712152675431,0.15770841519162027,0.18125101823722772,0.016476414456830114,IL
17033,Illinois,Crawford County,Crawford County,18679,0.0,6361,6208,225829.7,18679,314,1030.0,7471,454.0,6,0.0,0.0,0.0,0.01681032175169977,0.34054285561325554,0.3323518389635419,12.090031586273355,0.1378664168116718,0.06076830410922233,0.0,IL
17035,Illinois,Cumberland County,Cumberland County,10450,0.0,2913,0,94462.7,10450,0,385.0,4276,199.0,3,0.0,0.0,0.0,0.0,0.27875598086124403,0.0,9.039492822966507,0.09003741814780168,0.04653882132834425,0.0,IL
17037,Illinois,DeKalb County,DeKalb County,100420,14536.0,37917,73140,1561464.5,100420,12462,5827.0,38487,2525.0,23,3.0,20282.0,0.14475204142601075,0.1240987851025692,0.37758414658434575,0.7283409679346744,15.549337781318462,0.15140177202691818,0.06560656845168499,0.2019717187811193,IL
17039,Illinois,De Witt County,De Witt County,15516,0.0,3271,6833,155140.7,15516,15,863.0,6620,253.0,5,0.0,0.0,0.0,0.0009667440061871616,0.2108146429492137,0.44038411961845836,9.99875612271204,0.13036253776435044,0.038217522658610274,0.0,IL
17041,Illinois,Douglas County,Douglas County,19740,0.0,2181,4668,169377.7,19740,636,965.0,7749,840.0,5,0.0,0.0,0.0,0.03221884498480243,0.11048632218844985,0.2364741641337386,8.580430597771024,0.1245321977029294,0.10840108401084012,0.0,IL
17043,Illinois,DuPage County,DuPage County,932877,0.0,91411,915478,6126079.3,932877,46464,26030.0,348216,16003.0,219,0.0,24983.0,0.0,0.04980720931055219,0.09798826640596778,0.9813490953255359,6.566867121817774,0.07475245250074666,0.045957107082960004,0.026780593797467403,IL
17045,Illinois,Edgar County,Edgar County,16866,0.0,10905,9176,202770.7,16866,465,1460.0,7246,604.0,5,0.0,9176.0,0.0,0.027570259694059053,0.6465670579864817,0.544053124629432,12.022453456658367,0.20149047750483026,0.08335633452939553,0.544053124629432,IL
17047,Illinois,Edwards County,Edwards County,6245,0.0,6245,0,101148.4,6245,0,457.0,2694,104.0,3,0.0,0.0,0.0,0.0,1.0,0.0,16.19670136108887,0.1696362286562732,0.038604305864884926,0.0,IL
17049,Illinois,Effingham County,Effingham County,34668,0.0,3649,13154,352850.1,34668,730,1696.0,14117,793.0,8,0.0,0.0,0.0,0.021056882427598938,0.10525556709357332,0.37942771431868005,10.177976808584285,0.12013883969681943,0.056173407947864275,0.0,IL
17051,Illinois,Fayette County,Fayette County,21488,5600.0,17575,7631,356045.9,21488,1959,909.0,7935,433.0,7,1.0,5600.0,0.2606105733432614,0.09116716306775875,0.8178983618763961,0.3551284437825763,16.569522524199556,0.11455576559546314,0.054568367989918085,0.2606105733432614,IL
17053,Illinois,Ford County,Ford County,13534,0.0,4628,4628,166478.3,13534,166,842.0,5638,528.0,5,0.0,0.0,0.0,0.012265405645042117,0.3419535983449091,0.3419535983449091,12.300746268656715,0.1493437389145087,0.09365023057821922,0.0,IL
17055,Illinois,Franklin County,Franklin County,37804,7668.0,34545,18421,667728.0,37804,4736,4171.0,16251,1014.0,12,2.0,7668.0,0.20283567876415196,0.12527774838641415,0.9137921913025077,0.4872764786795048,17.66289281557507,0.25666112854593565,0.06239616023629315,0.20283567876415196,IL
17057,Illinois,Fulton County,Fulton County,33609,0.0,19959,9411,445782.3,33609,213,2393.0,14025,735.0,12,0.0,2120.0,0.0,0.006337588146032313,0.5938587878246898,0.2800142818887798,13.263777559582254,0.17062388591800356,0.052406417112299465,0.06307834211074415,IL
17059,Illinois,Gallatin County,Gallatin County,4946,0.0,4946,0,69450.2,4946,41,458.0,2150,161.0,2,0.0,0.0,0.0,0.008289526890416498,1.0,0.0,14.041690254751314,0.21302325581395348,0.07488372093023256,0.0,IL
17061,Illinois,Greene County,Greene County,11985,0.0,10366,0,171707.1,11985,0,689.0,5041,207.0,5,0.0,0.0,0.0,0.0,0.8649144764288694,0.0,14.32683354192741,0.13667923031144613,0.04106328109502083,0.0,IL
17063,Illinois,Grundy County,Grundy County,52533,5675.0,5675,37202,315844.5,52533,10942,2251.0,20038,824.0,10,1.0,5675.0,0.1080273351988274,0.20828812365560695,0.1080273351988274,0.70816439190604,6.012306550168465,0.11233656053498353,0.0411218684499451,0.1080273351988274,IL
17065,Illinois,Hamilton County,Hamilton County,7993,0.0,5626,0,96602.2,7993,21,516.0,3328,183.0,3,0.0,0.0,0.0,0.00262729888652571,0.7038658826473164,0.0,12.085850118853998,0.15504807692307693,0.05498798076923077,0.0,IL
17067,Illinois,Hancock County,Hancock County,17620,3164.0,9304,3164,215512.5,17620,631,1010.0,7556,409.0,7,1.0,3164.0,0.17956867196367765,0.03581157775255392,0.5280363223609534,0.17956867196367765,12.231129398410896,0.1336686077289571,0.05412916887241927,0.17956867196367765,IL
17069,Illinois,Hardin County,Hardin County,3649,0.0,3649,0,40030.5,3649,38,286.0,1701,139.0,2,0.0,0.0,0.0,0.010413812003288572,1.0,0.0,10.970265826253769,0.16813639035861258,0.08171663727219283,0.0,IL
17071,Illinois,Henderson County,Henderson County,6387,0.0,4686,0,89648.4,6387,0,374.0,2834,118.0,3,0.0,0.0,0.0,0.0,0.733677782996712,0.0,14.03607327383748,0.13196894848270996,0.04163726182074806,0.0,IL
17073,Illinois,Henry County,Henry County,49284,15560.0,25566,26305,447923.2,49284,6022,2696.0,20320,1338.0,14,4.0,15560.0,0.31572112653193735,0.12218975732489246,0.5187484782079377,0.5337432026621216,9.088612937261587,0.13267716535433072,0.06584645669291339,0.31572112653193735,IL
17075,Illinois,Iroquois County,Iroquois County,27077,0.0,11743,3227,341347.6,27077,19,1623.0,11160,515.0,9,0.0,0.0,0.0,0.0007017025519813864,0.43368910883775896,0.11917863869704916,12.60655168593271,0.1454301075268817,0.04614695340501792,0.0,IL
17077,Illinois,Jackson County,Jackson County,52974,6402.0,29753,27639,1190948.1,52974,4054,4243.0,23193,2647.0,17,2.0,14261.0,0.12085173858874165,0.07652810812851588,0.5616528863215917,0.5217465171593612,22.481747649790464,0.1829431293924891,0.11412926313974044,0.26920753577226564,IL
17079,Illinois,Jasper County,Jasper County,9287,0.0,2671,0,100907.4,9287,270,525.0,3801,167.0,3,0.0,0.0,0.0,0.029072897598794015,0.28760633143103265,0.0,10.86544632281684,0.13812154696132597,0.04393580636674559,0.0,IL
17081,Illinois,Jefferson County,Jefferson County,37113,7393.0,21489,20918,510106.1,37113,5106,2537.0,14945,932.0,11,2.0,7393.0,0.19920243580416566,0.1375798237814243,0.5790154393339261,0.5636299948805001,13.744674372861262,0.16975577116092339,0.062361993977919035,0.19920243580416566,IL
17083,Illinois,Jersey County,Jersey County,21512,0.0,5152,6098,190120.7,21512,1846,945.0,8652,371.0,6,0.0,0.0,0.0,0.08581256972852362,0.23949423577538118,0.2834696913350688,8.837890479732243,0.10922330097087378,0.04288025889967637,0.0,IL
17085,Illinois,Jo Daviess County,Jo Daviess County,22035,0.0,2995,0,174270.8,22035,0,874.0,9827,729.0,7,0.0,0.0,0.0,0.0,0.13592012707056955,0.0,7.908817789879736,0.08893863844510023,0.07418337234150808,0.0,IL
17087,Illinois,Johnson County,Johnson County,13308,0.0,10861,0,185386.6,13308,10,530.0,4577,177.0,4,0.0,0.0,0.0,0.0007514277126540427,0.8161256387135557,0.0,13.930462879470996,0.11579637317019882,0.03867161896438715,0.0,IL
17089,Illinois,Kane County,Kane County,516522,4916.0,161902,475814,4117576.2,516522,86692,20253.0,180374,8597.0,104,1.0,29240.0,0.009517503610688411,0.16783796237139947,0.31344647469033265,0.921188255292127,7.971734408214946,0.11228336678235222,0.04766207990065087,0.056609399018822046,IL
17091,Illinois,Kankakee County,Kankakee County,107502,8963.0,53013,74763,1324665.6,107502,7333,6532.0,41528,2700.0,30,2.0,15100.0,0.08337519301966476,0.06821268441517367,0.4931350114416476,0.6954568287101636,12.32224144667076,0.15729146599884417,0.06501637449431709,0.14046250302319957,IL
17093,Illinois,Kendall County,Kendall County,131869,0.0,13814,87691,713204.8,131869,17299,3907.0,43534,978.0,21,0.0,0.0,0.0,0.13118321971047023,0.1047554770264429,0.6649857055107721,5.4084341278086585,0.08974594569761565,0.02246519961409473,0.0,IL
17095,Illinois,Knox County,Knox County,49967,7509.0,24416,33929,733014.1,49967,5469,3235.0,20851,1802.0,16,2.0,7509.0,0.15027918426161266,0.10945223847739508,0.4886425040526748,0.6790281585846659,14.669964176356395,0.15514843412785959,0.08642271353891899,0.15027918426161266,IL
17097,Illinois,Lake County,Lake County,714342,6775.0,164906,670124,5863623.9,708921,111226,24166.0,253386,11807.0,159,2.0,21351.0,0.009484252640891897,0.15570413051451545,0.2308502090035305,0.9380996777453937,8.271195097902305,0.09537227786854838,0.04659689169883103,0.02988904474327423,IL
17099,Illinois,LaSalle County,LaSalle County,109658,9204.0,48716,65359,1519232.2,109658,5260,6729.0,45203,2716.0,28,2.0,9204.0,0.08393368472888435,0.04796731656605081,0.4442539531999489,0.5960258257491473,13.854276021813273,0.14886180120788442,0.060084507665420436,0.08393368472888435,IL
17101,Illinois,Lawrence County,Lawrence County,15280,3154.0,7688,4977,220109.8,15280,831,805.0,5571,313.0,5,1.0,3154.0,0.20641361256544502,0.0543848167539267,0.5031413612565445,0.32571989528795814,14.405091623036649,0.14449829474062106,0.05618380901094956,0.20641361256544502,IL
17103,Illinois,Lee County,Lee County,34145,0.0,10896,15000,411088.3,34145,3322,2048.0,13589,875.0,9,0.0,0.0,0.0,0.09729096500219651,0.31910967930883,0.43930297261678136,12.03948747986528,0.15071013319596732,0.06439031569651925,0.0,IL
17105,Illinois,Livingston County,Livingston County,35815,0.0,7199,8853,373263.8,35815,128,2146.0,14396,811.0,10,0.0,0.0,0.0,0.0035739215412536646,0.2010051654334776,0.2471869328493648,10.421996370235934,0.14906918588496804,0.056335093081411505,0.0,IL
17107,Illinois,Logan County,Logan County,27987,3692.0,9903,13913,354800.69999999995,27987,1320,2068.0,10749,768.0,8,1.0,3692.0,0.13191839068138778,0.047164755064851537,0.35384285561153395,0.49712366455854506,12.677339479043841,0.1923899897664899,0.07144850683784539,0.13191839068138778,IL
17109,Illinois,McDonough County,McDonough County,27238,0.0,15988,15123,637650.5,27238,1948,1680.0,11479,1112.0,11,0.0,5889.0,0.0,0.07151773257948454,0.5869740803289522,0.5552169762831338,23.41032748366253,0.14635421203937626,0.09687254987368238,0.2162053014171378,IL
17111,Illinois,McHenry County,McHenry County,310229,4545.0,32425,212901,1910693.3,310229,58168,8679.0,114282,4076.0,64,1.0,17723.0,0.014650467880178836,0.18750020146407975,0.10451956457971369,0.6862704647212221,6.158977078222861,0.07594371817084056,0.03566615915017238,0.057128766169507045,IL
17113,Illinois,McLean County,McLean County,170954,6024.0,64335,130648,2486342.8,170954,14348,7245.0,69096,4165.0,47,1.0,15425.0,0.03523754928226307,0.08392901014307942,0.3763293049592288,0.7642289738760134,14.543928776162007,0.10485411601250434,0.06027845316660878,0.09022895047790634,IL
17115,Illinois,Macon County,Macon County,103998,2374.0,49748,87162,1612529.7,103998,13431,8595.0,44549,4124.0,37,1.0,6971.0,0.02282736206465509,0.12914671435989153,0.47835535298755744,0.8381122713898345,15.505391449835573,0.1929336236503625,0.09257222384340838,0.0670301351949076,IL
17117,Illinois,Macoupin County,Macoupin County,44967,0.0,25074,13584,592010.7,44967,92,2712.0,18804,783.0,13,0.0,0.0,0.0,0.0020459448039673537,0.5576089132030155,0.30208819801187536,13.165447995196477,0.14422463305679642,0.04164007657945118,0.0,IL
17119,Illinois,Madison County,Madison County,265859,0.0,94402,209318,2985123.5,265859,26616,15129.0,108607,6229.0,63,0.0,20868.0,0.0,0.1001132179087411,0.355082957507551,0.7873271170056308,11.228220598136605,0.13930041341718305,0.05735357757787251,0.07849273487073975,IL
17121,Illinois,Marion County,Marion County,37729,0.0,19682,19336,591735.9,37729,711,3073.0,15620,1083.0,12,0.0,0.0,0.0,0.018844920353044078,0.5216676826844072,0.5124970182088049,15.683847968406265,0.19673495518565942,0.06933418693982074,0.0,IL
17123,Illinois,Marshall County,Marshall County,11742,0.0,4472,0,134520.4,11742,0,687.0,4982,184.0,5,0.0,0.0,0.0,0.0,0.3808550502469767,0.0,11.45634474535854,0.1378964271376957,0.03693295865114412,0.0,IL
17125,Illinois,Mason County,Mason County,13086,0.0,6402,0,191927.0,13086,10,898.0,5657,455.0,6,0.0,0.0,0.0,0.0007641754546843956,0.48922512608895,0.0,14.666590249121198,0.15874138235814036,0.08043132402333392,0.0,IL
17127,Illinois,Massac County,Massac County,14169,0.0,5956,5956,231171.1,14169,172,931.0,5871,279.0,4,0.0,0.0,0.0,0.012139177076716776,0.4203542945867739,0.4203542945867739,16.315272778601173,0.15857605177993528,0.04752171691364333,0.0,IL
17129,Illinois,Menard County,Menard County,12297,0.0,0,0,122955.7,12297,0,759.0,5103,288.0,3,0.0,0.0,0.0,0.0,0.0,0.0,9.998837114743433,0.14873603762492651,0.0564373897707231,0.0,IL
17131,Illinois,Mercer County,Mercer County,15699,0.0,0,0,140985.4,15699,0,652.0,6578,187.0,4,0.0,0.0,0.0,0.0,0.0,0.0,8.980533791961271,0.09911827303131651,0.028428093645484948,0.0,IL
17133,Illinois,Monroe County,Monroe County,34962,0.0,0,12894,177411.4,34962,5172,615.0,13752,558.0,7,0.0,0.0,0.0,0.1479320405011155,0.0,0.3688004118757508,5.074406498484068,0.04472076788830716,0.04057591623036649,0.0,IL
17135,Illinois,Montgomery County,Montgomery County,28288,0.0,9438,10742,361826.2,28288,842,1747.0,11155,742.0,8,0.0,0.0,0.0,0.029765271493212668,0.3336397058823529,0.3797369909502262,12.790801753393666,0.1566113850291349,0.06651725683549978,0.0,IL
17137,Illinois,Morgan County,Morgan County,32915,3786.0,12220,21431,454971.7,32915,1396,2124.0,13511,724.0,10,1.0,3786.0,0.11502354549597447,0.04241227403919186,0.37125930426857057,0.6511013215859031,13.822624943035091,0.1572052401746725,0.053585966989860116,0.11502354549597447,IL
17139,Illinois,Moultrie County,Moultrie County,14526,0.0,4070,4070,132201.4,14526,3,688.0,5662,775.0,4,0.0,0.0,0.0,0.00020652622883106156,0.2801872504474735,0.2801872504474735,9.1010188627289,0.12151183327446131,0.13687742847050513,0.0,IL
17141,Illinois,Ogle County,Ogle County,51788,0.0,15399,8260,429776.19999999995,51788,2494,2231.0,20870,1144.0,13,0.0,3295.0,0.0,0.04815787441106048,0.29734687572410595,0.15949640843438634,8.298760330578512,0.10689985625299472,0.054815524676569236,0.06362477794083571,IL
17143,Illinois,Peoria County,Peoria County,181830,3086.0,101154,133604,2854167.7,181830,8156,13992.0,75808,6264.0,49,1.0,20540.0,0.016971896826706263,0.044855084419512734,0.5563108397954133,0.7347742396744211,15.696902051366662,0.18457154917686788,0.08262980160405234,0.11296265742726723,IL
17145,Illinois,Perry County,Perry County,20945,0.0,13831,3910,353451.3,20945,351,1494.0,8014,513.0,6,0.0,3910.0,0.0,0.016758176175698258,0.6603485318691812,0.18667939842444498,16.875211267605632,0.18642375842276018,0.06401297728974295,0.18667939842444498,IL
17147,Illinois,Piatt County,Piatt County,16673,0.0,0,6310,102416.4,16673,1154,433.0,6818,142.0,4,0.0,0.0,0.0,0.0692136987944581,0.0,0.3784561866490734,6.14264979307863,0.06350836022293928,0.020827222059254913,0.0,IL
17149,Illinois,Pike County,Pike County,14739,0.0,11824,0,218299.9,14739,112,951.0,6138,204.0,5,0.0,0.0,0.0,0.007598887305787367,0.8022253884252663,0.0,14.811038740755817,0.1549364613880743,0.033235581622678395,0.0,IL
17151,Illinois,Pope County,Pope County,3763,0.0,1772,0,50127.6,3763,136,126.0,1694,76.0,2,0.0,1772.0,0.0,0.03614137656125432,0.4709008769598724,0.0,13.321179909646558,0.0743801652892562,0.0448642266824085,0.4709008769598724,IL
17153,Illinois,Pulaski County,Pulaski County,5193,0.0,5193,0,129978.7,5193,0,444.0,2268,143.0,2,0.0,0.0,0.0,0.0,1.0,0.0,25.029597535143463,0.19576719576719576,0.06305114638447971,0.0,IL
17155,Illinois,Putnam County,Putnam County,5637,0.0,2814,0,45372.0,5637,0,205.0,2426,80.0,2,0.0,0.0,0.0,0.0,0.49920170303352845,0.0,8.048962213943588,0.0845012366034625,0.03297609233305853,0.0,IL
17157,Illinois,Randolph County,Randolph County,30163,0.0,13045,4594,484988.1,30163,760,1538.0,11693,804.0,10,0.0,0.0,0.0,0.025196432715578688,0.43248350628253157,0.15230580512548486,16.078907933560984,0.13153168562387754,0.06875908663302831,0.0,IL
17159,Illinois,Richland County,Richland County,15813,0.0,13141,8714,191790.69999999998,15813,393,1014.0,6621,544.0,5,0.0,4009.0,0.0,0.024852969076076648,0.8310251059255044,0.5510655789540252,12.12867261114273,0.15314907113729043,0.0821628152847002,0.25352558021880733,IL
17161,Illinois,Rock Island County,Rock Island County,144672,7669.0,81742,118867,2288206.8,144672,3241,9845.0,60735,5286.0,43,2.0,17274.0,0.053009566467595665,0.022402399911524,0.5650160362751604,0.82163099977881,15.816514598540145,0.16209763727669382,0.08703383551494197,0.11940112806901128,IL
17163,Illinois,St. Clair County,St. Clair County,257400,12713.0,90590,193472,3510347.7,257400,17452,16293.0,103134,7567.0,68,3.0,21202.0,0.04939005439005439,0.0678010878010878,0.35194250194250193,0.7516394716394716,13.637714452214453,0.15797894001978008,0.07337056644753427,0.08236985236985236,IL
17165,Illinois,Saline County,Saline County,23768,2730.0,17723,8096,446633.6,23768,1507,2622.0,9996,963.0,9,1.0,5752.0,0.11486031639178727,0.06340457758330528,0.7456664422753282,0.3406260518343992,18.791383372601818,0.2623049219687875,0.09633853541416566,0.24200605856613935,IL
17167,Illinois,Sangamon County,Sangamon County,196343,5798.0,74462,135245,2670644.0,196343,14803,13108.0,84403,6438.0,54,1.0,5798.0,0.029529955231406262,0.07539357145403706,0.37924448541582845,0.6888200750727044,13.601931314077914,0.1553025366396929,0.07627690958852174,0.029529955231406262,IL
17169,Illinois,Schuyler County,Schuyler County,6902,0.0,5155,0,139034.3,6902,0,318.0,2807,136.0,3,0.0,0.0,0.0,0.0,0.7468849608809041,0.0,20.144059692842653,0.11328820805130033,0.04845030281439259,0.0,IL
17171,Illinois,Scott County,Scott County,4949,0.0,3264,0,56985.5,4949,0,332.0,2102,99.0,2,0.0,0.0,0.0,0.0,0.6595271772075166,0.0,11.514548393614872,0.15794481446241673,0.04709800190294957,0.0,IL
17173,Illinois,Shelby County,Shelby County,20990,0.0,8398,4935,191841.30000000002,20990,94,1245.0,8914,438.0,6,0.0,0.0,0.0,0.004478323010957599,0.40009528346831824,0.23511195807527394,9.13965221534064,0.1396679380749383,0.049136190262508414,0.0,IL
17175,Illinois,Stark County,Stark County,5400,0.0,0,0,59573.5,5400,0,264.0,2226,56.0,2,0.0,0.0,0.0,0.0,0.0,0.0,11.03212962962963,0.11859838274932614,0.025157232704402517,0.0,IL
17177,Illinois,Stephenson County,Stephenson County,44630,4354.0,27536,22930,621108.2,44630,2801,3291.0,19184,1526.0,13,1.0,12950.0,0.09755769661662558,0.06276047501680485,0.6169840914183284,0.5137799686309658,13.916831727537529,0.1715492076730609,0.07954545454545454,0.29016356710732694,IL
17179,Illinois,Tazewell County,Tazewell County,131343,0.0,24897,92601,1191607.7,131343,11141,5605.0,53985,2978.0,30,0.0,15612.0,0.0,0.08482370586936494,0.18955711381649573,0.7050318631369772,9.072487304233952,0.10382513661202186,0.05516347133462999,0.11886434754802311,IL
17181,Illinois,Union County,Union County,17244,5224.0,9382,7135,353563.4,17244,971,1191.0,6983,656.0,5,1.0,5224.0,0.30294595221526327,0.056309440964973326,0.5440733008582695,0.41376710739967526,20.503560658779868,0.17055706716311042,0.09394243161964771,0.30294595221526327,IL
17183,Illinois,Vermilion County,Vermilion County,74188,5007.0,52650,37437,1343467.7,74188,5050,5877.0,30568,2748.0,24,1.0,20959.0,0.06749069930446973,0.06807030786650133,0.709683506766593,0.5046233892273683,18.108962365881276,0.19225987961266683,0.0898979324784088,0.28251199654930714,IL
17185,Illinois,Wabash County,Wabash County,11361,5726.0,7712,7712,183517.8,11361,1259,966.0,4670,521.0,4,2.0,5726.0,0.5040049291435613,0.1108177097086524,0.678813484728457,0.678813484728457,16.15331396884077,0.2068522483940043,0.11156316916488222,0.5040049291435613,IL
17187,Illinois,Warren County,Warren County,16835,4810.0,12187,9614,249367.59999999998,16835,1033,1083.0,6720,470.0,5,1.0,9614.0,0.2857142857142857,0.06136026136026136,0.7239085239085239,0.5710721710721711,14.812450252450251,0.1611607142857143,0.06994047619047619,0.5710721710721711,IL
17189,Illinois,Washington County,Washington County,13761,0.0,3077,0,103323.59999999999,13761,0,549.0,5723,152.0,4,0.0,0.0,0.0,0.0,0.22360293583315166,0.0,7.5084368868541524,0.09592870871920321,0.02655949676742967,0.0,IL
17191,Illinois,Wayne County,Wayne County,16179,0.0,10199,5746,259404.6,16179,1034,961.0,6774,494.0,5,0.0,4335.0,0.0,0.0639100067989369,0.6303850670622412,0.35515173990975957,16.033413684405712,0.1418659580749926,0.07292589312075583,0.2679399221212683,IL
17193,Illinois,White County,White County,13877,0.0,13877,5293,226380.5,13877,387,1061.0,5846,537.0,5,0.0,2846.0,0.0,0.027887872018447793,1.0,0.38142249765799524,16.313360236362325,0.18149161820047896,0.0918576804652754,0.20508755494703465,IL
17195,Illinois,Whiteside County,Whiteside County,55691,2892.0,27611,32104,660406.5,55691,4191,3252.0,23556,1344.0,19,1.0,10379.0,0.051929396132229626,0.07525452945718339,0.4957892657700526,0.5764665744913899,11.858406205670574,0.1380539989811513,0.05705552725420275,0.18636763570415327,IL
17197,Illinois,Will County,Will County,696355,9133.0,116235,635924,5163699.0,696355,108333,24658.0,240009,9521.0,172,3.0,26572.0,0.013115436810247646,0.1555715116571289,0.16691917197406494,0.9132181143238721,7.4153255164391725,0.10273781399864172,0.03966934573286835,0.03815869779063839,IL
17199,Illinois,Williamson County,Williamson County,67153,8952.0,27606,33898,935139.7,67153,5931,4817.0,28145,1735.0,18,2.0,8952.0,0.13330752162971127,0.08832070048992599,0.41109109049484016,0.5047875746429795,13.925508912483433,0.17114940486764968,0.06164505240717712,0.13330752162971127,IL
17201,Illinois,Winnebago County,Winnebago County,285350,7284.0,131589,249540,4487746.7,285350,19998,23722.0,115459,9962.0,80,1.0,24381.0,0.025526546346591905,0.07008235500262835,0.4611494655686,0.8745049938671806,15.727165586122307,0.20545821460431843,0.08628171039070145,0.08544243910986508,IL
17203,Illinois,Woodford County,Woodford County,38467,0.0,2387,14166,272012.6,38467,5350,801.0,14616,479.0,9,0.0,0.0,0.0,0.13908025060441417,0.06205318844724049,0.36826370655366936,7.0713234720669655,0.05480295566502463,0.03277230432402846,0.0,IL
18001,Indiana,Adams County,Adams County,35809,5103.0,12170,10349,400333.1,35809,2524,816.0,12386,1626.0,7,1.0,5103.0,0.14250607389203832,0.07048507358485297,0.3398586947415454,0.2890055572621408,11.179678293166521,0.0658808331987728,0.13127724850637817,0.14250607389203832,IN
18003,Indiana,Allen County,Allen County,385410,10697.0,124116,330436,4923838.1,385410,47711,14273.0,151690,10665.0,96,3.0,23301.0,0.027754858462416647,0.12379284398432838,0.3220362730598583,0.8573622895098726,12.775584702005656,0.09409321642824181,0.07030786472410838,0.060457694403362655,IN
18005,Indiana,Bartholomew County,Bartholomew County,82208,0.0,17504,51140,863432.9,82208,10988,2474.0,32607,1740.0,16,0.0,0.0,0.0,0.13366095757103932,0.2129233164655508,0.6220805760996496,10.503027685869988,0.07587327874382802,0.053362774864292944,0.0,IN
18007,Indiana,Benton County,Benton County,8719,0.0,3094,0,120722.1,8719,0,403.0,3408,165.0,3,0.0,0.0,0.0,0.0,0.3548572083954582,0.0,13.84586535153114,0.11825117370892019,0.04841549295774648,0.0,IN
18009,Indiana,Blackford County,Blackford County,12112,0.0,5620,5620,198401.40000000002,12112,30,754.0,5179,492.0,4,0.0,0.0,0.0,0.002476882430647292,0.464002642007926,0.464002642007926,16.38056472919419,0.1455879513419579,0.09499903456265689,0.0,IN
18011,Indiana,Boone County,Boone County,70812,0.0,6004,43919,324861.8,70812,12427,1067.0,26593,685.0,11,0.0,6004.0,0.0,0.17549285431847708,0.08478788905835169,0.6202197367677794,4.5876659323278535,0.04012334072876321,0.025758658293535894,0.08478788905835169,IN
18013,Indiana,Brown County,Brown County,15475,0.0,3337,0,120313.20000000001,15475,4,332.0,6557,237.0,5,0.0,0.0,0.0,0.00025848142164781906,0.21563812600969307,0.0,7.774681744749597,0.05063291139240506,0.03614457831325301,0.0,IN
18015,Indiana,Carroll County,Carroll County,20306,0.0,2823,0,178857.40000000002,20306,0,423.0,8125,368.0,7,0.0,0.0,0.0,0.0,0.13902294888210381,0.0,8.808105978528515,0.052061538461538465,0.045292307692307694,0.0,IN
18017,Indiana,Cass County,Cass County,37870,0.0,18007,18007,500762.1,37870,60,1420.0,14900,745.0,11,0.0,0.0,0.0,0.0015843675732770002,0.4754951148666491,0.4754951148666491,13.223187219434909,0.0953020134228188,0.05,0.0,IN
18019,Indiana,Clark County,Clark County,121093,0.0,26976,83386,1243366.6,121093,9606,3939.0,48778,2584.0,27,0.0,3068.0,0.0,0.0793274590603916,0.22277092812961938,0.688611232688925,10.267865194519915,0.08075361843454017,0.0529747017097872,0.02533589885459936,IN
18021,Indiana,Clay County,Clay County,26466,6096.0,6096,19401,312555.3,26466,7961,820.0,10614,440.0,6,1.0,6096.0,0.23033325776467922,0.30080102773369605,0.23033325776467922,0.7330537293130809,11.80969167989118,0.07725645374034294,0.041454682494818165,0.23033325776467922,IN
18023,Indiana,Clinton County,Clinton County,33190,0.0,8440,15412,328480.5,33190,28,861.0,12421,508.0,8,0.0,0.0,0.0,0.0008436275986742995,0.2542934618861103,0.46435673395601085,9.896971979511902,0.06931809033089123,0.04089847838338298,0.0,IN
18025,Indiana,Crawford County,Crawford County,10526,0.0,10526,0,241268.1,10526,0,536.0,4330,238.0,3,0.0,0.0,0.0,0.0,1.0,0.0,22.921157134714043,0.12378752886836028,0.05496535796766744,0.0,IN
18027,Indiana,Daviess County,Daviess County,33381,0.0,7436,11815,393178.3,33381,248,1220.0,11737,1612.0,8,0.0,0.0,0.0,0.007429375992330967,0.2227614511248914,0.3539438602797999,11.778505736796381,0.10394478998040385,0.13734344381017297,0.0,IN
18029,Indiana,Dearborn County,Dearborn County,50679,0.0,3805,17220,381828.9,50679,8594,1571.0,19562,832.0,13,0.0,0.0,0.0,0.16957714240612481,0.0750804080585647,0.33978571005742025,7.534262712366069,0.08030876188528781,0.04253143850322053,0.0,IN
18031,Indiana,Decatur County,Decatur County,26472,0.0,0,8570,263241.5,26472,1182,597.0,10472,347.0,6,0.0,0.0,0.0,0.04465095194922938,0.0,0.3237382895134482,9.944148534300393,0.05700916730328495,0.03313598166539343,0.0,IN
18033,Indiana,DeKalb County,DeKalb County,43265,0.0,3095,18514,409278.3,43265,3983,1082.0,16868,995.0,9,0.0,0.0,0.0,0.09206055703224315,0.07153588350860973,0.4279209522708887,9.459801225008666,0.06414512686744131,0.05898743182357126,0.0,IN
18035,Indiana,Delaware County,Delaware County,111903,6587.0,56729,87034,2472833.3000000003,111903,11460,6562.0,45453,3308.0,34,2.0,16846.0,0.0588634799781954,0.10241012305300126,0.5069479817341805,0.7777628839262576,22.098007202666597,0.14436890854289045,0.07277847446813192,0.15054109362572943,IN
18037,Indiana,Dubois County,Dubois County,43637,0.0,13751,20787,479672.1,43637,5923,746.0,17412,736.0,9,0.0,13751.0,0.0,0.1357334372207072,0.315122487797053,0.47636180305703874,10.992325320255746,0.04284401562141052,0.042269699058120835,0.315122487797053,IN
18039,Indiana,Elkhart County,Elkhart County,207047,10742.0,61469,145077,2593964.1,207047,21461,5087.0,74631,5618.0,45,3.0,30736.0,0.05188193984940617,0.10365279381010109,0.29688428231271163,0.7006959772418823,12.528382927547852,0.06816202382388016,0.07527702965255725,0.14844938588822829,IN
18041,Indiana,Fayette County,Fayette County,23398,0.0,13546,13546,424059.0,23398,617,1326.0,9720,690.0,7,0.0,3445.0,0.0,0.026369775194461063,0.5789383708009231,0.5789383708009231,18.123728523805454,0.13641975308641976,0.07098765432098765,0.14723480639370887,IN
18043,Indiana,Floyd County,Floyd County,80484,0.0,19968,49947,844761.7,80484,5145,2417.0,32204,1841.0,20,0.0,4770.0,0.0,0.06392574921723572,0.2480990010436857,0.6205829730132697,10.496020327021519,0.07505278847348155,0.057166811576201716,0.05926643804979872,IN
18045,Indiana,Fountain County,Fountain County,16479,0.0,11555,0,204666.7,16479,0,610.0,6880,223.0,5,0.0,0.0,0.0,0.0,0.701195460889617,0.0,12.419849505431156,0.08866279069767442,0.03241279069767442,0.0,IN
18047,Indiana,Franklin County,Franklin County,22785,0.0,6238,0,157881.3,22785,0,420.0,8693,598.0,5,0.0,0.0,0.0,0.0,0.2737766074171604,0.0,6.929177090190914,0.04831473599447832,0.06879098124928103,0.0,IN
18049,Indiana,Fulton County,Fulton County,20480,0.0,8710,6089,316413.4,20480,8,996.0,8209,482.0,6,0.0,6089.0,0.0,0.000390625,0.42529296875,0.297314453125,15.449873046875002,0.12133024728956024,0.05871604336703618,0.297314453125,IN
18051,Indiana,Gibson County,Gibson County,33011,0.0,9416,7715,359857.5,33011,250,1096.0,13271,544.0,8,0.0,4390.0,0.0,0.007573233164702675,0.28523825391536156,0.23370997546272454,10.90113901426797,0.08258608997061262,0.04099163589782232,0.13298597437217896,IN
18053,Indiana,Grant County,Grant County,66674,2763.0,42727,39317,1369026.9,66674,2484,3698.0,26487,1707.0,16,1.0,12515.0,0.04144044155142934,0.037255901850796413,0.6408345082040976,0.5896901340852506,20.53314485406605,0.13961566051270435,0.06444670970664855,0.18770435252122267,IN
18055,Indiana,Greene County,Greene County,30803,0.0,11484,4977,389167.0,30803,154,1404.0,12754,813.0,9,0.0,0.0,0.0,0.004999513034444697,0.37282082914001885,0.16157517124955362,12.63406161737493,0.11008311118080602,0.06374470754273169,0.0,IN
18057,Indiana,Hamilton County,Hamilton County,347467,5018.0,8420,309725,1542683.0,347467,91408,3433.0,128475,3260.0,57,1.0,5018.0,0.01444165920792478,0.2630695864643261,0.02423251704478411,0.8913796130279997,4.439797160593668,0.02672115197509243,0.025374586495427127,0.01444165920792478,IN
18059,Indiana,Hancock County,Hancock County,79840,0.0,3007,37324,386027.2,79840,7997,1517.0,30837,995.0,15,0.0,0.0,0.0,0.1001628256513026,0.037662825651302606,0.46748496993987976,4.83501002004008,0.04919414988487855,0.03226643318091903,0.0,IN
18061,Indiana,Harrison County,Harrison County,39654,0.0,2769,0,284480.7,39654,0,935.0,15541,617.0,9,0.0,0.0,0.0,0.0,0.06982902103192616,0.0,7.174073233469511,0.06016343864616176,0.039701434914098194,0.0,IN
18063,Indiana,Hendricks County,Hendricks County,174788,0.0,3393,134426,928296.5,174788,47134,2220.0,64109,2217.0,31,0.0,0.0,0.0,0.2696638213149644,0.01941208778634689,0.7690802572258966,5.3109853079158755,0.03462852329626106,0.03458172799450935,0.0,IN
18065,Indiana,Henry County,Henry County,48914,0.0,21123,21154,657312.3,48914,2372,1889.0,18954,1064.0,13,0.0,4549.0,0.0,0.04849327390931022,0.4318395551375884,0.43247332052173204,13.438122010058471,0.09966234040308114,0.05613590798775984,0.0929999591119107,IN
18067,Indiana,Howard County,Howard County,83658,0.0,29904,58602,1131940.2,83658,3831,4070.0,35711,2597.0,21,0.0,3881.0,0.0,0.04579358818044897,0.35745535394104566,0.7004948719787707,13.53056730976117,0.11397048528464619,0.07272269048752485,0.046391259652394275,IN
18069,Indiana,Huntington County,Huntington County,36662,3853.0,10676,16188,366219.7,36662,3405,1692.0,14765,719.0,9,1.0,6927.0,0.1050951939337734,0.09287545687632971,0.291200698270689,0.4415471059953085,9.98908133762479,0.114595326786319,0.048696241110734846,0.18894222901096502,IN
18071,Indiana,Jackson County,Jackson County,46428,0.0,15305,21098,582169.3999999999,46428,1243,1571.0,17809,1034.0,11,0.0,9388.0,0.0,0.026772637201688636,0.32965021107952097,0.4544240544499009,12.539187559231497,0.08821382447077321,0.05806053119209389,0.20220556560696132,IN
18073,Indiana,Jasper County,Jasper County,32918,0.0,14029,0,277865.4,32918,0,685.0,12728,295.0,8,0.0,0.0,0.0,0.0,0.42618020535877027,0.0,8.441138586791421,0.05381835323695789,0.023177247014456316,0.0,IN
18075,Indiana,Jay County,Jay County,20478,0.0,9981,6621,291632.1,20478,312,757.0,7902,639.0,7,0.0,0.0,0.0,0.015235862877234104,0.4874011133899795,0.3233225900966891,14.24123937884559,0.09579853201721084,0.08086560364464693,0.0,IN
18077,Indiana,Jefferson County,Jefferson County,33147,0.0,8017,7979,411261.1,33147,1006,1274.0,12992,435.0,7,0.0,0.0,0.0,0.03034965456904094,0.24186200862823182,0.24071560020514676,12.407189187558451,0.0980603448275862,0.033482142857142856,0.0,IN
18079,Indiana,Jennings County,Jennings County,27613,0.0,7038,2393,341359.9,27613,78,873.0,10582,599.0,6,0.0,0.0,0.0,0.002824756455292797,0.25487994785065005,0.08666207945532901,12.362289501321841,0.0824985824985825,0.056605556605556606,0.0,IN
18081,Indiana,Johnson County,Johnson County,161765,6076.0,16944,114236,1189938.4,161765,19514,4075.0,60259,2083.0,28,1.0,8630.0,0.03756065898062003,0.1206317806694897,0.10474453682811485,0.7061848978456403,7.3559694618737055,0.06762475314890722,0.03456745050531871,0.05334899391092016,IN
18083,Indiana,Knox County,Knox County,36282,0.0,15934,19535,509587.0,36282,4111,1963.0,14783,1143.0,11,0.0,0.0,0.0,0.11330687393197729,0.4391709387575106,0.5384212557190894,14.045173915440163,0.13278766150307786,0.07731854156801732,0.0,IN
18085,Indiana,Kosciusko County,Kosciusko County,80240,1579.0,9115,29251,788519.7,80240,7434,1652.0,31196,1772.0,21,1.0,1579.0,0.019678464606181455,0.09264705882352942,0.11359670987038883,0.36454386839481556,9.82701520438684,0.052955507116296964,0.056802154122323374,0.019678464606181455,IN
18087,Indiana,LaGrange County,LaGrange County,40446,0.0,0,0,240740.9,40446,0,597.0,12676,3764.0,9,0.0,0.0,0.0,0.0,0.0,0.0,5.952155961034466,0.04709687598611549,0.2969390975071,0.0,IN
18089,Indiana,Lake County,Lake County,498700,2666.0,250649,463286,7177767.2,498700,36168,25127.0,195090,14036.0,131,1.0,40535.0,0.005345899338279527,0.07252456386605173,0.5026047724082615,0.928987367154602,14.39295608582314,0.12879696550310113,0.07194628120354708,0.08128133146180068,IN
18091,Indiana,LaPorte County,LaPorte County,112417,13144.0,45502,62238,1730305.9,112417,8282,4318.0,43799,2079.0,30,4.0,17176.0,0.11692181787452076,0.07367213143919514,0.4047608457795529,0.5536351263598922,15.391852655737122,0.09858672572433161,0.04746683714240051,0.15278827935276693,IN
18093,Indiana,Lawrence County,Lawrence County,45011,0.0,10158,13547,557372.0,45011,1133,1583.0,18542,927.0,13,0.0,3967.0,0.0,0.02517162471395881,0.22567816755904113,0.30097087378640774,12.383017484614872,0.08537374608995793,0.04999460683852874,0.0881340116860323,IN
18095,Indiana,Madison County,Madison County,130129,0.0,64939,87928,1721583.8,127606,9342,7365.0,52511,3244.0,39,0.0,8272.0,0.0,0.0717903003942242,0.49903557239354795,0.675698729722045,13.491401658229238,0.14025632724571993,0.06177753232656015,0.06356769052248154,IN
18097,Indiana,Marion County,Marion County,977203,26683.0,519926,956463,15006125.5,977202,51656,49932.0,398062,33157.0,253,5.0,120541.0,0.027305483098189424,0.05286107390173792,0.5320552638499881,0.9787761601223083,15.35621652432148,0.1254377458787827,0.08329606945651682,0.12335308016860366,IN
18099,Indiana,Marshall County,Marshall County,46095,0.0,17085,12000,538176.1,46095,295,1133.0,17480,1175.0,12,0.0,0.0,0.0,0.006399826445384532,0.37064757565896517,0.26033192320208265,11.675368261199695,0.06481693363844393,0.06721967963386728,0.0,IN
18101,Indiana,Martin County,Martin County,9812,0.0,3740,0,157207.6,9812,0,284.0,4060,176.0,3,0.0,0.0,0.0,0.0,0.3811659192825112,0.0,16.021973094170406,0.06995073891625615,0.04334975369458128,0.0,IN
18103,Indiana,Miami County,Miami County,35962,6063.0,16425,14229,524185.5,35962,4950,1539.0,13348,685.0,10,1.0,6063.0,0.16859462766253266,0.13764529225293365,0.4567321061120071,0.3956676491852511,14.576094210555587,0.11529817201078814,0.05131854959544501,0.16859462766253266,IN
18105,Indiana,Monroe County,Monroe County,139718,0.0,64892,109016,3048724.4,139718,13966,3564.0,58268,4954.0,33,0.0,10098.0,0.0,0.09995848781116248,0.46444982035242416,0.7802573755707926,21.820555690748506,0.06116564838333219,0.08502093773597859,0.0722741522209021,IN
18107,Indiana,Montgomery County,Montgomery County,37936,0.0,4409,14241,399848.1,37936,374,1442.0,15210,867.0,9,0.0,0.0,0.0,0.009858709405314213,0.11622205820328975,0.3753954027836356,10.540070118093631,0.0948060486522025,0.057001972386587774,0.0,IN
18109,Indiana,Morgan County,Morgan County,71780,0.0,26256,26604,670595.5,71780,8166,2209.0,27720,1027.0,17,0.0,4921.0,0.0,0.11376427974366118,0.365784341042073,0.37063248815826133,9.342372527166342,0.07968975468975469,0.03704906204906205,0.06855670103092784,IN
18111,Indiana,Newton County,Newton County,13830,0.0,13830,0,191217.2,13830,0,486.0,5537,173.0,4,0.0,0.0,0.0,0.0,1.0,0.0,13.826261749819235,0.08777316236229005,0.03124435614953946,0.0,IN
18113,Indiana,Noble County,Noble County,47457,5572.0,10274,8785,437947.5,47457,1562,923.0,17981,1837.0,10,1.0,5572.0,0.11741155150978781,0.03291400636365552,0.21649071791305813,0.18511494616178856,9.228301409697199,0.051331961514932425,0.10216339469439964,0.11741155150978781,IN
18115,Indiana,Ohio County,Ohio County,5940,0.0,2542,0,47839.0,5940,0,90.0,2476,140.0,2,0.0,0.0,0.0,0.0,0.42794612794612796,0.0,8.053703703703704,0.036348949919224556,0.05654281098546042,0.0,IN
18117,Indiana,Orange County,Orange County,19867,0.0,3212,0,273638.2,19867,0,920.0,7982,535.0,6,0.0,0.0,0.0,0.0,0.16167513967886446,0.0,13.773503800271808,0.11525933350037584,0.06702580806815335,0.0,IN
18119,Indiana,Owen County,Owen County,21321,0.0,10269,0,262809.7,21321,0,838.0,8645,269.0,6,0.0,0.0,0.0,0.0,0.48163782186576615,0.0,12.326330847521223,0.09693464430306535,0.031116252168883748,0.0,IN
18121,Indiana,Parke County,Parke County,16156,0.0,5200,0,262778.19999999995,16156,0,781.0,6052,524.0,5,0.0,0.0,0.0,0.0,0.3218618469918297,0.0,16.26505323099777,0.1290482485128883,0.08658294778585592,0.0,IN
18123,Indiana,Perry County,Perry County,19170,4002.0,10553,8262,282905.0,19170,1300,801.0,7559,429.0,5,1.0,8262.0,0.20876369327073552,0.06781429316640585,0.5504955659885238,0.4309859154929577,14.757694314032342,0.10596639767164968,0.056753538827887286,0.4309859154929577,IN
18125,Indiana,Pike County,Pike County,12250,0.0,2823,0,128631.8,12250,0,478.0,4972,209.0,4,0.0,0.0,0.0,0.0,0.23044897959183674,0.0,10.500555102040817,0.09613837489943684,0.0420353982300885,0.0,IN
18127,Indiana,Porter County,Porter County,173215,4016.0,40125,120780,1721724.6,173193,23035,3825.0,67361,2320.0,42,1.0,20075.0,0.02318505903068441,0.13298501861847992,0.23164852928441532,0.6972837225413503,9.941074985709585,0.05678359881830733,0.03444129392378379,0.11589642929307507,IN
18129,Indiana,Posey County,Posey County,25222,0.0,6142,6142,259455.59999999998,25222,44,735.0,10133,326.0,7,0.0,0.0,0.0,0.0017445087621917373,0.24351756403140115,0.24351756403140115,10.286876536357148,0.07253528076581467,0.03217211092470147,0.0,IN
18131,Indiana,Pulaski County,Pulaski County,12514,0.0,3521,0,153278.6,12514,0,401.0,5100,298.0,4,0.0,0.0,0.0,0.0,0.2813648713440946,0.0,12.248569602045709,0.07862745098039216,0.05843137254901961,0.0,IN
18133,Indiana,Putnam County,Putnam County,36726,0.0,4982,12114,315328.3,36726,2193,1150.0,13404,499.0,9,0.0,4982.0,0.0,0.059712465283450415,0.13565321570549474,0.3298480640418232,8.585969068235038,0.08579528498955535,0.03722769322590271,0.13565321570549474,IN
18135,Indiana,Randolph County,Randolph County,24502,2376.0,9174,9174,387376.7,24502,1206,1552.0,10193,684.0,8,1.0,9174.0,0.09697167578156884,0.049220471798220554,0.37441841482327975,0.37441841482327975,15.810003265039589,0.15226135583243403,0.06710487589522221,0.37441841482327975,IN
18137,Indiana,Ripley County,Ripley County,28995,0.0,0,5028,293759.2,28995,1846,845.0,11374,504.0,7,0.0,0.0,0.0,0.06366614933609242,0.0,0.17340920848422142,10.131374374892223,0.07429224547212941,0.04431158783189731,0.0,IN
18139,Indiana,Rush County,Rush County,16752,0.0,3533,6301,194577.7,16752,341,674.0,6712,353.0,5,0.0,0.0,0.0,0.020355778414517668,0.21090019102196753,0.3761341929321872,11.615192215854824,0.10041716328963052,0.05259237187127533,0.0,IN
18141,Indiana,St. Joseph County,St. Joseph County,272912,0.0,102109,237445,4065742.9,272912,31037,10469.0,107307,7204.0,82,0.0,13934.0,0.0,0.11372530339450079,0.37414624494342497,0.8700423579761974,14.897633303042738,0.09756120290381802,0.06713448330491022,0.05105675089406109,IN
18143,Indiana,Scott County,Scott County,24384,0.0,9659,5882,412724.8,24384,249,1400.0,9717,349.0,5,0.0,5882.0,0.0,0.010211614173228346,0.396120406824147,0.2412237532808399,16.926049868766405,0.14407739014099002,0.035916435113718226,0.2412237532808399,IN
18145,Indiana,Shelby County,Shelby County,45055,6453.0,21459,18261,583125.7,45055,1540,1486.0,17943,999.0,10,1.0,11796.0,0.14322494728664964,0.03418044612140717,0.4762845411164133,0.4053046276772833,12.942530240816778,0.08281781196009586,0.05567630830964722,0.2618133392520253,IN
18147,Indiana,Spencer County,Spencer County,19810,0.0,5256,0,148082.80000000002,19810,0,540.0,7882,221.0,6,0.0,0.0,0.0,0.0,0.26532054517920245,0.0,7.4751539626451295,0.06851053032225324,0.02803856889114438,0.0,IN
18149,Indiana,Starke County,Starke County,23371,0.0,13524,0,312343.5,23371,0,1121.0,9287,595.0,7,0.0,0.0,0.0,0.0,0.5786658679560138,0.0,13.36457575627915,0.12070636373425218,0.06406805211586088,0.0,IN
18151,Indiana,Steuben County,Steuben County,34435,0.0,5565,14628,325015.1,34435,5189,999.0,13766,757.0,9,0.0,5565.0,0.0,0.15068970524175984,0.16160882822709452,0.42480034848264847,9.438510236677798,0.07257010024698532,0.054990556443411304,0.16160882822709452,IN
18153,Indiana,Sullivan County,Sullivan County,20817,0.0,12657,3317,303480.3,20817,198,863.0,7727,385.0,8,0.0,0.0,0.0,0.009511456982274102,0.608012681942643,0.15934092328385455,14.57848393140222,0.11168629481040507,0.04982528795133946,0.0,IN
18155,Indiana,Switzerland County,Switzerland County,9737,0.0,2730,0,124152.20000000001,9737,0,502.0,3788,252.0,3,0.0,0.0,0.0,0.0,0.2803738317757009,0.0,12.75055972065318,0.13252375923970433,0.0665258711721225,0.0,IN
18157,Indiana,Tippecanoe County,Tippecanoe County,186251,16237.0,85432,161021,3734004.9,178207,23343,5470.0,71651,7328.0,43,4.0,22721.0,0.08717805541983667,0.12533087070673446,0.45869283923307796,0.864537640066362,20.953188707514293,0.07634227017068848,0.10227352025791685,0.1219912913219258,IN
18159,Indiana,Tipton County,Tipton County,15359,2537.0,6735,6735,174013.0,15359,1784,421.0,6244,149.0,5,1.0,2537.0,0.1651800247411941,0.11615339540334657,0.43850511100983136,0.43850511100983136,11.329708965427436,0.06742472773862908,0.023862908392056376,0.1651800247411941,IN
18161,Indiana,Union County,Union County,7087,0.0,0,0,60711.299999999996,7087,0,182.0,2923,130.0,2,0.0,0.0,0.0,0.0,0.0,0.0,8.566572597714124,0.06226479644201163,0.04447485460143688,0.0,IN
18163,Indiana,Vanderburgh County,Vanderburgh County,180136,4141.0,83780,169426,2644984.4,180128,18262,8778.0,76084,6246.0,59,1.0,15064.0,0.022988186703379668,0.10137895812053116,0.4650930408136075,0.94054492161478,14.683915882039438,0.11537248304505547,0.08209347563219599,0.0836257050228716,IN
18165,Indiana,Vermillion County,Vermillion County,15439,0.0,7457,4835,237276.1,15439,212,757.0,6504,337.0,5,0.0,0.0,0.0,0.013731459291404884,0.48299760347172743,0.3131679512921821,15.368618433836389,0.116389913899139,0.051814268142681426,0.0,IN
18167,Indiana,Vigo County,Vigo County,106153,0.0,53351,74508,2077986.9000000001,106153,7706,5726.0,41849,3365.0,32,0.0,4954.0,0.0,0.07259333226569198,0.5025858901773854,0.701892551317438,19.57539494880032,0.13682525269421014,0.08040813400559153,0.04666848793722269,IN
18169,Indiana,Wabash County,Wabash County,30976,0.0,6970,15908,346564.8,30976,874,898.0,12721,571.0,8,0.0,0.0,0.0,0.028215392561983473,0.2250129132231405,0.5135588842975206,11.188171487603306,0.07059193459633677,0.04488640830123418,0.0,IN
18171,Indiana,Warren County,Warren County,8440,0.0,0,0,93045.0,8440,0,250.0,3333,69.0,3,0.0,0.0,0.0,0.0,0.0,0.0,11.024289099526067,0.075007500750075,0.020702070207020702,0.0,IN
18173,Indiana,Warrick County,Warrick County,63898,0.0,3472,40148,443900.4,63898,6780,911.0,24618,756.0,16,0.0,0.0,0.0,0.1061066074055526,0.05433659895458387,0.6283138752386617,6.947015556042443,0.03700544317166301,0.030709237143553496,0.0,IN
18175,Indiana,Washington County,Washington County,28182,0.0,10825,3173,405227.2,28182,0,1235.0,11031,478.0,7,0.0,0.0,0.0,0.0,0.38411042509403165,0.11258959619615358,14.378936910084452,0.11195721149487807,0.04333242679720787,0.0,IN
18177,Indiana,Wayne County,Wayne County,66553,0.0,24030,37513,1205396.4,66553,2596,4080.0,27409,2403.0,18,0.0,7177.0,0.0,0.039006506092888374,0.3610656168767749,0.5636560335371809,18.111826664462907,0.1488562151118246,0.08767193257689081,0.10783886526527729,IN
18179,Indiana,Wells County,Wells County,28180,0.0,4186,11720,201639.4,28180,1443,666.0,11134,471.0,7,0.0,4186.0,0.0,0.05120652945351313,0.14854506742370477,0.41589779985805536,7.1554080908445705,0.059816777438476736,0.042302856116400216,0.14854506742370477,IN
18181,Indiana,White County,White County,24688,0.0,9585,5243,251338.7,24688,22,637.0,9936,330.0,9,0.0,0.0,0.0,0.0008911211924821776,0.3882453013609851,0.2123703823720026,10.180601911860013,0.06411030595813204,0.03321256038647343,0.0,IN
18183,Indiana,Whitley County,Whitley County,34191,0.0,5219,7916,341637.5,34191,1951,906.0,13857,553.0,8,0.0,0.0,0.0,0.05706179988885964,0.15264250826240824,0.23152291538709016,9.99203006639174,0.06538211734141589,0.03990762791368983,0.0,IN
19001,Iowa,Adair County,Adair County,7496,0.0,0,0,71374.5,7496,78,318.0,3217,141.0,3,0.0,0.0,0.0,0.01040554962646745,0.0,0.0,9.521678228388474,0.09884986011812247,0.04382965495803544,0.0,IA
19003,Iowa,Adams County,Adams County,3704,0.0,0,0,33814.799999999996,3704,98,146.0,1614,84.0,2,0.0,0.0,0.0,0.026457883369330453,0.0,0.0,9.129265658747299,0.09045848822800495,0.05204460966542751,0.0,IA
19005,Iowa,Allamakee County,Allamakee County,14061,0.0,0,0,138373.7,14061,75,494.0,5797,222.0,5,0.0,0.0,0.0,0.005333902282910177,0.0,0.0,9.84095725766304,0.08521649128859755,0.038295670174228046,0.0,IA
19007,Iowa,Appanoose County,Appanoose County,12317,0.0,9749,5862,210184.0,12317,926,689.0,5320,360.0,5,0.0,2975.0,0.0,0.0751806446374929,0.7915076723228058,0.4759275797678006,17.06454493789072,0.12951127819548872,0.06766917293233082,0.241536088333198,IA
19009,Iowa,Audubon County,Audubon County,5674,0.0,0,0,67259.8,5674,0,218.0,2498,196.0,3,0.0,0.0,0.0,0.0,0.0,0.0,11.854035953471978,0.08726981585268215,0.07846277021617294,0.0,IA
19011,Iowa,Benton County,Benton County,25575,0.0,5122,5122,191194.7,25575,301,491.0,10282,340.0,7,0.0,5122.0,0.0,0.01176930596285435,0.20027370478983383,0.20027370478983383,7.475843597262952,0.047753355378331065,0.033067496595993,0.20027370478983383,IA
19013,Iowa,Black Hawk County,Black Hawk County,131144,0.0,53484,104577,2055821.8,131144,5724,6077.0,54223,3455.0,39,0.0,8784.0,0.0,0.04364667846031843,0.40782651131580555,0.7974211553711951,15.676064478740926,0.11207421205023699,0.0637183483023809,0.06697980845482827,IA
19015,Iowa,Boone County,Boone County,26715,0.0,3889,12404,165753.8,26715,252,524.0,10981,598.0,7,0.0,3889.0,0.0,0.009432902863559798,0.1455736477634288,0.4643084409507767,6.204521804229833,0.04771878699571988,0.05445769966305437,0.1455736477634288,IA
19017,Iowa,Bremer County,Bremer County,24988,0.0,2067,10688,200554.2,24988,2177,518.0,9646,250.0,8,0.0,0.0,0.0,0.08712181847286697,0.08271970545862013,0.427725308147911,8.02602048983512,0.05370101596516691,0.025917478747667425,0.0,IA
19019,Iowa,Buchanan County,Buchanan County,20565,0.0,0,3743,177157.6,20565,363,544.0,8198,546.0,6,0.0,0.0,0.0,0.01765134938001459,0.0,0.18200826647216145,8.614519815220035,0.06635764820687973,0.06660161014881678,0.0,IA
19021,Iowa,Buena Vista County,Buena Vista County,20823,0.0,0,11856,160510.6,20823,3113,754.0,7447,126.0,6,0.0,0.0,0.0,0.14949815108293713,0.0,0.5693704077222302,7.708332132737838,0.10124882503021351,0.016919564925473345,0.0,IA
19023,Iowa,Butler County,Butler County,14334,0.0,0,0,132073.5,14334,0,411.0,5992,209.0,5,0.0,0.0,0.0,0.0,0.0,0.0,9.214001674340729,0.06859145527369827,0.034879839786381844,0.0,IA
19025,Iowa,Calhoun County,Calhoun County,9927,0.0,2981,0,93394.7,9927,11,378.0,4070,137.0,4,0.0,0.0,0.0,0.001108089050065478,0.3002921325677445,0.0,9.408149491286391,0.09287469287469287,0.03366093366093366,0.0,IA
19027,Iowa,Carroll County,Carroll County,20760,0.0,0,10449,165156.1,20760,1482,522.0,8764,429.0,6,0.0,0.0,0.0,0.07138728323699423,0.0,0.5033236994219653,7.955496146435453,0.05956184390689183,0.04895025102692834,0.0,IA
19029,Iowa,Cass County,Cass County,13127,0.0,2898,6971,189569.8,13127,891,699.0,5818,335.0,5,0.0,2898.0,0.0,0.06787537137198141,0.22076635941189915,0.5310428887026739,14.441212767578273,0.12014437951185974,0.05757992437263665,0.22076635941189915,IA
19031,Iowa,Cedar County,Cedar County,18505,0.0,0,0,136112.9,18505,0,497.0,7594,195.0,5,0.0,0.0,0.0,0.0,0.0,0.0,7.355466090245879,0.06544640505662365,0.025678166973926785,0.0,IA
19033,Iowa,Cerro Gordo County,Cerro Gordo County,43127,0.0,11283,31775,453747.6,43127,3254,1760.0,19224,979.0,12,0.0,2763.0,0.0,0.07545157326037054,0.2616226493843764,0.736777424815081,10.521195538757622,0.09155222638368705,0.05092592592592592,0.06406659401303127,IA
19035,Iowa,Cherokee County,Cherokee County,11658,0.0,0,5602,142382.3,11658,1113,353.0,5008,289.0,5,0.0,0.0,0.0,0.09547092125579001,0.0,0.48052839252015783,12.213269857608509,0.07048722044728435,0.05770766773162939,0.0,IA
19037,Iowa,Chickasaw County,Chickasaw County,12012,0.0,0,0,105384.20000000001,12012,137,249.0,5022,148.0,4,0.0,0.0,0.0,0.011405261405261406,0.0,0.0,8.773243423243425,0.04958183990442055,0.029470330545599364,0.0,IA
19039,Iowa,Clarke County,Clarke County,9748,0.0,7758,5454,96548.8,9748,242,469.0,3871,510.0,3,0.0,5454.0,0.0,0.024825605252359457,0.7958555601148953,0.559499384489126,9.904472712351252,0.12115732368896925,0.13174890209248255,0.559499384489126,IA
19041,Iowa,Clay County,Clay County,16384,0.0,5217,11581,192899.7,16384,1753,683.0,7222,401.0,5,0.0,5217.0,0.0,0.10699462890625,0.31842041015625,0.70684814453125,11.773663330078126,0.09457214068125173,0.05552478537801163,0.31842041015625,IA
19043,Iowa,Clayton County,Clayton County,17043,0.0,4949,0,186121.4,17043,7,504.0,7315,516.0,6,0.0,2085.0,0.0,0.0004107258111834771,0.2903831485067183,0.0,10.92069471337206,0.06889952153110047,0.07053998632946001,0.12233761661679282,IA
19045,Iowa,Clinton County,Clinton County,46460,0.0,13363,36416,617673.4,46460,6123,2491.0,19483,1404.0,12,0.0,5997.0,0.0,0.13179078777442962,0.2876237623762376,0.7838140335772708,13.29473525613431,0.12785505312323564,0.07206282400041061,0.1290787774429617,IA
19047,Iowa,Crawford County,Crawford County,16525,8951.0,10984,8951,249502.40000000002,16525,2503,666.0,6255,215.0,6,2.0,10984.0,0.5416641452344932,0.15146747352496218,0.6646898638426626,0.5416641452344932,15.0984810892587,0.10647482014388489,0.03437250199840128,0.6646898638426626,IA
19049,Iowa,Dallas County,Dallas County,99678,0.0,12171,77938,631805.5,99678,6199,2337.0,38291,1211.0,19,0.0,8887.0,0.0,0.062190252613415195,0.12210317221453079,0.7818977106282229,6.338464856839022,0.0610326186310099,0.03162623070695464,0.08915708581632857,IA
19051,Iowa,Davis County,Davis County,9110,0.0,0,0,65776.4,9110,301,215.0,3258,500.0,2,0.0,0.0,0.0,0.03304061470911087,0.0,0.0,7.220241492864983,0.0659914057704113,0.1534683855125844,0.0,IA
19053,Iowa,Decatur County,Decatur County,7645,0.0,5332,0,112443.4,7645,477,297.0,2986,229.0,3,0.0,3325.0,0.0,0.06239372138652714,0.6974493132766514,0.0,14.70809679529104,0.09946416610850636,0.07669122572002679,0.4349247874427731,IA
19055,Iowa,Delaware County,Delaware County,17488,0.0,0,5207,134874.8,17488,388,630.0,7141,630.0,4,0.0,0.0,0.0,0.022186642268984445,0.0,0.2977470265324794,7.712419945105214,0.08822293796387061,0.08822293796387061,0.0,IA
19057,Iowa,Des Moines County,Des Moines County,38910,0.0,15276,28035,507142.0,38910,1946,1955.0,16751,1253.0,11,0.0,7111.0,0.0,0.05001285016705217,0.39259830377794913,0.720508866615266,13.033718838344898,0.11670945018207868,0.07480150438779774,0.1827550758159856,IA
19059,Iowa,Dickinson County,Dickinson County,17703,0.0,2361,5532,132928.3,17703,656,397.0,7976,386.0,6,0.0,0.0,0.0,0.0370558662373609,0.13336722589391628,0.31248940857481783,7.508800768231373,0.04977432296890672,0.04839518555667001,0.0,IA
19061,Iowa,Dubuque County,Dubuque County,99266,0.0,29947,65639,974143.2,99266,4703,3275.0,39891,2481.0,27,0.0,3966.0,0.0,0.04737775270485363,0.30168436322607944,0.6612435274917897,9.813462817077347,0.08209871900930034,0.06219447995788524,0.039953256905687747,IA
19063,Iowa,Emmet County,Emmet County,9388,0.0,4756,6094,94286.6,9388,198,344.0,3972,247.0,4,0.0,3028.0,0.0,0.021090754154239454,0.5066041755432467,0.6491265445249255,10.043310609288454,0.0866062437059416,0.062185297079556896,0.32253941201533876,IA
19065,Iowa,Fayette County,Fayette County,19509,0.0,8837,6182,232042.0,19509,501,695.0,8174,479.0,7,0.0,3371.0,0.0,0.02568045517453483,0.4529704239069148,0.3168793889999487,11.89410015890102,0.0850256912160509,0.05860044042084658,0.17279204469731918,IA
19067,Iowa,Floyd County,Floyd County,15627,0.0,2985,7896,181504.0,15627,1254,540.0,6674,433.0,5,0.0,0.0,0.0,0.08024572854674601,0.19101555000959877,0.5052793242464965,11.61476930952838,0.08091099790230746,0.06487863350314654,0.0,IA
19069,Iowa,Franklin County,Franklin County,10019,0.0,4565,0,136331.4,10019,11,289.0,4141,173.0,3,0.0,0.0,0.0,0.001097913963469408,0.4556342948398044,0.0,13.607286156303024,0.06978990581985028,0.041777348466553975,0.0,IA
19071,Iowa,Fremont County,Fremont County,6605,0.0,0,0,51647.5,6605,66,329.0,2720,67.0,3,0.0,0.0,0.0,0.009992429977289932,0.0,0.0,7.819454958364875,0.12095588235294118,0.02463235294117647,0.0,IA
19073,Iowa,Greene County,Greene County,8771,0.0,1770,0,84983.3,8771,0,321.0,3802,126.0,4,0.0,0.0,0.0,0.0,0.20180139094744043,0.0,9.68912324706419,0.08442924776433457,0.03314045239347712,0.0,IA
19075,Iowa,Grundy County,Grundy County,12329,0.0,0,0,79866.0,12329,0,226.0,5069,166.0,4,0.0,0.0,0.0,0.0,0.0,0.0,6.47789763971125,0.04458473071611758,0.032748076543696984,0.0,IA
19077,Iowa,Guthrie County,Guthrie County,10623,0.0,0,0,105151.0,10623,41,365.0,4529,186.0,3,0.0,0.0,0.0,0.003859550032947378,0.0,0.0,9.898427939376823,0.08059174210642527,0.041068668580260544,0.0,IA
19079,Iowa,Hamilton County,Hamilton County,15039,0.0,0,5019,109128.59999999999,15039,279,517.0,6283,300.0,5,0.0,0.0,0.0,0.01855176540993417,0.0,0.3337322960303212,7.25637342908438,0.08228553238898616,0.047747891134808214,0.0,IA
19081,Iowa,Hancock County,Hancock County,10795,0.0,1981,0,129907.0,10795,3,306.0,4585,237.0,4,0.0,0.0,0.0,0.0002779064381658175,0.18351088466882817,0.0,12.033997220935618,0.06673936750272629,0.05169029443838604,0.0,IA
19083,Iowa,Hardin County,Hardin County,16878,2114.0,2114,5933,163273.8,16878,1454,588.0,7070,370.0,6,1.0,2114.0,0.12525180708614764,0.08614764782557174,0.12525180708614764,0.35152269226211635,9.673764664059721,0.08316831683168317,0.05233380480905234,0.12525180708614764,IA
19085,Iowa,Harrison County,Harrison County,14582,0.0,5958,0,103026.9,14582,0,393.0,5951,248.0,5,0.0,0.0,0.0,0.0,0.40858592785626113,0.0,7.065347688931559,0.06603932112250042,0.04167366829104352,0.0,IA
19087,Iowa,Henry County,Henry County,20482,4697.0,4697,10025,248497.19999999998,20482,1264,689.0,7746,369.0,5,1.0,4697.0,0.22932330827067668,0.06171272336685871,0.22932330827067668,0.48945415486768873,12.132467532467532,0.08894913503743868,0.04763749031758327,0.22932330827067668,IA
19089,Iowa,Howard County,Howard County,9469,0.0,6653,0,84138.0,9469,117,245.0,3945,183.0,3,0.0,0.0,0.0,0.01235610940965255,0.7026085119864822,0.0,8.885626782131165,0.062103929024081114,0.04638783269961977,0.0,IA
19091,Iowa,Humboldt County,Humboldt County,9597,0.0,2829,5798,123165.79999999999,9597,391,476.0,4073,203.0,4,0.0,0.0,0.0,0.040741898509951024,0.29477961863082214,0.6041471293112431,12.833781390017712,0.11686717407316474,0.04984041247237908,0.0,IA
19093,Iowa,Ida County,Ida County,7005,0.0,2281,0,79003.0,7005,0,232.0,2940,141.0,3,0.0,0.0,0.0,0.0,0.3256245538900785,0.0,11.278087080656674,0.07891156462585033,0.04795918367346939,0.0,IA
19095,Iowa,Iowa County,Iowa County,16662,0.0,3904,0,147933.0,16662,34,450.0,6811,242.0,4,0.0,0.0,0.0,0.0020405713599807944,0.23430560556955948,0.0,8.878465970471732,0.06606959330494788,0.035530759066216416,0.0,IA
19097,Iowa,Jackson County,Jackson County,19485,0.0,2315,6372,187580.90000000002,19485,114,865.0,8305,427.0,6,0.0,0.0,0.0,0.005850654349499615,0.11880934051834745,0.32702078521939953,9.62693867077239,0.10415412402167369,0.05141481035520771,0.0,IA
19099,Iowa,Jasper County,Jasper County,37813,2676.0,21281,16249,422887.8,37813,521,1105.0,14994,660.0,10,1.0,2676.0,0.07076931214132706,0.013778330203898131,0.5627958638563457,0.42971993758760213,11.183661703646894,0.07369614512471655,0.044017607042817125,0.07076931214132706,IA
19101,Iowa,Jefferson County,Jefferson County,15663,4887.0,6964,9936,241854.2,15663,1372,899.0,6902,523.0,5,1.0,4887.0,0.31200919364106494,0.08759496903530614,0.444614697056758,0.6343612334801763,15.441116005873717,0.13025210084033614,0.0757751376412634,0.31200919364106494,IA
19103,Iowa,Johnson County,Johnson County,152854,5570.0,63284,108147,2768022.8,152854,6045,3824.0,61335,4518.0,36,1.0,23832.0,0.03644000157012574,0.03954754209899643,0.41401598911379484,0.7075182854226909,18.10893270702762,0.062346131898589716,0.07366104181951577,0.15591348607167624,IA
19105,Iowa,Jones County,Jones County,20646,0.0,9597,4741,247124.6,20646,342,868.0,8113,242.0,7,0.0,2862.0,0.0,0.016564952048823016,0.464835803545481,0.22963285866511673,11.969611547030903,0.10698878343399482,0.0298286700357451,0.13862249346120314,IA
19107,Iowa,Keokuk County,Keokuk County,10033,0.0,5015,0,122554.20000000001,10033,0,381.0,4174,173.0,4,0.0,0.0,0.0,0.0,0.4998504933718728,0.0,12.215110136549388,0.09127934834690944,0.04144705318639195,0.0,IA
19109,Iowa,Kossuth County,Kossuth County,14828,0.0,2602,6023,122380.5,14828,1071,304.0,6438,400.0,6,0.0,2602.0,0.0,0.07222821688697059,0.17547882384677638,0.4061909900188832,8.25333827893175,0.047219633426529975,0.062131096613855234,0.17547882384677638,IA
19111,Iowa,Lee County,Lee County,33555,8638.0,18769,18769,447707.4,33555,1812,1939.0,14036,711.0,11,2.0,12628.0,0.25742810311429,0.05400089405453733,0.5593503203695426,0.5593503203695426,13.342494412159143,0.13814477058991165,0.050655457395269304,0.3763373565787513,IA
19113,Iowa,Linn County,Linn County,230299,0.0,66801,198546,2196240.5,230299,25830,7780.0,94751,4658.0,54,0.0,12845.0,0.0,0.11215854172184855,0.2900620497700815,0.8621227187265251,9.53647432251117,0.08210995134615993,0.04916043102447468,0.055775318173331194,IA
19115,Iowa,Louisa County,Louisa County,10837,0.0,0,0,104966.8,10837,0,581.0,4180,231.0,3,0.0,0.0,0.0,0.0,0.0,0.0,9.685964750392175,0.13899521531100478,0.05526315789473684,0.0,IA
19117,Iowa,Lucas County,Lucas County,8634,0.0,6411,0,128671.20000000001,8634,296,367.0,3608,287.0,4,0.0,0.0,0.0,0.03428306694463748,0.7425295343988881,0.0,14.902849200833915,0.10171840354767184,0.07954545454545454,0.0,IA
19119,Iowa,Lyon County,Lyon County,11934,0.0,0,0,63632.7,11934,0,144.0,4466,160.0,3,0.0,0.0,0.0,0.0,0.0,0.0,5.332051282051282,0.032243618450515,0.035826242722794444,0.0,IA
19121,Iowa,Madison County,Madison County,16548,0.0,5243,5243,115434.4,16548,506,408.0,6436,445.0,4,0.0,0.0,0.0,0.03057771331883007,0.31683587140439934,0.31683587140439934,6.975731206188058,0.06339341205717837,0.06914232442510876,0.0,IA
19123,Iowa,Mahaska County,Mahaska County,22190,0.0,2573,12082,279400.7,22190,535,1134.0,8799,346.0,7,0.0,0.0,0.0,0.024109959441189724,0.11595313204146011,0.5444794952681388,12.591288868859847,0.1288782816229117,0.03932265030117059,0.0,IA
19125,Iowa,Marion County,Marion County,33414,0.0,2000,16762,273111.4,33414,3096,1057.0,13145,453.0,10,0.0,0.0,0.0,0.09265577302926917,0.059855150535703595,0.5016460166397319,8.17356198000838,0.08041080258653481,0.03446177253708634,0.0,IA
19127,Iowa,Marshall County,Marshall County,40105,0.0,15401,24439,445621.9,40105,1131,1425.0,15358,858.0,11,0.0,0.0,0.0,0.02820097244732577,0.38401695549183396,0.609375389602294,11.11138012716619,0.09278551894777966,0.0558666493032947,0.0,IA
19129,Iowa,Mills County,Mills County,14484,0.0,0,6129,116854.3,14484,1406,350.0,5512,261.0,5,0.0,0.0,0.0,0.09707263186964926,0.0,0.4231565865782933,8.067819663076499,0.0634978229317852,0.04735123367198839,0.0,IA
19131,Iowa,Mitchell County,Mitchell County,10565,0.0,3137,0,99753.5,10565,0,352.0,4382,140.0,3,0.0,0.0,0.0,0.0,0.2969238050165641,0.0,9.441883577851396,0.08032861706983113,0.03194888178913738,0.0,IA
19133,Iowa,Monona County,Monona County,8751,0.0,4594,0,92423.5,8751,369,340.0,3839,163.0,4,0.0,1667.0,0.0,0.04216660953033939,0.5249685750199977,0.0,10.561478688149926,0.08856473039854129,0.04245897369106538,0.19049251514112672,IA
19135,Iowa,Monroe County,Monroe County,7577,0.0,0,0,68283.8,7577,439,241.0,3116,173.0,3,0.0,0.0,0.0,0.05793849808631384,0.0,0.0,9.011983634683912,0.07734274711168164,0.0555198973042362,0.0,IA
19137,Iowa,Montgomery County,Montgomery County,10330,2412.0,2412,5674,154135.69999999998,10330,841,667.0,4456,183.0,4,1.0,2412.0,0.2334946757018393,0.08141335914811229,0.2334946757018393,0.5492739593417232,14.921171345595353,0.1496858168761221,0.04106822262118492,0.2334946757018393,IA
19139,Iowa,Muscatine County,Muscatine County,43235,0.0,9258,25034,592934.0,43235,2035,2093.0,16908,662.0,10,0.0,0.0,0.0,0.047068347403723836,0.21413206892563896,0.5790216259974558,13.714213021857292,0.12378755618642064,0.03915306363851431,0.0,IA
19141,Iowa,O'Brien County,O'Brien County,14182,0.0,0,5194,188436.8,14182,214,450.0,5861,275.0,4,0.0,0.0,0.0,0.015089550133972642,0.0,0.36623889437314905,13.287039909744745,0.07677870670534039,0.04692032076437468,0.0,IA
19143,Iowa,Osceola County,Osceola County,6192,0.0,3515,0,98629.6,6192,60,228.0,2599,38.0,2,0.0,0.0,0.0,0.009689922480620155,0.5676679586563308,0.0,15.928552971576229,0.08772604848018468,0.014621008080030782,0.0,IA
19145,Iowa,Page County,Page County,15211,0.0,7397,7397,206557.0,15211,986,798.0,6212,471.0,6,0.0,0.0,0.0,0.06482151074880022,0.4862928144106239,0.4862928144106239,13.579449082900533,0.12846104314230522,0.07582099162910495,0.0,IA
19147,Iowa,Palo Alto County,Palo Alto County,8996,0.0,0,0,105658.2,8996,192,380.0,3831,130.0,4,0.0,0.0,0.0,0.0213428190306803,0.0,0.0,11.74502000889284,0.09919081179848603,0.03393369877316627,0.0,IA
19149,Iowa,Plymouth County,Plymouth County,25698,0.0,0,10797,178316.0,25698,2351,683.0,10171,389.0,6,0.0,0.0,0.0,0.09148571873297533,0.0,0.4201494279710483,6.938905751420344,0.06715170583030183,0.03824599351096254,0.0,IA
19151,Iowa,Pocahontas County,Pocahontas County,7078,0.0,1916,0,72857.8,7078,0,229.0,3090,139.0,3,0.0,0.0,0.0,0.0,0.27069793727041536,0.0,10.293557502119244,0.07411003236245954,0.04498381877022654,0.0,IA
19153,Iowa,Polk County,Polk County,492401,4389.0,173774,446282,5177892.0,492401,19886,20165.0,196891,12002.0,112,1.0,21266.0,0.008913466869482394,0.040385783132040755,0.3529115497328397,0.9063385330249126,10.51560009017041,0.10241707340609779,0.060957585669228154,0.04318837695293064,IA
19155,Iowa,Pottawattamie County,Pottawattamie County,93667,0.0,36660,64202,1126549.3,93667,7411,3693.0,37284,2383.0,30,0.0,6552.0,0.0,0.0791207148729008,0.39138650752132553,0.685428165736065,12.027173924647956,0.09905053105889926,0.06391481600686622,0.06994992900381138,IA
19157,Iowa,Poweshiek County,Poweshiek County,18662,0.0,0,9644,195219.30000000002,18662,872,735.0,7536,563.0,5,0.0,0.0,0.0,0.04672596720608724,0.0,0.516772050155396,10.460791983710214,0.09753184713375797,0.07470806794055201,0.0,IA
19159,Iowa,Ringgold County,Ringgold County,4663,0.0,0,0,39696.899999999994,4663,797,249.0,1945,114.0,2,0.0,0.0,0.0,0.17092000857816855,0.0,0.0,8.513167488741152,0.12802056555269922,0.05861182519280206,0.0,IA
19161,Iowa,Sac County,Sac County,9814,0.0,0,0,90804.0,9814,0,321.0,4273,227.0,4,0.0,0.0,0.0,0.0,0.0,0.0,9.252496433666192,0.07512286449801077,0.05312426866370232,0.0,IA
19163,Iowa,Scott County,Scott County,174669,4089.0,49531,148094,2038724.5,174669,5433,7544.0,71628,4911.0,48,1.0,4089.0,0.023409992614602478,0.03110454631331261,0.2835706393235205,0.847855085905341,11.671930909319913,0.10532194114033618,0.06856257329535935,0.023409992614602478,IA
19165,Iowa,Shelby County,Shelby County,11746,0.0,2409,3327,91054.9,11746,811,356.0,4981,156.0,4,0.0,0.0,0.0,0.06904478120211135,0.20509109484079688,0.28324536012259494,7.7519921675463985,0.0714715920497892,0.03131901224653684,0.0,IA
19167,Iowa,Sioux County,Sioux County,35872,0.0,0,13881,232763.4,35872,461,360.0,12202,372.0,9,0.0,0.0,0.0,0.012851248884924175,0.0,0.3869591882247993,6.488721008028546,0.029503360104900837,0.030486805441730862,0.0,IA
19169,Iowa,Story County,Story County,98537,3741.0,39580,73798,2500148.5,98537,7561,1780.0,38273,2256.0,27,1.0,14269.0,0.03796543430386555,0.07673259790738504,0.40167652759877,0.7489369475425475,25.372687416909383,0.04650798212839338,0.0589449481357615,0.14480854907293708,IA
19171,Iowa,Tama County,Tama County,17135,0.0,6824,3851,260839.3,17135,180,647.0,6784,171.0,6,0.0,0.0,0.0,0.01050481470674059,0.39824919754887655,0.2247446746425445,15.222602859644002,0.09537146226415094,0.0252063679245283,0.0,IA
19173,Iowa,Taylor County,Taylor County,5896,0.0,4230,0,63972.8,5896,114,252.0,2506,107.0,3,0.0,0.0,0.0,0.019335142469470826,0.7174355495251018,0.0,10.850203527815468,0.1005586592178771,0.0426975259377494,0.0,IA
19175,Iowa,Union County,Union County,12138,0.0,10045,7828,149388.4,12138,222,890.0,5169,303.0,4,0.0,3970.0,0.0,0.01828966880869995,0.8275663206459054,0.64491679024551,12.307497116493655,0.1721803056684078,0.05861868833430064,0.3270720052726973,IA
19177,Iowa,Van Buren County,Van Buren County,7203,0.0,3277,0,108508.9,7203,0,232.0,2984,294.0,2,0.0,0.0,0.0,0.0,0.45494932666944327,0.0,15.064403720671942,0.0777479892761394,0.0985254691689008,0.0,IA
19179,Iowa,Wapello County,Wapello County,35437,3341.0,18632,26569,562583.4,35437,2493,2148.0,14167,923.0,11,1.0,7251.0,0.09427998984112651,0.07035019894460592,0.5257781414905325,0.7497530829359145,15.875593306431131,0.1516199618832498,0.06515140820215995,0.204616643621074,IA
19181,Iowa,Warren County,Warren County,52403,0.0,0,24699,270025.3,52403,3954,1270.0,19616,686.0,14,0.0,0.0,0.0,0.07545369539911836,0.0,0.47132797740587373,5.152859569108639,0.06474306688417618,0.03497145187601958,0.0,IA
19183,Iowa,Washington County,Washington County,22565,4033.0,12373,7506,188361.0,22565,581,728.0,8916,427.0,6,1.0,4033.0,0.17872811876800354,0.025747839574562375,0.548327055173942,0.33263904276534456,8.34748504320851,0.0816509645580978,0.04789143113503813,0.17872811876800354,IA
19185,Iowa,Wayne County,Wayne County,6497,0.0,2381,0,65616.4,6497,230,264.0,2585,172.0,3,0.0,0.0,0.0,0.03540095428659381,0.3664768354625212,0.0,10.099492073264583,0.10212765957446808,0.06653771760154739,0.0,IA
19187,Iowa,Webster County,Webster County,36999,0.0,9552,24091,467075.9,36999,2652,1691.0,15046,1035.0,13,0.0,0.0,0.0,0.07167761290845699,0.25816913970647853,0.6511257061001648,12.624014162544935,0.11238867473082546,0.06878904692277017,0.0,IA
19189,Iowa,Winnebago County,Winnebago County,10679,0.0,0,0,120291.5,10679,0,466.0,4512,271.0,3,0.0,0.0,0.0,0.0,0.0,0.0,11.264303773761588,0.10328014184397163,0.06006205673758865,0.0,IA
19191,Iowa,Winneshiek County,Winneshiek County,20070,0.0,0,3572,169581.80000000002,20070,931,256.0,8170,368.0,5,0.0,0.0,0.0,0.0463876432486298,0.0,0.1779770802192327,8.449516691579472,0.03133414932680539,0.04504283965728274,0.0,IA
19193,Iowa,Woodbury County,Woodbury County,105941,3196.0,44811,93592,1503275.4,105941,7270,5147.0,39904,2489.0,29,1.0,20170.0,0.030167734871296287,0.06862310153764832,0.4229807156813698,0.8834351195476727,14.189741459869172,0.1289845629510826,0.062374699278267845,0.19038899009826224,IA
19195,Iowa,Worth County,Worth County,7443,0.0,0,0,60048.4,7443,3,212.0,3127,147.0,3,0.0,0.0,0.0,0.00040306328093510683,0.0,0.0,8.067768372967889,0.06779661016949153,0.04700991365526063,0.0,IA
19197,Iowa,Wright County,Wright County,12943,0.0,4837,0,216107.5,12943,0,511.0,5404,238.0,5,0.0,0.0,0.0,0.0,0.37371552190373175,0.0,16.696863169280693,0.09455958549222798,0.04404145077720207,0.0,IA
20001,Kansas,Allen County,Allen County,12526,0.0,3813,3813,125838.2,12526,427,467.0,5273,385.0,5,0.0,3813.0,0.0,0.034089094683059235,0.3044068337857257,0.3044068337857257,10.046159987226568,0.0885643846007965,0.07301346482078513,0.3044068337857257,KS
20003,Kansas,Anderson County,Anderson County,7836,0.0,0,0,79741.2,7836,641,167.0,3108,230.0,2,0.0,0.0,0.0,0.08180193976518632,0.0,0.0,10.17626339969372,0.053732303732303734,0.074002574002574,0.0,KS
20005,Kansas,Atchison County,Atchison County,16348,2602.0,5640,8345,232685.5,16348,1233,626.0,6109,440.0,5,1.0,2602.0,0.1591632003914852,0.07542206997797896,0.3449963298262784,0.510459995106435,14.233270124785907,0.10247176297266328,0.07202488132263873,0.1591632003914852,KS
20007,Kansas,Barber County,Barber County,4228,0.0,0,0,50131.2,4228,689,52.0,1916,60.0,2,0.0,0.0,0.0,0.162961210974456,0.0,0.0,11.856953642384106,0.027139874739039668,0.031315240083507306,0.0,KS
20009,Kansas,Barton County,Barton County,25493,4796.0,12995,13835,395519.6,25493,3584,724.0,10640,464.0,8,1.0,4796.0,0.18813007492252776,0.1405876122857255,0.5097477738987173,0.5426979955281842,15.51483152237869,0.06804511278195488,0.04360902255639098,0.18813007492252776,KS
20011,Kansas,Bourbon County,Bourbon County,14360,0.0,2647,2651,195086.19999999998,14360,610,455.0,5666,245.0,5,0.0,0.0,0.0,0.04247910863509749,0.18433147632311978,0.1846100278551532,13.585389972144846,0.08030356512530885,0.04324038122132016,0.0,KS
20013,Kansas,Brown County,Brown County,9508,0.0,3137,0,130589.6,9508,223,439.0,3841,177.0,3,0.0,0.0,0.0,0.023453933529659233,0.32993268826251576,0.0,13.734707614640303,0.11429315282478521,0.04608174954438948,0.0,KS
20015,Kansas,Butler County,Butler County,67380,0.0,18610,33152,598106.9,67380,4870,1641.0,24660,1001.0,19,0.0,5313.0,0.0,0.07227663995250816,0.27619471653309585,0.49201543484713567,8.876623627189078,0.06654501216545013,0.040592051905920516,0.0788512911843277,KS
20017,Kansas,Chase County,Chase County,2572,0.0,0,0,21604.8,2572,217,64.0,1056,56.0,1,0.0,0.0,0.0,0.08437013996889581,0.0,0.0,8.4,0.06060606060606061,0.05303030303030303,0.0,KS
20019,Kansas,Chautauqua County,Chautauqua County,3379,0.0,3379,0,50347.1,3379,38,190.0,1401,54.0,1,0.0,3379.0,0.0,0.011245930748742231,1.0,0.0,14.9,0.13561741613133477,0.03854389721627409,1.0,KS
20021,Kansas,Cherokee County,Cherokee County,19362,0.0,12171,0,273172.8,19362,0,1035.0,7853,390.0,6,0.0,0.0,0.0,0.0,0.6286024171056709,0.0,14.108707778122094,0.13179676556729913,0.04966254934419967,0.0,KS
20023,Kansas,Cheyenne County,Cheyenne County,2616,0.0,2616,0,44472.0,2616,443,47.0,1181,35.0,1,0.0,2616.0,0.0,0.16934250764525993,1.0,0.0,17.0,0.03979678238780694,0.029635901778154106,1.0,KS
20025,Kansas,Clark County,Clark County,1991,0.0,0,0,19710.9,1991,273,38.0,836,23.0,1,0.0,0.0,0.0,0.13711702661978906,0.0,0.0,9.9,0.045454545454545456,0.02751196172248804,0.0,KS
20027,Kansas,Clay County,Clay County,8117,0.0,4485,4485,108575.2,8117,938,252.0,3388,239.0,2,0.0,4485.0,0.0,0.11555993593692251,0.5525440433657756,0.5525440433657756,13.376272021682887,0.0743801652892562,0.070543093270366,0.5525440433657756,KS
20029,Kansas,Cloud County,Cloud County,9032,3640.0,9032,5392,90237.9,9032,1832,190.0,3665,248.0,4,2.0,6817.0,0.4030115146147033,0.20283436669619131,1.0,0.5969884853852967,9.990910097431355,0.05184174624829468,0.06766712141882673,0.7547608503100088,KS
20031,Kansas,Coffey County,Coffey County,8360,0.0,0,0,92018.7,8360,1054,306.0,3477,186.0,3,0.0,0.0,0.0,0.12607655502392345,0.0,0.0,11.007021531100477,0.08800690250215704,0.05349439171699741,0.0,KS
20033,Kansas,Comanche County,Comanche County,1689,0.0,0,0,15538.8,1689,245,62.0,747,28.0,1,0.0,0.0,0.0,0.14505624629958555,0.0,0.0,9.2,0.08299866131191433,0.03748326639892905,0.0,KS
20035,Kansas,Cowley County,Cowley County,34549,7436.0,25702,23167,504131.2,34549,3131,1556.0,13322,942.0,11,2.0,18519.0,0.215230542128571,0.09062490954875684,0.7439289125589742,0.6705548641060523,14.591774002141886,0.11679927938747936,0.07071010358804984,0.5360213030767895,KS
20037,Kansas,Crawford County,Crawford County,38972,7865.0,28292,18684,831008.6,38972,2199,1886.0,15668,1192.0,12,2.0,7865.0,0.20181155701529302,0.05642512573129426,0.7259570974032639,0.4794211228574361,21.323221800266857,0.12037273423538422,0.07607863160582078,0.20181155701529302,KS
20039,Kansas,Decatur County,Decatur County,2764,2764.0,2764,0,35102.799999999996,2764,757,68.0,1295,51.0,1,1.0,2764.0,1.0,0.2738784370477569,1.0,0.0,12.7,0.05250965250965251,0.039382239382239385,1.0,KS
20041,Kansas,Dickinson County,Dickinson County,18402,0.0,0,7084,150559.80000000002,18402,2064,458.0,7644,373.0,6,0.0,0.0,0.0,0.11216172155200521,0.0,0.38495815672209543,8.181708509944572,0.05991627420198849,0.04879644165358451,0.0,KS
20043,Kansas,Doniphan County,Doniphan County,7510,0.0,0,0,70761.4,7510,141,204.0,2942,74.0,3,0.0,0.0,0.0,0.01877496671105193,0.0,0.0,9.422290279627163,0.06934058463630184,0.02515295717199184,0.0,KS
20045,Kansas,Douglas County,Douglas County,118785,0.0,40479,92524,1988215.2,118785,4807,2652.0,48553,3785.0,27,0.0,5900.0,0.0,0.0404680725680852,0.3407753504230332,0.7789198972934293,16.737931557014775,0.05462072374518567,0.07795604802998785,0.049669571073788776,KS
20047,Kansas,Edwards County,Edwards County,2907,0.0,1515,0,54803.1,2907,501,52.0,1257,71.0,2,0.0,0.0,0.0,0.17234262125902994,0.5211558307533539,0.0,18.852115583075335,0.04136833731105807,0.056483691328560064,0.0,KS
20049,Kansas,Elk County,Elk County,2483,0.0,2483,0,25823.2,2483,282,73.0,1094,72.0,1,0.0,2483.0,0.0,0.11357229158276279,1.0,0.0,10.4,0.06672760511882998,0.06581352833638025,1.0,KS
20051,Kansas,Ellis County,Ellis County,28934,0.0,6463,19890,554492.3,28934,2049,736.0,11853,468.0,8,0.0,3694.0,0.0,0.0708163406373125,0.2233704292527822,0.6874265569917744,19.164038847031176,0.06209398464523749,0.039483675018982534,0.1276698693578489,KS
20053,Kansas,Ellsworth County,Ellsworth County,6376,0.0,0,0,67499.4,6376,645,164.0,2352,74.0,2,0.0,0.0,0.0,0.10116060225846926,0.0,0.0,10.586480552070263,0.06972789115646258,0.031462585034013606,0.0,KS
20055,Kansas,Finney County,Finney County,38470,4496.0,11793,34821,415688.0,38470,5455,1503.0,13064,724.0,12,1.0,4496.0,0.11687028853652197,0.14179880426306213,0.3065505588770471,0.9051468676891083,10.805510787626723,0.11504898958971219,0.055419473361910596,0.11687028853652197,KS
20057,Kansas,Ford County,Ford County,34287,0.0,8441,17690,493168.9,34287,2345,870.0,11376,498.0,9,0.0,3877.0,0.0,0.06839326858576136,0.24618660133578324,0.5159389856213725,14.383553533409165,0.07647679324894514,0.04377637130801688,0.11307492635692828,KS
20059,Kansas,Franklin County,Franklin County,25996,0.0,0,13107,226349.0,25996,919,594.0,10233,324.0,6,0.0,0.0,0.0,0.035351592552700414,0.0,0.5041929527619634,8.70707031851054,0.05804749340369393,0.0316622691292876,0.0,KS
20061,Kansas,Geary County,Geary County,36739,8412.0,23726,23916,654270.0,36739,6587,1297.0,13488,876.0,11,2.0,13364.0,0.22896649337216582,0.17929176079915077,0.6457987424807425,0.6509703584746455,17.808595770162498,0.09615954922894425,0.06494661921708185,0.36375513759220446,KS
20063,Kansas,Gove County,Gove County,2718,0.0,0,0,13861.8,2718,947,31.0,1120,18.0,1,0.0,0.0,0.0,0.34841795437821926,0.0,0.0,5.1,0.027678571428571427,0.01607142857142857,0.0,KS
20065,Kansas,Graham County,Graham County,2415,0.0,2415,0,35742.0,2415,333,74.0,1103,41.0,1,0.0,0.0,0.0,0.13788819875776398,1.0,0.0,14.8,0.06708975521305531,0.0371713508612874,0.0,KS
20067,Kansas,Grant County,Grant County,7352,0.0,5975,5975,67533.0,7352,732,34.0,2621,122.0,2,0.0,0.0,0.0,0.09956474428726877,0.8127040261153428,0.8127040261153428,9.185663764961916,0.012972148035101107,0.04654711942006868,0.0,KS
20069,Kansas,Gray County,Gray County,5653,0.0,0,0,48224.8,5653,1062,46.0,2092,50.0,2,0.0,0.0,0.0,0.18786485052184682,0.0,0.0,8.530833185918981,0.02198852772466539,0.02390057361376673,0.0,KS
20071,Kansas,Greeley County,Greeley County,1284,0.0,0,0,9116.4,1284,320,11.0,531,24.0,1,0.0,0.0,0.0,0.24922118380062305,0.0,0.0,7.1,0.02071563088512241,0.04519774011299435,0.0,KS
20073,Kansas,Greenwood County,Greenwood County,6016,0.0,4041,0,85966.0,6016,424,324.0,2687,150.0,3,0.0,0.0,0.0,0.07047872340425532,0.6717087765957447,0.0,14.289561170212766,0.12058057312988463,0.05582433941198362,0.0,KS
20075,Kansas,Hamilton County,Hamilton County,2518,0.0,0,0,17626.0,2518,938,22.0,933,13.0,1,0.0,0.0,0.0,0.3725178713264496,0.0,0.0,7.0,0.023579849946409433,0.013933547695605574,0.0,KS
20077,Kansas,Harper County,Harper County,5485,0.0,3515,0,94079.2,5485,173,217.0,2347,101.0,3,0.0,0.0,0.0,0.031540565177757524,0.6408386508659982,0.0,17.15208751139471,0.09245845760545376,0.043033659991478485,0.0,KS
20079,Kansas,Harvey County,Harvey County,34024,0.0,5003,16006,279962.1,34024,1279,785.0,13363,621.0,7,0.0,0.0,0.0,0.03759111215612509,0.14704326357865036,0.47043263578650363,8.228371149776628,0.058744293945970215,0.04647160068846816,0.0,KS
20081,Kansas,Haskell County,Haskell County,3780,0.0,0,0,42336.0,3780,836,38.0,1345,48.0,1,0.0,0.0,0.0,0.22116402116402117,0.0,0.0,11.2,0.02825278810408922,0.035687732342007436,0.0,KS
20083,Kansas,Hodgeman County,Hodgeman County,1723,0.0,0,0,10854.9,1723,654,30.0,724,25.0,1,0.0,0.0,0.0,0.379570516540917,0.0,0.0,6.3,0.04143646408839779,0.034530386740331494,0.0,KS
20085,Kansas,Jackson County,Jackson County,13232,0.0,0,0,80162.00000000001,13232,702,348.0,5036,308.0,3,0.0,0.0,0.0,0.05305320435308344,0.0,0.0,6.058192261185007,0.06910246227164417,0.06115965051628276,0.0,KS
20087,Kansas,Jefferson County,Jefferson County,18368,0.0,0,0,102834.3,18368,332,222.0,7209,315.0,4,0.0,0.0,0.0,0.018074912891986063,0.0,0.0,5.598557273519164,0.03079483978360383,0.04369538077403246,0.0,KS
20089,Kansas,Jewell County,Jewell County,2932,2932.0,2932,0,31079.2,2932,700,62.0,1346,24.0,1,1.0,2932.0,1.0,0.23874488403819918,1.0,0.0,10.6,0.04606240713224369,0.017830609212481426,1.0,KS
20091,Kansas,Johnson County,Johnson County,609863,0.0,55449,585692,3379426.7,609843,84101,5014.0,239492,8669.0,154,0.0,13612.0,0.0,0.1379014631154866,0.09092041983199506,0.9603665085437221,5.5414700176930785,0.02093598116012226,0.03619745127185877,0.02231976689846736,KS
20093,Kansas,Kearny County,Kearny County,3983,0.0,0,0,17923.5,3983,744,78.0,1427,28.0,1,0.0,0.0,0.0,0.1867938739643485,0.0,0.0,4.5,0.05466012613875263,0.019621583742116328,0.0,KS
20095,Kansas,Kingman County,Kingman County,7470,1707.0,5126,0,76526.9,7470,770,207.0,3155,152.0,3,1.0,1707.0,0.2285140562248996,0.10307898259705489,0.6862115127175368,0.0,10.244564926372155,0.06561014263074486,0.04817749603803487,0.2285140562248996,KS
20097,Kansas,Kiowa County,Kiowa County,2460,0.0,0,0,14514.0,2460,624,41.0,965,26.0,1,0.0,0.0,0.0,0.25365853658536586,0.0,0.0,5.9,0.04248704663212435,0.02694300518134715,0.0,KS
20099,Kansas,Labette County,Labette County,20184,3214.0,11130,10853,319881.6,20184,1813,755.0,8222,431.0,8,1.0,5990.0,0.15923503765358699,0.08982362267142291,0.5514268727705113,0.5377031311930242,15.848275862068965,0.0918268061298954,0.052420335684748236,0.2967697185889814,KS
20101,Kansas,Lane County,Lane County,1574,0.0,0,0,11018.0,1574,368,20.0,736,11.0,1,0.0,0.0,0.0,0.2337992376111817,0.0,0.0,7.0,0.02717391304347826,0.014945652173913044,0.0,KS
20103,Kansas,Leavenworth County,Leavenworth County,81881,0.0,13997,54938,740353.6,81881,10294,1698.0,28916,1458.0,19,0.0,0.0,0.0,0.12571903127709724,0.170943198055715,0.6709493044784505,9.041824110599528,0.05872181491215936,0.05042191174436298,0.0,KS
20105,Kansas,Lincoln County,Lincoln County,2939,0.0,0,0,33210.700000000004,2939,1035,84.0,1291,37.0,1,0.0,0.0,0.0,0.35216059884314393,0.0,0.0,11.3,0.06506584043377227,0.02865995352439969,0.0,KS
20107,Kansas,Linn County,Linn County,9591,0.0,6811,0,79859.0,9591,1238,360.0,3982,218.0,3,0.0,4216.0,0.0,0.1290793452194766,0.7101449275362319,0.0,8.326451881972682,0.09040683073832245,0.05474635861376193,0.43957877176519655,KS
20109,Kansas,Logan County,Logan County,2762,0.0,0,0,41430.0,2762,999,98.0,1181,58.0,1,0.0,0.0,0.0,0.3616944243301955,0.0,0.0,15.0,0.0829805249788315,0.04911092294665537,0.0,KS
20111,Kansas,Lyon County,Lyon County,32179,0.0,20062,24202,463218.60000000003,31895,960,873.0,13183,771.0,12,0.0,8512.0,0.0,0.029833120979520806,0.6234500761366109,0.7521054103607943,14.523235616867849,0.06622164909352954,0.058484411742395506,0.2645203393517511,KS
20113,Kansas,McPherson County,McPherson County,30223,6400.0,6400,14547,288648.9,30223,1885,328.0,11897,358.0,7,1.0,6400.0,0.21175925619561262,0.062369718426364025,0.21175925619561262,0.48132217185587134,9.550636932137776,0.02756997562410692,0.030091619736067915,0.21175925619561262,KS
20115,Kansas,Marion County,Marion County,11823,0.0,6501,0,107323.9,11823,834,290.0,4786,164.0,4,0.0,0.0,0.0,0.07054047196143111,0.5498604415123065,0.0,9.077552228706757,0.060593397409109906,0.03426661094860008,0.0,KS
20117,Kansas,Marshall County,Marshall County,10038,0.0,3755,0,113758.70000000001,10038,109,160.0,4195,189.0,4,0.0,0.0,0.0,0.010858736800159394,0.37407850169356444,0.0,11.332805339709106,0.03814064362336114,0.04505363528009535,0.0,KS
20119,Kansas,Meade County,Meade County,4055,0.0,0,0,43570.5,4055,366,97.0,1584,69.0,2,0.0,0.0,0.0,0.09025893958076449,0.0,0.0,10.744882860665845,0.061237373737373736,0.043560606060606064,0.0,KS
20121,Kansas,Miami County,Miami County,34191,0.0,5351,6273,270055.80000000005,34191,913,312.0,12926,300.0,8,0.0,0.0,0.0,0.026702933520517096,0.15650317334971192,0.18346933403527244,7.898446959726245,0.024137397493424105,0.023209036051369335,0.0,KS
20123,Kansas,Mitchell County,Mitchell County,5796,0.0,4035,0,74062.5,5796,228,137.0,2543,201.0,2,0.0,0.0,0.0,0.039337474120082816,0.6961697722567288,0.0,12.778209109730849,0.05387337790011797,0.07904050334250885,0.0,KS
20125,Kansas,Montgomery County,Montgomery County,31486,0.0,15220,13986,505359.6,31486,1529,1510.0,12968,871.0,12,0.0,2066.0,0.0,0.0485612653242711,0.4833894429270152,0.44419742107603377,16.050295369370513,0.11644046884639112,0.06716533004318322,0.0656164644603951,KS
20127,Kansas,Morris County,Morris County,5386,0.0,2465,0,65317.3,5386,1207,100.0,2294,150.0,2,0.0,0.0,0.0,0.22409951726698848,0.4576680282213145,0.0,12.127237281841813,0.043591979075850044,0.06538796861377506,0.0,KS
20129,Kansas,Morton County,Morton County,2701,0.0,0,0,39974.8,2701,924,79.0,1053,25.0,1,0.0,0.0,0.0,0.34209552017771194,0.0,0.0,14.8,0.07502374169040836,0.023741690408357077,0.0,KS
20131,Kansas,Nemaha County,Nemaha County,10273,0.0,0,0,95426.4,10273,668,134.0,4040,174.0,3,0.0,0.0,0.0,0.06502482234984912,0.0,0.0,9.289048963301859,0.03316831683168317,0.043069306930693066,0.0,KS
20133,Kansas,Neosho County,Neosho County,15904,3991.0,6357,9430,204866.5,15904,2226,625.0,6300,298.0,5,1.0,6357.0,0.2509431589537223,0.13996478873239437,0.39971076458752514,0.5929325955734407,12.881444919517103,0.0992063492063492,0.0473015873015873,0.39971076458752514,KS
20135,Kansas,Ness County,Ness County,2687,0.0,0,0,30094.399999999998,2687,946,38.0,1216,25.0,1,0.0,0.0,0.0,0.35206550055824337,0.0,0.0,11.2,0.03125,0.02055921052631579,0.0,KS
20137,Kansas,Norton County,Norton County,5459,5459.0,5459,0,39304.8,5459,890,162.0,1991,49.0,1,1.0,5459.0,1.0,0.16303352262319107,1.0,0.0,7.2,0.08136614766449021,0.024610748367654443,1.0,KS
20139,Kansas,Osage County,Osage County,15766,0.0,2837,0,152657.7,15766,0,464.0,6480,191.0,5,0.0,0.0,0.0,0.0,0.1799441836864138,0.0,9.682715971077002,0.07160493827160494,0.02947530864197531,0.0,KS
20141,Kansas,Osborne County,Osborne County,3500,0.0,0,0,29400.0,3500,961,129.0,1563,37.0,1,0.0,0.0,0.0,0.2745714285714286,0.0,0.0,8.4,0.08253358925143954,0.023672424824056303,0.0,KS
20143,Kansas,Ottawa County,Ottawa County,5735,0.0,0,0,59301.7,5735,1543,178.0,2318,79.0,2,0.0,0.0,0.0,0.2690496948561465,0.0,0.0,10.340313862249346,0.07679033649698015,0.034081104400345126,0.0,KS
20145,Kansas,Pawnee County,Pawnee County,6253,1448.0,1448,4805,77663.1,6253,2552,60.0,2455,169.0,2,1.0,1448.0,0.23156884695346233,0.40812410043179276,0.23156884695346233,0.7684311530465376,12.420134335518952,0.024439918533604887,0.06883910386965376,0.23156884695346233,KS
20147,Kansas,Phillips County,Phillips County,4981,0.0,1362,0,75241.7,4981,782,141.0,2200,103.0,3,0.0,1362.0,0.0,0.15699658703071673,0.27343906846014854,0.0,15.105741818911865,0.06409090909090909,0.04681818181818182,0.27343906846014854,KS
20149,Kansas,Pottawatomie County,Pottawatomie County,25348,0.0,0,5991,168215.0,25348,1940,409.0,9050,163.0,5,0.0,0.0,0.0,0.07653463784124981,0.0,0.23635000789016886,6.636223765188575,0.04519337016574586,0.018011049723756906,0.0,KS
20151,Kansas,Pratt County,Pratt County,9157,3675.0,7240,7240,113477.8,9157,1528,176.0,3677,192.0,3,1.0,7240.0,0.40133231407666264,0.1668668777984056,0.7906519602489899,0.7906519602489899,12.392464781041825,0.047865107424530866,0.05221648082676095,0.7906519602489899,KS
20153,Kansas,Rawlins County,Rawlins County,2561,0.0,0,0,17414.8,2561,990,109.0,1129,25.0,1,0.0,0.0,0.0,0.38656774697383833,0.0,0.0,6.8,0.09654561558901682,0.022143489813994686,0.0,KS
20155,Kansas,Reno County,Reno County,61898,5372.0,31867,41407,795427.4,61898,10235,2127.0,25189,1232.0,17,2.0,8793.0,0.08678794145206631,0.16535267698471678,0.514830850754467,0.6689553782028499,12.850615528773144,0.08444162134264957,0.04891023859621263,0.14205628614817925,KS
20157,Kansas,Republic County,Republic County,4674,0.0,3245,0,48855.799999999996,4674,866,90.0,2132,110.0,3,0.0,0.0,0.0,0.18528027385537013,0.6942661531878477,0.0,10.452674368848951,0.04221388367729831,0.051594746716697934,0.0,KS
20159,Kansas,Rice County,Rice County,9427,0.0,3787,0,73140.3,9427,395,269.0,3744,141.0,3,0.0,0.0,0.0,0.04190092288108624,0.4017184682295534,0.0,7.758597645062056,0.07184829059829059,0.03766025641025641,0.0,KS
20161,Kansas,Riley County,Riley County,71959,15200.0,45545,61878,1532821.9,71958,19353,1843.0,26711,1105.0,17,3.0,29236.0,0.21123139565585958,0.26894481579788493,0.6329298628385609,0.8599063355521894,21.301618999972206,0.06899779117217626,0.041368724495526185,0.40628691338123096,KS
20163,Kansas,Rooks County,Rooks County,4919,0.0,0,0,27505.800000000003,4919,1066,77.0,2109,137.0,2,0.0,0.0,0.0,0.2167107135596666,0.0,0.0,5.591746289896321,0.036510194404931244,0.0649596965386439,0.0,KS
20165,Kansas,Rush County,Rush County,2956,2956.0,2956,0,32811.6,2956,928,88.0,1322,50.0,1,1.0,2956.0,1.0,0.31393775372124494,1.0,0.0,11.1,0.06656580937972768,0.037821482602118005,1.0,KS
20167,Kansas,Russell County,Russell County,6691,0.0,4550,4550,99884.1,6691,1376,471.0,2956,91.0,2,0.0,4550.0,0.0,0.2056493797638619,0.6800179345389329,0.6800179345389329,14.928127335226424,0.15933694181326116,0.030784844384303112,0.6800179345389329,KS
20169,Kansas,Saline County,Saline County,54303,0.0,23888,46963,652234.4,54303,2175,1995.0,22250,1586.0,13,0.0,0.0,0.0,0.040053035743881554,0.4399020311953299,0.8648325138574297,12.011019649006501,0.0896629213483146,0.0712808988764045,0.0,KS
20171,Kansas,Scott County,Scott County,5151,0.0,0,0,33481.5,5151,922,205.0,2013,74.0,1,0.0,0.0,0.0,0.17899437002523783,0.0,0.0,6.5,0.10183805265772479,0.03676105315449578,0.0,KS
20173,Kansas,Sedgwick County,Sedgwick County,523824,8454.0,240752,455935,7388930.7,523824,25809,19278.0,205247,11805.0,135,2.0,41227.0,0.016139008521946302,0.04927036561898653,0.4596047527413788,0.8703973090198235,14.105750595619904,0.0939258551891136,0.057516066008272956,0.07870391581905373,KS
20175,Kansas,Seward County,Seward County,21964,0.0,10759,19894,265958.1,21964,322,711.0,7359,697.0,5,0.0,2070.0,0.0,0.01466035330540885,0.4898470224002914,0.905754871608086,12.10881897650701,0.09661638809620872,0.09471395570050278,0.09424512839191404,KS
20177,Kansas,Shawnee County,Shawnee County,178909,7077.0,59346,140276,2277955.6,178909,13962,6756.0,73453,5555.0,46,2.0,19565.0,0.03955642253883259,0.07803967380064726,0.33171053440575937,0.7840634065362838,12.732481876261117,0.09197718268824963,0.07562659115352674,0.10935727101487348,KS
20179,Kansas,Sheridan County,Sheridan County,2447,0.0,0,0,21778.3,2447,667,40.0,1020,21.0,1,0.0,0.0,0.0,0.27257866775643647,0.0,0.0,8.9,0.0392156862745098,0.020588235294117647,0.0,KS
20181,Kansas,Sherman County,Sherman County,5927,0.0,4376,4376,58616.4,5927,746,85.0,2447,83.0,2,0.0,4376.0,0.0,0.12586468702547662,0.7383161801923401,0.7383161801923401,9.889724987346044,0.03473641193297916,0.033919084593379646,0.7383161801923401,KS
20183,Kansas,Smith County,Smith County,3570,0.0,0,0,25983.6,3570,785,89.0,1627,62.0,2,0.0,0.0,0.0,0.21988795518207283,0.0,0.0,7.278319327731092,0.054701905347264906,0.03810694529809465,0.0,KS
20185,Kansas,Stafford County,Stafford County,4072,0.0,0,0,42555.7,4072,1125,52.0,1739,32.0,2,0.0,0.0,0.0,0.2762770137524558,0.0,0.0,10.450810412573674,0.029902242668200116,0.018401380103507763,0.0,KS
20187,Kansas,Stanton County,Stanton County,2084,0.0,0,0,3126.0,2084,402,42.0,783,58.0,1,0.0,0.0,0.0,0.1928982725527831,0.0,0.0,1.5,0.05363984674329502,0.07407407407407407,0.0,KS
20189,Kansas,Stevens County,Stevens County,5250,0.0,3915,0,74139.0,5250,704,11.0,1905,68.0,2,0.0,0.0,0.0,0.1340952380952381,0.7457142857142857,0.0,14.121714285714285,0.005774278215223097,0.03569553805774278,0.0,KS
20191,Kansas,Sumner County,Sumner County,22382,8169.0,8169,8169,239676.9,22382,1514,887.0,9028,557.0,6,2.0,8169.0,0.3649807881333214,0.06764364221249218,0.3649807881333214,0.3649807881333214,10.70846662496649,0.09824988923349579,0.06169694284448383,0.3649807881333214,KS
20193,Kansas,Thomas County,Thomas County,7930,0.0,0,6078,53415.6,7930,2044,119.0,3162,118.0,2,0.0,0.0,0.0,0.2577553593947037,0.0,0.7664564943253468,6.735889029003783,0.03763440860215054,0.03731815306767868,0.0,KS
20195,Kansas,Trego County,Trego County,2808,0.0,0,0,15444.0,2808,534,73.0,1283,36.0,1,0.0,0.0,0.0,0.19017094017094016,0.0,0.0,5.5,0.05689789555728761,0.028059236165237724,0.0,KS
20197,Kansas,Wabaunsee County,Wabaunsee County,6877,0.0,0,0,58736.399999999994,6877,646,124.0,2659,71.0,2,0.0,0.0,0.0,0.09393630943725462,0.0,0.0,8.540991711502107,0.046634072959759305,0.026701767581797667,0.0,KS
20199,Kansas,Wallace County,Wallace County,1512,0.0,0,0,18597.600000000002,1512,628,43.0,608,9.0,1,0.0,0.0,0.0,0.41534391534391535,0.0,0.0,12.3,0.07072368421052631,0.014802631578947368,0.0,KS
20201,Kansas,Washington County,Washington County,5530,0.0,2513,0,52079.3,5530,590,128.0,2312,58.0,2,0.0,2513.0,0.0,0.10669077757685352,0.4544303797468354,0.0,9.417594936708861,0.05536332179930796,0.025086505190311418,0.4544303797468354,KS
20203,Kansas,Wichita County,Wichita County,2152,0.0,0,0,35508.0,2152,345,47.0,846,36.0,1,0.0,0.0,0.0,0.16031598513011153,0.0,0.0,16.5,0.05555555555555555,0.0425531914893617,0.0,KS
20205,Kansas,Wilson County,Wilson County,8624,0.0,0,0,134851.1,8624,418,352.0,3636,197.0,4,0.0,0.0,0.0,0.04846938775510204,0.0,0.0,15.636723098330242,0.0968096809680968,0.05418041804180418,0.0,KS
20207,Kansas,Woodson County,Woodson County,3115,0.0,1559,0,38798.4,3115,78,93.0,1355,72.0,2,0.0,0.0,0.0,0.02504012841091493,0.5004815409309792,0.0,12.455345104333869,0.06863468634686347,0.053136531365313655,0.0,KS
20209,Kansas,Wyandotte County,Wyandotte County,169245,11556.0,123800,165179,2723541.0,169121,14536,7381.0,61835,4277.0,64,3.0,21729.0,0.06827971284232917,0.08588732311146563,0.731483943395669,0.9759756565925138,16.104097066597287,0.11936605482332012,0.06916794695560767,0.128387840113445,KS
21001,Kentucky,Adair County,Adair County,18903,0.0,8267,0,338492.6,18903,0,1208.0,7364,436.0,7,0.0,0.0,0.0,0.0,0.43733798867904566,0.0,17.906819023435432,0.16404128191200434,0.059206952743074415,0.0,KY
21003,Kentucky,Allen County,Allen County,20588,5101.0,9664,5101,276620.2,20588,1839,1131.0,8009,446.0,6,1.0,5101.0,0.24776568875072857,0.089323877987177,0.4693996502817175,0.24776568875072857,13.435991839906743,0.14121613185166687,0.05568735172930453,0.24776568875072857,KY
21005,Kentucky,Anderson County,Anderson County,23852,0.0,0,12669,274162.7,23852,2801,724.0,9369,366.0,6,0.0,0.0,0.0,0.11743250041925206,0.0,0.5311504276370954,11.494327519704846,0.07727612338563347,0.039065001601024656,0.0,KY
21007,Kentucky,Ballard County,Ballard County,7728,0.0,2333,0,116582.0,7728,0,381.0,3228,135.0,3,0.0,0.0,0.0,0.0,0.30188923395445133,0.0,15.085662525879917,0.11802973977695168,0.041821561338289966,0.0,KY
21009,Kentucky,Barren County,Barren County,44485,3537.0,31262,16867,852806.4,44485,2216,2931.0,17718,1601.0,13,1.0,13819.0,0.07950994717320445,0.04981454422839159,0.7027537372147915,0.37916151511745533,19.17065078116219,0.1654249915340332,0.0903600857884637,0.3106440373159492,KY
21011,Kentucky,Bath County,Bath County,12750,0.0,12750,0,322793.2,12750,0,919.0,4878,427.0,4,0.0,0.0,0.0,0.0,1.0,0.0,25.3171137254902,0.1883968839688397,0.08753587535875358,0.0,KY
21013,Kentucky,Bell County,Bell County,24097,0.0,21442,7133,703423.6000000001,24097,91,2440.0,9928,1054.0,9,0.0,0.0,0.0,0.0037764037017056066,0.8898203095821057,0.29601195169523176,29.19133502095697,0.24576954069298954,0.10616438356164383,0.0,KY
21015,Kentucky,Boone County,Boone County,135968,0.0,22440,122915,854669.4,135968,37957,3329.0,49180,1790.0,30,0.0,2711.0,0.0,0.2791612732407625,0.16503883266650976,0.9039994704636385,6.2858128383148975,0.06769011793411957,0.03639690931272875,0.01993851494469287,KY
21017,Kentucky,Bourbon County,Bourbon County,20252,1726.0,12529,10198,290456.0,20252,729,1213.0,8220,405.0,8,1.0,6074.0,0.08522615050365397,0.03599644479557575,0.6186549476594905,0.5035552044242544,14.342089670156033,0.1475669099756691,0.04927007299270073,0.29992099545723877,KY
21019,Kentucky,Boyd County,Boyd County,48261,0.0,18535,33545,799820.2999999999,48261,3692,3341.0,19296,1625.0,15,0.0,0.0,0.0,0.07650069414226808,0.3840575205652597,0.6950746979963117,16.572808271689354,0.17314469320066336,0.08421434494195688,0.0,KY
21021,Kentucky,Boyle County,Boyle County,30614,0.0,12180,11143,483009.19999999995,30614,1202,1433.0,11746,704.0,7,0.0,0.0,0.0,0.039263082249951,0.39785718952113414,0.363983798262233,15.777395962631473,0.12199897837561723,0.05993529712242465,0.0,KY
21023,Kentucky,Bracken County,Bracken County,8400,0.0,4143,0,165569.09999999998,8400,0,587.0,3329,99.0,3,0.0,0.0,0.0,0.0,0.4932142857142857,0.0,19.71060714285714,0.1763292279963953,0.029738660258335835,0.0,KY
21025,Kentucky,Breathitt County,Breathitt County,13718,0.0,13718,0,455681.2,13718,19,1885.0,5716,833.0,7,0.0,2359.0,0.0,0.0013850415512465374,1.0,0.0,33.217757690625454,0.32977606717984603,0.14573128061581525,0.17196384312582008,KY
21027,Kentucky,Breckinridge County,Breckinridge County,20432,0.0,13855,0,436592.9,20432,78,1314.0,8003,338.0,6,0.0,5019.0,0.0,0.003817541111981206,0.678102975724354,0.0,21.368094166014096,0.16418842933899788,0.04223416218917906,0.2456440877055599,KY
21029,Kentucky,Bullitt County,Bullitt County,82217,8490.0,29674,56674,807870.5,82215,12193,2308.0,31409,1284.0,22,2.0,17670.0,0.10326331537273313,0.1483026624663999,0.360922923482978,0.6893221596506806,9.826315149303655,0.07348212295838773,0.040880002547040654,0.214919055669752,KY
21031,Kentucky,Butler County,Butler County,12371,0.0,4815,0,254726.2,12371,408,806.0,4910,376.0,6,0.0,0.0,0.0,0.03298035728720394,0.3892167165144289,0.0,20.590590898068065,0.16415478615071283,0.07657841140529531,0.0,KY
21033,Kentucky,Caldwell County,Caldwell County,12649,0.0,5027,3216,191018.9,12649,1481,701.0,5277,287.0,4,0.0,0.0,0.0,0.11708435449442643,0.39742272116372834,0.2542493477745276,15.101502095027275,0.13284062914534772,0.054386962289179455,0.0,KY
21035,Kentucky,Calloway County,Calloway County,37103,3263.0,14726,18201,662630.2,37103,3597,1432.0,15108,755.0,11,1.0,8617.0,0.08794437107511521,0.09694633857100504,0.39689512977387276,0.49055332452901385,17.859208150284342,0.09478422028064601,0.04997352396081546,0.23224537099425924,KY
21037,Kentucky,Campbell County,Campbell County,93076,4407.0,24366,74341,1066162.0,93076,6813,2445.0,38466,2217.0,25,1.0,15483.0,0.04734840345524088,0.0731982465941811,0.261786067299841,0.798712879797155,11.454746658644549,0.06356262673529871,0.05763531430354079,0.1663479307232799,KY
21039,Kentucky,Carlisle County,Carlisle County,4826,0.0,1784,0,73623.2,4826,0,232.0,2003,52.0,3,0.0,0.0,0.0,0.0,0.369664318276005,0.0,15.255532532117694,0.11582626060908637,0.025961058412381426,0.0,KY
21041,Kentucky,Carroll County,Carroll County,10810,0.0,4543,0,249071.30000000002,10810,0,704.0,4090,308.0,3,0.0,0.0,0.0,0.0,0.420259019426457,0.0,23.040823311748383,0.17212713936430318,0.07530562347188265,0.0,KY
21043,Kentucky,Carter County,Carter County,26627,4759.0,14068,4759,511418.7,26627,1107,2118.0,10664,893.0,8,1.0,4759.0,0.17872835843316934,0.041574341833477295,0.5283358996507305,0.17872835843316934,19.206771322341986,0.19861215303825958,0.08373968492123031,0.17872835843316934,KY
21045,Kentucky,Casey County,Casey County,15941,0.0,14698,0,350777.5,15941,0,959.0,6270,623.0,6,0.0,0.0,0.0,0.0,0.9220249670660561,0.0,22.004736214792047,0.15295055821371611,0.09936204146730462,0.0,KY
21047,Kentucky,Christian County,Christian County,72748,4834.0,36148,51552,1170143.1,68604,6447,3269.0,26435,1999.0,21,1.0,23289.0,0.06644856215978447,0.08862099301699015,0.49689338538516525,0.7086380381591246,17.056485044603814,0.1236618119916777,0.07561944391904672,0.3201325122340133,KY
21049,Kentucky,Clark County,Clark County,36972,7419.0,16060,23394,536537.0,36972,3932,2030.0,14917,1180.0,10,2.0,10617.0,0.20066536838688737,0.10635075192037217,0.43438277615492804,0.6327491074326518,14.511982040463053,0.1360863444392304,0.0791043775558088,0.287163258682246,KY
21051,Kentucky,Clay County,Clay County,20345,0.0,17372,0,677333.6,20345,0,2528.0,7593,962.0,8,0.0,0.0,0.0,0.0,0.8538707299090685,0.0,33.29238633570902,0.3329382325826419,0.12669564072171738,0.0,KY
21053,Kentucky,Clinton County,Clinton County,9253,0.0,6501,0,161588.3,9253,0,962.0,3942,129.0,4,0.0,0.0,0.0,0.0,0.7025829460715444,0.0,17.463341618934397,0.24403855910705224,0.03272450532724505,0.0,KY
21055,Kentucky,Crittenden County,Crittenden County,8990,0.0,5755,0,160301.1,8990,0,377.0,3604,211.0,4,0.0,0.0,0.0,0.0,0.6401557285873193,0.0,17.831045606229143,0.10460599334073252,0.05854605993340733,0.0,KY
21057,Kentucky,Cumberland County,Cumberland County,5888,0.0,5888,0,145773.90000000002,5888,0,725.0,2585,246.0,2,0.0,0.0,0.0,0.0,1.0,0.0,24.757795516304352,0.2804642166344294,0.09516441005802707,0.0,KY
21059,Kentucky,Daviess County,Daviess County,103312,0.0,29618,61813,1560515.2,103312,3712,4761.0,41105,2867.0,24,0.0,0.0,0.0,0.03592999845129317,0.2866849930308193,0.5983138454390584,15.10487842651386,0.11582532538620606,0.06974820581437781,0.0,KY
21061,Kentucky,Edmonson County,Edmonson County,12126,0.0,7031,0,186110.19999999998,12126,0,670.0,4885,240.0,5,0.0,0.0,0.0,0.0,0.5798284677552367,0.0,15.348029028533727,0.13715455475946775,0.04912998976458546,0.0,KY
21063,Kentucky,Elliott County,Elliott County,7354,0.0,7354,0,184339.8,7354,0,638.0,2511,227.0,3,0.0,0.0,0.0,0.0,1.0,0.0,25.06660320913788,0.2540820390282756,0.09040223018717643,0.0,KY
21065,Kentucky,Estill County,Estill County,14163,0.0,12356,0,290077.2,14163,0,1540.0,5875,412.0,6,0.0,0.0,0.0,0.0,0.8724140365741722,0.0,20.48133869942809,0.2621276595744681,0.07012765957446808,0.0,KY
21067,Kentucky,Fayette County,Fayette County,322570,0.0,119982,305494,5254800.1,322570,17242,11918.0,134535,10054.0,82,0.0,22126.0,0.0,0.05345196391480919,0.3719564745636606,0.9470626530675512,16.290417893790494,0.08858661314899469,0.07473148251384398,0.06859286356449763,KY
21069,Kentucky,Fleming County,Fleming County,15082,0.0,9106,0,318714.3,15082,0,1192.0,5936,541.0,4,0.0,0.0,0.0,0.0,0.603766078769394,0.0,21.132097865004642,0.20080862533692723,0.0911388140161725,0.0,KY
21071,Kentucky,Floyd County,Floyd County,35942,0.0,30236,0,1005841.2,35942,0,3538.0,14946,1547.0,14,0.0,0.0,0.0,0.0,0.8412442268098603,0.0,27.985120471871348,0.23671885454302155,0.10350595477050716,0.0,KY
21073,Kentucky,Franklin County,Franklin County,51541,0.0,17755,29764,700358.8,51541,2197,3000.0,21838,1352.0,20,0.0,4879.0,0.0,0.042626258706660716,0.34448303292524396,0.5774820046176831,13.588382064763975,0.13737521751076107,0.061910431358182985,0.09466250169767758,KY
21075,Kentucky,Fulton County,Fulton County,6515,0.0,6515,0,148155.9,6515,2,584.0,2725,434.0,2,0.0,0.0,0.0,0.0003069838833461243,1.0,0.0,22.74073676132003,0.21431192660550458,0.15926605504587155,0.0,KY
21077,Kentucky,Gallatin County,Gallatin County,8690,0.0,8690,0,120120.40000000001,8690,0,405.0,3202,174.0,3,0.0,0.0,0.0,0.0,1.0,0.0,13.82283084004603,0.12648344784509682,0.05434103685196752,0.0,KY
21079,Kentucky,Garrard County,Garrard County,16953,0.0,9510,0,268960.3,16953,0,830.0,6584,316.0,6,0.0,0.0,0.0,0.0,0.560962661475845,0.0,15.865056332212587,0.12606318347509113,0.0479951397326853,0.0,KY
21081,Kentucky,Grant County,Grant County,24941,0.0,9340,0,290356.0,24941,0,1128.0,8995,446.0,7,0.0,0.0,0.0,0.0,0.3744837817248707,0.0,11.641714446092779,0.1254030016675931,0.04958310172317954,0.0,KY
21083,Kentucky,Graves County,Graves County,36649,0.0,22273,10298,721516.2,36649,1725,2096.0,14742,795.0,10,0.0,4050.0,0.0,0.04706813282763513,0.6077382738956042,0.280989931512456,19.687200196458292,0.1421788088454755,0.053927553927553926,0.1105077901170564,KY
21085,Kentucky,Grayson County,Grayson County,26420,0.0,19269,0,535092.5,26420,0,1292.0,10440,564.0,9,0.0,0.0,0.0,0.0,0.729333838001514,0.0,20.253311884935655,0.12375478927203065,0.054022988505747126,0.0,KY
21087,Kentucky,Green County,Green County,11107,0.0,11107,0,227363.3,11107,0,871.0,4606,154.0,4,0.0,0.0,0.0,0.0,1.0,0.0,20.4702710002701,0.18910117238384716,0.03343465045592705,0.0,KY
21089,Kentucky,Greenup County,Greenup County,35962,0.0,15412,18995,556570.4,35962,1169,2045.0,14430,682.0,9,0.0,7325.0,0.0,0.0325065346754908,0.42856348367721486,0.5281964295645404,15.476625326733775,0.1417186417186417,0.04726264726264726,0.20368722540459375,KY
21091,Kentucky,Hancock County,Hancock County,9095,0.0,2746,0,147411.8,9095,0,537.0,3531,159.0,3,0.0,0.0,0.0,0.0,0.30192413413963715,0.0,16.20800439802089,0.15208156329651656,0.045029736618521665,0.0,KY
21093,Kentucky,Hardin County,Hardin County,110702,0.0,16400,66102,1412616.1,110224,8347,4385.0,42933,2933.0,28,0.0,10300.0,0.0,0.07540062510162418,0.14814547162652889,0.5971165832595617,12.815866780374511,0.10213588614818438,0.06831574779307292,0.09304258278983216,KY
21095,Kentucky,Harlan County,Harlan County,26831,0.0,25720,1111,732131.9,26831,329,2839.0,11249,868.0,11,0.0,0.0,0.0,0.012261935820506132,0.958592672654765,0.04140732734523499,27.286791398009765,0.25237798915459153,0.07716241443683883,0.0,KY
21097,Kentucky,Harrison County,Harrison County,18692,4855.0,4855,4855,319190.1,18692,1392,1157.0,7371,691.0,5,1.0,4855.0,0.25973678579071263,0.07447036165204365,0.25973678579071263,0.25973678579071263,17.076294671517225,0.15696649029982362,0.09374576041242708,0.25973678579071263,KY
21099,Kentucky,Hart County,Hart County,19288,0.0,8222,0,376246.9,19288,0,1380.0,7418,645.0,6,0.0,0.0,0.0,0.0,0.42627540439651596,0.0,19.506786603069266,0.18603397142086817,0.08695066055540578,0.0,KY
21101,Kentucky,Henderson County,Henderson County,44793,0.0,13047,18917,654346.7,44793,188,2851.0,18345,1296.0,14,0.0,0.0,0.0,0.004197084365860737,0.29127319000736723,0.42232045185631684,14.608235661822158,0.15541019351321886,0.07064595257563369,0.0,KY
21103,Kentucky,Henry County,Henry County,15678,0.0,9700,0,262236.60000000003,15678,0,720.0,6099,360.0,5,0.0,0.0,0.0,0.0,0.6187013649700217,0.0,16.726406429391506,0.11805213969503198,0.05902606984751599,0.0,KY
21105,Kentucky,Hickman County,Hickman County,4521,0.0,4521,0,92680.5,4521,0,331.0,1916,101.0,1,0.0,0.0,0.0,0.0,1.0,0.0,20.5,0.17275574112734865,0.05271398747390397,0.0,KY
21107,Kentucky,Hopkins County,Hopkins County,45423,5226.0,24513,20398,910787.7,45423,2355,2544.0,18595,1308.0,13,1.0,8175.0,0.11505184598111089,0.051845981110890955,0.5396605244039363,0.4490676529511481,20.05124496400502,0.13681097069104597,0.07034148964775477,0.17997490258239218,KY
21109,Kentucky,Jackson County,Jackson County,12955,0.0,6890,0,250806.6,12955,0,1565.0,5244,463.0,5,0.0,0.0,0.0,0.0,0.5318409880355075,0.0,19.359830181397143,0.29843630816170863,0.08829138062547673,0.0,KY
21111,Kentucky,Jefferson County,Jefferson County,782969,8813.0,290388,762730,11398660.9,782955,44445,36575.0,328169,29010.0,216,3.0,31352.0,0.011255873476472248,0.05676469949640407,0.3708805840333398,0.9741509561681242,14.558513452241828,0.11145172152153311,0.0883995746094238,0.04004245378808101,KY
21113,Kentucky,Jessamine County,Jessamine County,52991,0.0,14905,24315,600223.7,52991,3833,1858.0,19438,802.0,11,0.0,0.0,0.0,0.07233303768564474,0.2812741786341077,0.4588515030854296,11.326898907361626,0.09558596563432452,0.041259388826010907,0.0,KY
21115,Kentucky,Johnson County,Johnson County,22680,0.0,15583,3605,524389.9,22680,438,2284.0,9236,473.0,7,0.0,3605.0,0.0,0.019312169312169312,0.6870811287477954,0.15895061728395063,23.12124779541446,0.2472932005197055,0.05121264616717194,0.15895061728395063,KY
21117,Kentucky,Kenton County,Kenton County,169064,0.0,43592,159442,2031314.6,169064,31719,4818.0,67612,4589.0,44,0.0,7459.0,0.0,0.1876153409359769,0.2578431836464298,0.9430866417451379,12.015062934746606,0.07125953972667574,0.06787256699994083,0.04411938674111579,KY
21119,Kentucky,Knott County,Knott County,14251,0.0,10327,0,327252.5,14251,19,1289.0,5749,493.0,5,0.0,0.0,0.0,0.0013332397726475336,0.7246509016911094,0.0,22.96347624728089,0.22421290659245086,0.0857540441815968,0.0,KY
21121,Kentucky,Knox County,Knox County,30193,4417.0,27034,8244,1122489.0,30193,1778,3730.0,12047,1456.0,11,1.0,8244.0,0.14629218693074553,0.05888782168052197,0.8953730997251018,0.273043420660418,37.177127148676846,0.309620652444592,0.12085996513654852,0.273043420660418,KY
21123,Kentucky,Larue County,Larue County,14867,0.0,8386,0,268322.8,14867,30,789.0,5879,197.0,5,0.0,0.0,0.0,0.002017891975516244,0.5640680702226407,0.0,18.048214165601667,0.1342064977036911,0.03350910018710665,0.0,KY
21125,Kentucky,Laurel County,Laurel County,62613,9809.0,36510,27084,1271583.1,62613,3307,4245.0,24262,1311.0,16,3.0,24082.0,0.15666075735070992,0.0528165077539808,0.5831057448133774,0.4325619280341143,20.30861163017265,0.17496496579012447,0.054035116643310524,0.38461661316340057,KY
21127,Kentucky,Lawrence County,Lawrence County,16293,0.0,8656,4658,348161.8,16293,933,1621.0,6429,356.0,6,0.0,0.0,0.0,0.05726385564352789,0.5312710980175536,0.28588964586018534,21.368796415638617,0.25213874630580185,0.055374086172032974,0.0,KY
21129,Kentucky,Lee County,Lee County,7395,0.0,7395,0,193919.1,7395,0,745.0,2714,341.0,3,0.0,0.0,0.0,0.0,1.0,0.0,26.223002028397566,0.2745025792188651,0.12564480471628592,0.0,KY
21131,Kentucky,Leslie County,Leslie County,10513,0.0,10513,0,314871.4,10513,0,1232.0,4241,329.0,4,0.0,0.0,0.0,0.0,1.0,0.0,29.95067059830686,0.2904975241688281,0.07757604338599387,0.0,KY
21133,Kentucky,Letcher County,Letcher County,21548,0.0,16686,0,516750.3,21548,0,2331.0,9047,549.0,10,0.0,0.0,0.0,0.0,0.7743642101355114,0.0,23.981357898644884,0.25765447109539075,0.06068309936995689,0.0,KY
21135,Kentucky,Lewis County,Lewis County,13080,0.0,9618,0,286284.9,13080,61,1146.0,5239,193.0,4,0.0,1841.0,0.0,0.004663608562691131,0.7353211009174312,0.0,21.887224770642202,0.21874403512120633,0.03683909142966215,0.1407492354740061,KY
21137,Kentucky,Lincoln County,Lincoln County,24275,0.0,19519,0,390526.9,24275,0,1777.0,9711,512.0,7,0.0,0.0,0.0,0.0,0.8040782698249228,0.0,16.087616889804327,0.18298836371125526,0.05272371537431778,0.0,KY
21139,Kentucky,Livingston County,Livingston County,8888,0.0,6223,0,171800.2,8888,0,449.0,3789,115.0,3,0.0,0.0,0.0,0.0,0.7001575157515751,0.0,19.329455445544557,0.11850092372657693,0.030351016099234625,0.0,KY
21141,Kentucky,Logan County,Logan County,27432,0.0,7929,0,458651.4,27432,0,1506.0,11000,682.0,6,0.0,0.0,0.0,0.0,0.2890419947506562,0.0,16.719575678040247,0.1369090909090909,0.062,0.0,KY
21143,Kentucky,Lyon County,Lyon County,8680,0.0,0,0,78625.3,8680,0,403.0,3327,230.0,4,0.0,0.0,0.0,0.0,0.0,0.0,9.058214285714286,0.12113014727983168,0.06913134956417193,0.0,KY
21145,Kentucky,McCracken County,McCracken County,67875,4250.0,20578,54019,1047635.8,67875,7169,2750.0,28932,1709.0,19,1.0,7821.0,0.06261510128913444,0.10562062615101289,0.30317495395948435,0.7958600368324126,15.43478158379374,0.0950504631549841,0.059069542375224666,0.11522651933701658,KY
21147,Kentucky,McCreary County,McCreary County,16888,0.0,16888,0,664966.7,16888,2,1954.0,6058,634.0,6,0.0,0.0,0.0,0.00011842728564661298,1.0,0.0,39.375100663192796,0.3225486959392539,0.1046550016507098,0.0,KY
21149,Kentucky,McLean County,McLean County,9152,0.0,0,0,85556.2,9152,0,374.0,3737,163.0,3,0.0,0.0,0.0,0.0,0.0,0.0,9.348361013986013,0.10008027829810008,0.04361787530104362,0.0,KY
21151,Kentucky,Madison County,Madison County,92701,4201.0,32321,57410,1539175.4,92701,9371,4958.0,36148,1802.0,31,1.0,8637.0,0.04531774198768082,0.10108844564783552,0.3486585905222166,0.6193029201410988,16.603654761005814,0.1371583490096271,0.04985061414186124,0.09317051595991413,KY
21153,Kentucky,Magoffin County,Magoffin County,11637,0.0,11637,0,448472.5,11637,0,1759.0,4802,396.0,5,0.0,0.0,0.0,0.0,1.0,0.0,38.53849789464638,0.3663057059558517,0.08246563931695126,0.0,KY
21155,Kentucky,Marion County,Marion County,19581,0.0,1990,4857,333455.2,19581,1131,1183.0,7752,466.0,6,0.0,0.0,0.0,0.057760073540677186,0.10162913027935243,0.24804657576221847,17.0295286246872,0.15260577915376677,0.06011351909184726,0.0,KY
21157,Kentucky,Marshall County,Marshall County,31659,0.0,8069,5562,398320.9,31659,793,1224.0,13359,653.0,10,0.0,0.0,0.0,0.025048169556840076,0.25487223222464384,0.17568463943902207,12.581600808616823,0.09162362452279363,0.04888090425930085,0.0,KY
21159,Kentucky,Martin County,Martin County,11287,0.0,10375,0,371928.10000000003,11287,0,1125.0,4035,334.0,4,0.0,0.0,0.0,0.0,0.9191990785859838,0.0,32.95190041640826,0.2788104089219331,0.08277571251548947,0.0,KY
21161,Kentucky,Mason County,Mason County,17120,0.0,3305,7446,318798.3,17120,1021,1467.0,7136,684.0,5,0.0,0.0,0.0,0.05963785046728972,0.19304906542056074,0.4349299065420561,18.62139602803738,0.2055773542600897,0.09585201793721973,0.0,KY
21163,Kentucky,Meade County,Meade County,30003,0.0,11245,3181,363851.4,30003,2251,1261.0,11045,476.0,9,0.0,0.0,0.0,0.0750258307502583,0.37479585374795854,0.1060227310602273,12.127167283271673,0.11416930737890447,0.04309642372114079,0.0,KY
21165,Kentucky,Menifee County,Menifee County,6113,0.0,6113,0,164869.0,6113,0,578.0,2480,182.0,2,0.0,0.0,0.0,0.0,1.0,0.0,26.970227384263048,0.23306451612903226,0.07338709677419354,0.0,KY
21167,Kentucky,Mercer County,Mercer County,22641,0.0,0,4574,241048.2,22641,766,1004.0,9213,445.0,5,0.0,0.0,0.0,0.033832427896294336,0.0,0.2020228788481074,10.646535047038558,0.10897644632584391,0.04830131336155433,0.0,KY
21169,Kentucky,Metcalfe County,Metcalfe County,10286,0.0,10286,0,280502.0,10286,0,800.0,4148,319.0,3,0.0,0.0,0.0,0.0,1.0,0.0,27.27027027027027,0.19286403085824494,0.07690453230472517,0.0,KY
21171,Kentucky,Monroe County,Monroe County,11338,0.0,9383,0,250429.6,11338,0,720.0,4557,230.0,4,0.0,0.0,0.0,0.0,0.827571000176398,0.0,22.087634503439762,0.15799868334430547,0.05047180162387536,0.0,KY
21173,Kentucky,Montgomery County,Montgomery County,28114,0.0,12800,9451,438835.0,28114,1134,1816.0,11117,563.0,7,0.0,3490.0,0.0,0.04033577577007896,0.4552891797680871,0.3361670342178274,15.609127125275663,0.16335342268597644,0.050643159125663396,0.1241374404211425,KY
21175,Kentucky,Morgan County,Morgan County,13726,0.0,11642,0,247030.1,13726,0,907.0,4841,273.0,5,0.0,0.0,0.0,0.0,0.8481713536354364,0.0,17.997238816843947,0.18735798388762653,0.056393307167940505,0.0,KY
21177,Kentucky,Muhlenberg County,Muhlenberg County,30928,0.0,15051,3417,573358.6,30928,238,1948.0,11955,627.0,10,0.0,3417.0,0.0,0.007695292291774444,0.48664640455250907,0.11048241076047595,18.538495861355404,0.1629443747386031,0.05244667503136763,0.11048241076047595,KY
21179,Kentucky,Nelson County,Nelson County,46738,0.0,12372,3329,507273.1,46738,0,1866.0,18462,450.0,11,0.0,3329.0,0.0,0.0,0.2647096580940562,0.07122683897471009,10.853547434635628,0.1010724731881703,0.024374390640233994,0.07122683897471009,KY
21181,Kentucky,Nicholas County,Nicholas County,7537,0.0,0,0,132432.09999999998,7537,0,430.0,2954,317.0,2,0.0,0.0,0.0,0.0,0.0,0.0,17.57093007828048,0.14556533513879485,0.10731211916046039,0.0,KY
21183,Kentucky,Ohio County,Ohio County,23772,0.0,8906,3373,299136.1,23772,290,1223.0,9280,462.0,8,0.0,0.0,0.0,0.012199225980144708,0.3746424364798923,0.14188961803802794,12.583547871445397,0.13178879310344827,0.04978448275862069,0.0,KY
21185,Kentucky,Oldham County,Oldham County,67607,0.0,0,24165,285211.0,67607,11551,774.0,22133,324.0,15,0.0,0.0,0.0,0.17085508897007706,0.0,0.3574334018666706,4.218660789563211,0.034970406180815976,0.014638774680341572,0.0,KY
21187,Kentucky,Owen County,Owen County,11278,0.0,5481,0,206973.1,11278,0,496.0,4349,153.0,4,0.0,0.0,0.0,0.0,0.48599042383401314,0.0,18.351932966838092,0.11404920671418717,0.03518050126465854,0.0,KY
21189,Kentucky,Owsley County,Owsley County,4051,0.0,4051,0,146683.0,4051,0,593.0,1735,256.0,2,0.0,0.0,0.0,0.0,1.0,0.0,36.20908417674648,0.34178674351585014,0.14755043227665707,0.0,KY
21191,Kentucky,Pendleton County,Pendleton County,14644,0.0,11338,0,232019.9,14644,0,839.0,5533,311.0,4,0.0,0.0,0.0,0.0,0.7742420103796777,0.0,15.844024856596558,0.15163564070124708,0.05620820531357311,0.0,KY
21193,Kentucky,Perry County,Perry County,28473,0.0,26589,2595,770598.2,28473,0,3168.0,11481,798.0,10,0.0,2595.0,0.0,0.0,0.933832051417132,0.09113897376461912,27.064173076247673,0.2759341520773452,0.06950614058008885,0.09113897376461912,KY
21195,Kentucky,Pike County,Pike County,58669,0.0,42907,4016,1437516.5,58669,0,4957.0,24534,2194.0,22,0.0,2816.0,0.0,0.0,0.7313402307862755,0.06845182293886039,24.502147641855153,0.2020461400505421,0.08942691774680035,0.047998090985017644,KY
21197,Kentucky,Powell County,Powell County,13129,0.0,9855,0,293225.5,13129,0,1100.0,5065,427.0,4,0.0,0.0,0.0,0.0,0.7506283799223094,0.0,22.334183867773632,0.21717670286278382,0.0843040473840079,0.0,KY
21199,Kentucky,Pulaski County,Pulaski County,65034,0.0,46344,24923,1296015.6,65034,4131,3994.0,26405,1343.0,21,0.0,14759.0,0.0,0.0635206199833933,0.7126118645631516,0.3832303102992281,19.928277516376053,0.15125923120621093,0.05086157924635486,0.2269428299043577,KY
21201,Kentucky,Robertson County,Robertson County,2193,0.0,2193,0,46272.3,2193,0,148.0,882,12.0,1,0.0,0.0,0.0,0.0,1.0,0.0,21.1,0.16780045351473924,0.013605442176870748,0.0,KY
21203,Kentucky,Rockcastle County,Rockcastle County,16037,0.0,9160,0,408306.4,16037,0,1434.0,6546,608.0,5,0.0,0.0,0.0,0.0,0.5711791482197418,0.0,25.46027311841367,0.21906507791017416,0.09288114879315612,0.0,KY
21205,Kentucky,Rowan County,Rowan County,24662,0.0,12199,0,643786.2,24662,0,1610.0,9129,808.0,6,0.0,0.0,0.0,0.0,0.49464763603925066,0.0,26.104379206876974,0.17636104721218096,0.08850914667542994,0.0,KY
21207,Kentucky,Russell County,Russell County,17991,0.0,14705,0,417128.0,17991,0,1341.0,7461,489.0,5,0.0,0.0,0.0,0.0,0.817353121004947,0.0,23.18537046300928,0.17973462002412546,0.06554081222356252,0.0,KY
21209,Kentucky,Scott County,Scott County,57155,0.0,18373,31687,639209.1,57155,2080,1955.0,21371,845.0,19,0.0,4055.0,0.0,0.03639226664333829,0.32145918992214156,0.5544046890035867,11.183782696177062,0.09147910720134762,0.03953956295915025,0.0709474236724696,KY
21211,Kentucky,Shelby County,Shelby County,48065,0.0,6024,14506,482287.30000000005,48065,2240,1567.0,17784,785.0,12,0.0,0.0,0.0,0.04660355768230521,0.12533028190991366,0.30179964631228545,10.03406428794341,0.08811291048133153,0.04414080071974809,0.0,KY
21213,Kentucky,Simpson County,Simpson County,19594,0.0,2621,4493,304478.2,19594,613,955.0,7600,267.0,5,0.0,0.0,0.0,0.03128508727161376,0.13376543839951005,0.22930488925181178,15.539358987445137,0.1256578947368421,0.03513157894736842,0.0,KY
21215,Kentucky,Spencer County,Spencer County,19490,0.0,0,0,192699.7,19490,0,481.0,7122,219.0,4,0.0,0.0,0.0,0.0,0.0,0.0,9.887106208311955,0.06753720864925583,0.030749789385004212,0.0,KY
21217,Kentucky,Taylor County,Taylor County,26023,4199.0,4199,13419,458127.0,26023,2847,1550.0,10171,597.0,7,1.0,4199.0,0.1613572608846021,0.10940322022825962,0.1613572608846021,0.5156592245321446,17.604695845982402,0.15239406154753712,0.05869629338314817,0.1613572608846021,KY
21219,Kentucky,Todd County,Todd County,12243,0.0,10793,0,257987.7,12243,263,600.0,4566,461.0,4,0.0,2899.0,0.0,0.021481662991096953,0.8815649759045986,0.0,21.072261700563587,0.1314060446780552,0.10096364432763907,0.23678836886384055,KY
21221,Kentucky,Trigg County,Trigg County,14061,0.0,7612,0,289033.1,14057,22,663.0,5768,393.0,7,0.0,0.0,0.0,0.0015646113363203186,0.5413555223668303,0.0,20.561506722629293,0.11494452149791956,0.06813453536754507,0.0,KY
21223,Kentucky,Trimble County,Trimble County,8474,0.0,0,0,115179.59999999999,8474,0,364.0,3398,102.0,2,0.0,0.0,0.0,0.0,0.0,0.0,13.592117063960348,0.10712183637433785,0.03001765744555621,0.0,KY
21225,Kentucky,Union County,Union County,13668,0.0,4806,0,248216.2,13668,0,523.0,5293,290.0,4,0.0,0.0,0.0,0.0,0.35162423178226515,0.0,18.160389230318994,0.09880974872473078,0.05478934441715473,0.0,KY
21227,Kentucky,Warren County,Warren County,134554,0.0,52814,80758,2574980.8,134554,11820,7118.0,51441,3943.0,27,0.0,7852.0,0.0,0.08784577195772701,0.3925115566984259,0.6001902581863043,19.137155342836333,0.1383721156276122,0.07665092047199705,0.058355753080547586,KY
21229,Kentucky,Washington County,Washington County,12027,0.0,0,0,149954.4,12027,0,785.0,4674,258.0,4,0.0,0.0,0.0,0.0,0.0,0.0,12.468146669992516,0.16795036371416347,0.055198973042362,0.0,KY
21231,Kentucky,Wayne County,Wayne County,19555,3815.0,15737,7666,478233.1,19555,1114,1638.0,8085,547.0,9,1.0,7666.0,0.19509076962413704,0.056967527486576325,0.8047558169266172,0.3920225006392227,24.455796471490665,0.2025974025974026,0.06765615337043908,0.3920225006392227,KY
21233,Kentucky,Webster County,Webster County,13017,0.0,3728,0,178530.2,13017,0,535.0,5034,210.0,4,0.0,0.0,0.0,0.0,0.2863947146039794,0.0,13.715157102250904,0.10627731426301153,0.041716328963051254,0.0,KY
21235,Kentucky,Whitley County,Whitley County,36712,0.0,29975,5954,954695.0,36712,61,2670.0,13794,1137.0,12,0.0,0.0,0.0,0.0016615820440183046,0.8164905208106341,0.1621813031161473,26.004984746132056,0.19356241844280123,0.08242714223575467,0.0,KY
21237,Kentucky,Wolfe County,Wolfe County,6562,0.0,6562,0,246279.39999999997,6562,0,976.0,2634,274.0,2,0.0,0.0,0.0,0.0,1.0,0.0,37.531149039926845,0.3705391040242976,0.10402429764616553,0.0,KY
21239,Kentucky,Woodford County,Woodford County,26871,3635.0,3635,19044,281176.10000000003,26871,4956,922.0,10736,503.0,8,1.0,3635.0,0.13527594804808157,0.18443675337724685,0.13527594804808157,0.7087194373115999,10.463923932864427,0.08587928464977646,0.04685171385991058,0.13527594804808157,KY
22001,Louisiana,Acadia Parish,Acadia Parish,57576,0.0,32409,19110,1464488.4,57576,280,5390.0,22029,2318.0,21,0.0,4607.0,0.0,0.004863137418368765,0.5628907878282617,0.3319091288036682,25.43574406002501,0.24467747060692724,0.10522493077307186,0.08001597888008892,LA
22003,Louisiana,Allen Parish,Allen Parish,22750,2574.0,16939,7342,487517.60000000003,22750,3025,2080.0,7851,622.0,7,1.0,2574.0,0.11314285714285714,0.13296703296703297,0.7445714285714286,0.32272527472527474,21.429345054945056,0.26493440326073114,0.0792255763596994,0.11314285714285714,LA
22005,Louisiana,Ascension Parish,Ascension Parish,126500,3906.0,15326,104870,1332100.3,126500,24660,5793.0,45866,2229.0,29,1.0,10067.0,0.030877470355731226,0.1949407114624506,0.12115415019762846,0.8290118577075098,10.530437154150198,0.12630270788819606,0.04859809008851873,0.0795810276679842,LA
22007,Louisiana,Assumption Parish,Assumption Parish,21039,2523.0,12639,5942,322309.1,21039,2233,1755.0,8409,791.0,7,1.0,2523.0,0.11992014829602167,0.10613622320452493,0.6007414801083701,0.28242787204715053,15.319601692095631,0.20870495897252944,0.09406588179331668,0.11992014829602167,LA
22009,Louisiana,Avoyelles Parish,Avoyelles Parish,39693,0.0,30911,2863,1132590.9000000001,39693,109,4032.0,15181,1417.0,12,0.0,2863.0,0.0,0.0027460761343309904,0.7787519209936261,0.07212858690449198,28.533769178444565,0.26559515183453003,0.09334035966010144,0.07212858690449198,LA
22011,Louisiana,Beauregard Parish,Beauregard Parish,36549,3963.0,9311,9062,524053.6,36549,3000,2411.0,13797,688.0,9,1.0,7082.0,0.10842977920052532,0.08208158909956496,0.2547538920353498,0.2479411201400859,14.338384087115926,0.17474813365224323,0.04986591287961151,0.19376727133437302,LA
22013,Louisiana,Bienville Parish,Bienville Parish,12981,0.0,10267,0,381876.39999999997,12981,387,1274.0,5459,545.0,5,0.0,0.0,0.0,0.029812803327940837,0.7909251983668438,0.0,29.4181033818658,0.23337607620443304,0.09983513464004397,0.0,LA
22015,Louisiana,Bossier Parish,Bossier Parish,128746,3032.0,50319,98600,2082397.9000000001,128746,19563,5389.0,50092,3728.0,33,1.0,9750.0,0.023550246221241824,0.15195035185559164,0.3908393270470539,0.7658490360865581,16.174466779550432,0.1075820490297852,0.07442306156671724,0.07573050813229149,LA
22017,Louisiana,Caddo Parish,Caddo Parish,237848,3835.0,134402,188863,5322576.6,237848,13420,20674.0,99029,9501.0,74,1.0,53588.0,0.016123742894621776,0.05642258921664256,0.5650751740607447,0.7940491406276278,22.378059096565874,0.20876712882085047,0.09594159286673601,0.22530355521173187,LA
22019,Louisiana,Calcasieu Parish,Calcasieu Parish,216785,18583.0,93613,150009,3928278.3,216785,9014,12201.0,83865,5603.0,56,2.0,26808.0,0.08572087552183039,0.041580367645362916,0.431824157575478,0.6919713079779505,18.12061858523422,0.14548381327132892,0.0668097537709414,0.1236616924602717,LA
22021,Louisiana,Caldwell Parish,Caldwell Parish,9645,0.0,9645,0,276941.7,9645,314,873.0,3752,308.0,3,0.0,2790.0,0.0,0.032555728356661484,1.0,0.0,28.713499222395026,0.23267590618336886,0.08208955223880597,0.2892690513219285,LA
22023,Louisiana,Cameron Parish,Cameron Parish,5617,0.0,624,0,37082.5,5617,739,173.0,2121,54.0,4,0.0,0.0,0.0,0.13156489229125867,0.11109132989140111,0.0,6.601833719067118,0.08156529938708157,0.02545968882602546,0.0,LA
22025,Louisiana,Catahoula Parish,Catahoula Parish,8906,0.0,4880,0,218497.40000000002,8906,101,617.0,3505,326.0,3,0.0,2774.0,0.0,0.011340669211767348,0.547945205479452,0.0,24.53373006961599,0.1760342368045649,0.09300998573466476,0.3114754098360656,LA
22027,Louisiana,Claiborne Parish,Claiborne Parish,14170,0.0,13131,0,404220.8,14170,647,1743.0,5498,733.0,6,0.0,3035.0,0.0,0.04565984474241355,0.9266760762173606,0.0,28.52652081863091,0.3170243724990906,0.13332120771189523,0.21418489767113622,LA
22029,Louisiana,Concordia Parish,Concordia Parish,18687,0.0,18687,6637,595780.1,18687,492,1821.0,7225,705.0,6,0.0,6637.0,0.0,0.026328463637823086,1.0,0.3551666934232354,31.882062396318293,0.2520415224913495,0.09757785467128027,0.3551666934232354,LA
22031,Louisiana,De Soto Parish,De Soto Parish,26812,2854.0,16349,2854,586490.7,26812,782,2114.0,10689,934.0,9,1.0,5424.0,0.10644487542891243,0.029166045054453228,0.6097642846486647,0.10644487542891243,21.874186931224823,0.19777341191879502,0.08737954906913649,0.2022974787408623,LA
22033,Louisiana,East Baton Rouge Parish,East Baton Rouge Parish,456781,22097.0,218211,407612,9431996.6,456781,35985,28210.0,181478,14420.0,108,5.0,89908.0,0.04837547971566243,0.07877954643472473,0.4777147035450249,0.892357606818147,20.648837407860658,0.15544583916507787,0.0794586671662681,0.19682955289296183,LA
22035,Louisiana,East Carroll Parish,East Carroll Parish,7459,0.0,4707,0,237507.9,7459,512,775.0,2375,241.0,3,0.0,0.0,0.0,0.06864190910309693,0.631049738570854,0.0,31.841788443491083,0.3263157894736842,0.10147368421052631,0.0,LA
22037,Louisiana,East Feliciana Parish,East Feliciana Parish,19539,0.0,0,0,321732.0,19539,0,929.0,6886,352.0,5,0.0,0.0,0.0,0.0,0.0,0.0,16.466144633809304,0.13491141446413013,0.051118210862619806,0.0,LA
22039,Louisiana,Evangeline Parish,Evangeline Parish,32350,0.0,24322,5926,782764.9,32350,148,3917.0,12728,1455.0,11,0.0,0.0,0.0,0.004574961360123648,0.751839258114374,0.18318392581143741,24.196751159196292,0.30774670018856065,0.11431489629164047,0.0,LA
22041,Louisiana,Franklin Parish,Franklin Parish,19774,4353.0,13306,9639,481393.5,19774,4109,1845.0,7727,605.0,6,1.0,9639.0,0.22013755436431678,0.20779811874178214,0.6729038130878932,0.4874582785475877,24.344770911297665,0.238773133169406,0.07829688106639057,0.4874582785475877,LA
22043,Louisiana,Grant Parish,Grant Parish,22169,0.0,10145,0,350358.7,22169,42,1377.0,7823,512.0,7,0.0,0.0,0.0,0.001894537417113988,0.4576210023005097,0.0,15.803992060986062,0.1760194298862329,0.06544803783714688,0.0,LA
22045,Louisiana,Iberia Parish,Iberia Parish,69929,0.0,40020,36040,1660048.9,69929,4046,6394.0,27016,3219.0,22,0.0,6352.0,0.0,0.05785868523788414,0.5722947561097684,0.5153798853122453,23.739062477655906,0.2366745632217945,0.11915161385845426,0.09083498977534356,LA
22047,Louisiana,Iberville Parish,Iberville Parish,30241,2098.0,16862,7506,597539.1,30241,1332,2381.0,11208,719.0,9,1.0,7506.0,0.06937601269799279,0.0440461624946265,0.5575873813696637,0.24820607784134122,19.759237459078733,0.21243754461099215,0.06415060670949321,0.24820607784134122,LA
22049,Louisiana,Jackson Parish,Jackson Parish,15031,4626.0,11635,4626,332511.6,15031,2166,848.0,6064,564.0,5,2.0,4626.0,0.30776395449404564,0.14410218880979309,0.7740669283480807,0.30776395449404564,22.121721774998335,0.13984168865435356,0.09300791556728233,0.30776395449404564,LA
22051,Louisiana,Jefferson Parish,Jefferson Parish,440781,19685.0,180963,430277,7304096.4,440781,13470,24876.0,178028,13184.0,127,4.0,40180.0,0.04465936598900588,0.030559393440279865,0.4105508177530338,0.9761695717374388,16.5708059104181,0.13973082885838184,0.07405576650863908,0.0911563792450219,LA
22053,Louisiana,Jefferson Davis Parish,Jefferson Davis Parish,32250,0.0,7825,9656,471862.1,32250,638,2449.0,12197,667.0,8,0.0,2185.0,0.0,0.019782945736434108,0.24263565891472869,0.2994108527131783,14.631382945736433,0.20078707878986635,0.05468557842092318,0.06775193798449612,LA
22055,Louisiana,Lafayette Parish,Lafayette Parish,241753,17258.0,92901,209913,4255416.5,241753,24831,12598.0,97428,6665.0,58,4.0,33019.0,0.07138691143439792,0.10271227244336162,0.3842806500850041,0.8682953262213913,17.60233171873772,0.1293057437287022,0.0684094921377838,0.1365815522454737,LA
22057,Louisiana,Lafourche Parish,Lafourche Parish,97557,11127.0,35432,67630,1637329.8,97557,15399,6431.0,37179,2592.0,26,3.0,18089.0,0.11405639779821028,0.15784618223192595,0.3631928001066043,0.6932357493567863,16.78331437006058,0.17297399069367117,0.06971677559912855,0.18541980585708867,LA
22059,Louisiana,LaSalle Parish,LaSalle Parish,14791,0.0,4151,0,235326.9,14791,84,842.0,5140,340.0,3,0.0,0.0,0.0,0.005679129200189304,0.2806436346426881,0.0,15.910141302143195,0.16381322957198444,0.06614785992217899,0.0,LA
22061,Louisiana,Lincoln Parish,Lincoln Parish,48396,18108.0,30830,34229,1564137.3,48396,6759,4411.0,18075,1749.0,12,3.0,24578.0,0.37416315397966776,0.1396603025043392,0.6370361186874949,0.7072691958013059,32.31955740143814,0.2440387275242047,0.09676348547717842,0.5078518885858335,LA
22063,Louisiana,Livingston Parish,Livingston Parish,142282,0.0,37026,72815,1830960.9,142282,13678,6983.0,52581,2062.0,34,0.0,15685.0,0.0,0.09613303158516186,0.26022968471064506,0.5117653673690277,12.868535021998566,0.1328046252448603,0.0392156862745098,0.11023882149534024,LA
22065,Louisiana,Madison Parish,Madison Parish,10017,0.0,10017,5837,333856.0,10017,219,929.0,3732,428.0,5,0.0,4400.0,0.0,0.0218628331835879,1.0,0.5827093940301488,33.32894080063891,0.24892818863879956,0.11468381564844587,0.4392532694419487,LA
22067,Louisiana,Morehouse Parish,Morehouse Parish,25629,0.0,22269,10258,746266.7,25629,612,2932.0,10302,1136.0,8,0.0,3120.0,0.0,0.023879199344492567,0.8688985134027859,0.40024971711732804,29.11805766904678,0.28460493108134344,0.11026985051446321,0.12173709469741309,LA
22069,Louisiana,Natchitoches Parish,Natchitoches Parish,37515,4653.0,20907,15186,994265.2,37515,2965,2833.0,15213,1351.0,11,1.0,8182.0,0.12403038784486206,0.07903505264560842,0.557297081167533,0.4047980807676929,26.503137411701985,0.1862223098665615,0.08880562676658121,0.2180994268959083,LA
22071,Louisiana,Orleans Parish,Orleans Parish,383997,12682.0,224829,382195,8868270.1,382361,11177,28835.0,165125,27169.0,184,3.0,15837.0,0.03302629968463295,0.02910699823175702,0.5854967616934508,0.9953072550045964,23.193448338088874,0.17462528387585163,0.16453595760787282,0.041242509707107085,LA
22073,Louisiana,Ouachita Parish,Ouachita Parish,160368,0.0,74447,114296,3857101.9,160368,11503,12151.0,62654,5286.0,47,0.0,29017.0,0.0,0.0717287738202135,0.4642260301306994,0.7127107652399481,24.051568267983637,0.19393813643183197,0.08436811695981103,0.18094008779806445,LA
22075,Louisiana,Plaquemines Parish,Plaquemines Parish,23515,0.0,8499,13637,330987.7,23515,1517,1215.0,8190,156.0,9,0.0,0.0,0.0,0.06451201360833511,0.36142887518605143,0.5799277057197534,14.075598554114396,0.14835164835164835,0.01904761904761905,0.0,LA
22077,Louisiana,Pointe Coupee Parish,Pointe Coupee Parish,20758,0.0,5013,11251,353022.2,20758,3990,1004.0,8645,638.0,7,0.0,1869.0,0.0,0.19221504961942384,0.24149725407071973,0.5420079005684555,17.00656132575393,0.1161364950838635,0.07379988432620012,0.09003757587436169,LA
22079,Louisiana,Rapides Parish,Rapides Parish,130023,4934.0,59795,64376,2637642.9,129698,6784,9348.0,51268,4582.0,39,2.0,19791.0,0.037947132430416156,0.05217538435507564,0.4598801750459534,0.49511240319020483,20.336804730990455,0.18233596005305452,0.08937348833580401,0.15221153180591127,LA
22081,Louisiana,Red River Parish,Red River Parish,7620,0.0,3547,0,193978.10000000003,7620,71,776.0,3042,248.0,2,0.0,0.0,0.0,0.00931758530183727,0.4654855643044619,0.0,25.45644356955381,0.25509533201840895,0.08152531229454306,0.0,LA
22083,Louisiana,Richland Parish,Richland Parish,20043,0.0,11489,0,477107.60000000003,20043,1,1778.0,7674,628.0,6,0.0,0.0,0.0,4.9892730629147335e-05,0.5732175821982737,0.0,23.804200967918977,0.23169142559291112,0.08183476674485275,0.0,LA
22085,Louisiana,Sabine Parish,Sabine Parish,22155,0.0,12694,0,522000.7,22155,6,1936.0,9202,895.0,9,0.0,0.0,0.0,0.00027081922816519973,0.5729632137215076,0.0,23.561304445948995,0.21038904585959575,0.09726146489893502,0.0,LA
22087,Louisiana,St. Bernard Parish,St. Bernard Parish,43764,1941.0,31746,40192,1008613.7,43764,2162,4072.0,16223,1331.0,17,1.0,6381.0,0.04435152179873869,0.04940133443012522,0.7253907321085824,0.9183804039850105,23.0466524997715,0.25100166430376625,0.08204401158848548,0.14580477104469428,LA
22089,Louisiana,St. Charles Parish,St. Charles Parish,52549,0.0,8367,33523,598707.5,52549,1511,1920.0,19187,473.0,13,0.0,8367.0,0.0,0.028754115206759405,0.15922282060553009,0.6379379246037032,11.393318616909932,0.10006775420857872,0.024652108198259238,0.15922282060553009,LA
22091,Louisiana,St. Helena Parish,St. Helena Parish,10920,0.0,10920,0,348780.5,10920,0,1281.0,4380,433.0,3,0.0,0.0,0.0,0.0,1.0,0.0,31.93960622710623,0.2924657534246575,0.09885844748858448,0.0,LA
22093,Louisiana,St. James Parish,St. James Parish,20192,0.0,1933,10155,225104.4,20192,878,1060.0,7692,423.0,7,0.0,1933.0,0.0,0.04348256735340729,0.0957309825673534,0.5029219492868463,11.148197305863707,0.1378055122204888,0.05499219968798752,0.0957309825673534,LA
22095,Louisiana,St. John the Baptist Parish,St. John the Baptist Parish,42477,0.0,12623,27754,597215.2,42477,3015,3057.0,15803,787.0,11,0.0,3424.0,0.0,0.07097958895402218,0.2971725875179509,0.653388892812581,14.059731148621607,0.193444282731127,0.0498006707587167,0.08060832921345669,LA
22097,Louisiana,St. Landry Parish,St. Landry Parish,82540,0.0,61750,25010,2181708.3,82540,9,6975.0,32499,3195.0,28,0.0,0.0,0.0,0.0001090380421613763,0.7481221226072208,0.3030046038284468,26.432133511024954,0.2146219883688729,0.09831071725283855,0.0,LA
22099,Louisiana,St. Martin Parish,St. Martin Parish,51767,2407.0,16209,16376,777816.7,51767,4323,3987.0,20238,1840.0,17,1.0,6091.0,0.04649680298259509,0.08350879904186065,0.3131145324241312,0.3163405258176058,15.025338536133058,0.19700563296768456,0.0909180749085878,0.11766183089613073,LA
22101,Louisiana,St. Mary Parish,St. Mary Parish,49406,1478.0,25357,34035,1011475.9,49406,7084,4204.0,19321,2092.0,16,1.0,7033.0,0.029915394891308747,0.1433833947293851,0.5132372586325548,0.6888839412217139,20.472734080880866,0.21758708141400548,0.10827596915273537,0.1423511314415253,LA
22103,Louisiana,St. Tammany Parish,St. Tammany Parish,264570,16492.0,67681,197595,3019706.8,264570,44671,9460.0,102005,4471.0,59,4.0,34027.0,0.062335109800808856,0.16884378425369467,0.2558150961938239,0.7468533847374986,11.413640246437614,0.09274055193372874,0.04383118474584579,0.12861246551007294,LA
22105,Louisiana,Tangipahoa Parish,Tangipahoa Parish,133157,19632.0,63417,65719,2553062.7,133157,16359,11015.0,50961,3169.0,31,4.0,32647.0,0.14743498276470632,0.12285497570537035,0.4762573503458324,0.49354521354491315,19.17332697492434,0.21614568002982673,0.06218480799042405,0.24517674624691155,LA
22107,Louisiana,Tensas Parish,Tensas Parish,4147,0.0,3206,0,151243.7,4147,137,502.0,1766,150.0,3,0.0,0.0,0.0,0.03303592958765372,0.7730889799855317,0.0,36.470629370629375,0.2842582106455266,0.08493771234428087,0.0,LA
22109,Louisiana,Terrebonne Parish,Terrebonne Parish,109580,9206.0,54734,78990,1764100.2,109580,11894,6875.0,41344,2898.0,34,3.0,13429.0,0.0840116809636795,0.10854170469063698,0.4994889578390217,0.7208432195656141,16.09874247125388,0.1662877321981424,0.07009481424148607,0.12254973535316664,LA
22111,Louisiana,Union Parish,Union Parish,21107,0.0,16476,0,626808.0,21107,0,1733.0,8759,620.0,6,0.0,0.0,0.0,0.0,0.7805941156962145,0.0,29.6966883024589,0.197853636259847,0.07078433611142824,0.0,LA
22113,Louisiana,Vermilion Parish,Vermilion Parish,57359,5012.0,22020,24612,1160609.4,57359,4770,3893.0,22195,2136.0,16,1.0,9736.0,0.08737948709008177,0.0831604456144633,0.3838979061699123,0.42908697850380934,20.23412890740773,0.17539986483442216,0.09623789141698581,0.16973796614306386,LA
22115,Louisiana,Vernon Parish,Vernon Parish,48750,6715.0,22957,21333,913444.5,48750,7407,2677.0,18761,1142.0,16,2.0,12143.0,0.13774358974358974,0.15193846153846155,0.4709128205128205,0.4376,18.737323076923076,0.14268962208837482,0.06087095570598582,0.24908717948717948,LA
22117,Louisiana,Washington Parish,Washington Parish,45463,4882.0,27472,5871,1104522.5,45463,548,4989.0,17944,2039.0,13,1.0,4882.0,0.10738402657105778,0.012053758001011812,0.6042716054813805,0.12913798033565757,24.294976134438993,0.27803165403477487,0.11363129736959429,0.10738402657105778,LA
22119,Louisiana,Webster Parish,Webster Parish,36967,9667.0,32308,20644,859852.3,36967,4232,3870.0,15684,1482.0,13,3.0,13013.0,0.26150350312440823,0.11448048259258257,0.8739686747639787,0.5584440176373522,23.259996753861554,0.24674827850038256,0.0944912012241775,0.3520166635106987,LA
22121,Louisiana,West Baton Rouge Parish,West Baton Rouge Parish,27199,0.0,7310,17362,336379.6,27199,2887,1360.0,10338,597.0,6,0.0,3979.0,0.0,0.10614360822089047,0.2687598808779735,0.6383322916283687,12.367351740872826,0.13155349197136776,0.05774811375507835,0.14629214309349609,LA
22123,Louisiana,West Carroll Parish,West Carroll Parish,9751,0.0,2082,0,159295.9,9751,11,887.0,4084,228.0,3,0.0,0.0,0.0,0.001128089426725464,0.21351656240385603,0.0,16.33636550097426,0.21718903036238982,0.05582761998041136,0.0,LA
22125,Louisiana,West Feliciana Parish,West Feliciana Parish,15310,0.0,2023,0,153581.6,15309,111,571.0,3897,204.0,7,0.0,0.0,0.0,0.007250163291966035,0.13213585891574134,0.0,10.032111829642695,0.14652296638439827,0.05234795996920708,0.0,LA
22127,Louisiana,Winn Parish,Winn Parish,13755,0.0,10225,2377,320357.2,13755,612,879.0,5181,413.0,5,0.0,2377.0,0.0,0.04449291166848419,0.7433660487095601,0.1728098873137041,23.290236277717195,0.1696583671105964,0.07971434086083767,0.1728098873137041,LA
23001,Maine,Androscoggin County,Androscoggin County,111139,4503.0,37683,54013,1604009.1,111139,6106,7885.0,45393,4427.0,32,1.0,4503.0,0.040516830275600824,0.05494021000728817,0.3390618954642385,0.48599501525117195,14.432459352702473,0.17370519683651664,0.09752605027206838,0.040516830275600824,ME
23003,Maine,Aroostook County,Aroostook County,67105,0.0,37498,3857,963319.1,67105,1855,6192.0,29784,2566.0,24,0.0,12042.0,0.0,0.027643245659786903,0.5587959168467327,0.05747708814544371,14.355399746665674,0.20789685737308622,0.08615363953800699,0.179450115490649,ME
23005,Maine,Cumberland County,Cumberland County,303069,4753.0,41582,180279,2215724.3,303069,30489,9897.0,128100,9162.0,80,1.0,13325.0,0.015682897294015553,0.1006008532710373,0.1372030791667904,0.5948447383269156,7.310956580844626,0.07725995316159251,0.07152224824355972,0.04396688542873075,ME
23007,Maine,Franklin County,Franklin County,29456,0.0,14559,0,360259.9,29456,136,1949.0,12842,1162.0,10,0.0,2022.0,0.0,0.004617055947854427,0.494262629005975,0.0,12.230442015209126,0.15176763743965113,0.09048434823236257,0.06864475828354155,ME
23009,Maine,Hancock County,Hancock County,55478,0.0,4950,0,547941.2,55478,102,2142.0,24948,1583.0,17,0.0,1885.0,0.0,0.0018385666390280833,0.08922455748224521,0.0,9.876729514402104,0.08585858585858586,0.06345198011864679,0.033977432495764084,ME
23011,Maine,Kennebec County,Kennebec County,123642,4253.0,29943,37904,1447537.2,123642,2714,7402.0,53223,4058.0,36,1.0,8129.0,0.03439769657559729,0.021950469905048446,0.2421749890813801,0.30656249494508336,11.707487746882126,0.1390752118445033,0.07624523232437104,0.06574626744957215,ME
23013,Maine,Knox County,Knox County,40607,2739.0,5265,14907,328453.5,40607,1944,1572.0,17883,1003.0,12,1.0,2739.0,0.06745142463122122,0.04787351934395548,0.12965744822321273,0.3671041938582018,8.088593099711872,0.08790471397416541,0.05608678633338925,0.06745142463122122,ME
23015,Maine,Lincoln County,Lincoln County,35237,0.0,0,0,280321.1,35237,131,1303.0,15803,745.0,9,0.0,0.0,0.0,0.0037176831171779664,0.0,0.0,7.955305502738598,0.08245269885464786,0.04714294754160602,0.0,ME
23017,Maine,Oxford County,Oxford County,57777,3705.0,35564,8884,802758.8,57777,3259,3793.0,24712,1677.0,19,1.0,3705.0,0.06412586323277429,0.05640652854942278,0.6155390553334372,0.15376360835626635,13.894089343510394,0.15348818387827776,0.0678617675623179,0.06412586323277429,ME
23019,Maine,Penobscot County,Penobscot County,152199,4801.0,63405,56109,2168776.7,152199,6347,10162.0,64250,5267.0,46,1.0,21667.0,0.03154422828008068,0.0417019822732081,0.4165927502808823,0.3686555102201723,14.249612021103951,0.15816342412451362,0.08197665369649805,0.1423596738480542,ME
23021,Maine,Piscataquis County,Piscataquis County,16800,445.0,15511,0,255012.8,16800,288,1504.0,7615,411.0,8,1.0,445.0,0.026488095238095238,0.017142857142857144,0.9232738095238096,0.0,15.179333333333332,0.1975049244911359,0.05397242284963887,0.026488095238095238,ME
23023,Maine,Sagadahoc County,Sagadahoc County,36699,3332.0,6854,18326,369263.4,36699,5810,1432.0,16136,846.0,8,1.0,3332.0,0.09079266465026295,0.15831494046159295,0.18676258208670535,0.49935965557644624,10.06194719202158,0.0887456618740704,0.05242935052057511,0.09079266465026295,ME
23025,Maine,Somerset County,Somerset County,50477,1291.0,18680,5417,722695.9,50477,1838,4101.0,21924,1346.0,20,1.0,1291.0,0.025576004913128753,0.036412623571131404,0.37006953662063913,0.10731620341937913,14.317330665451593,0.1870552818828681,0.06139390622149243,0.025576004913128753,ME
23027,Maine,Waldo County,Waldo County,39607,0.0,9903,6938,475440.0,39607,1421,2180.0,17143,1021.0,8,0.0,0.0,0.0,0.035877496402151134,0.25003156007776406,0.17517105562148105,12.003938697704951,0.1271656069532754,0.05955783701802485,0.0,ME
23029,Maine,Washington County,Washington County,31095,2711.0,22796,0,529425.9,31095,955,2663.0,13757,860.0,14,1.0,2711.0,0.08718443479659109,0.03071233317253578,0.7331082167551053,0.0,17.026078147612157,0.19357418041724214,0.06251362942501999,0.08718443479659109,ME
23031,Maine,York County,York County,211972,2769.0,39917,91784,1633142.3,211972,19806,7364.0,88924,4321.0,58,1.0,8360.0,0.013063046062687525,0.09343686902043666,0.18831260732549582,0.43300058498292227,7.704518993074557,0.08281228914578741,0.04859205613782556,0.039439171211292055,ME
24001,Maryland,Allegany County,Allegany County,68106,15822.0,62693,38782,1151388.7,68106,5221,5751.0,27596,2503.0,22,4.0,27383.0,0.23231433353889525,0.07665991248935483,0.9205209526326609,0.56943587936452,16.905833553578244,0.20839976808233077,0.09070155094941296,0.40206442897835726,MD
24003,Maryland,Anne Arundel County,Anne Arundel County,588261,5766.0,89495,532830,3324802.1,584324,85674,14710.0,219971,9120.0,129,1.0,27528.0,0.009801771662578345,0.14563943555666617,0.1521348517069804,0.9057714177890426,5.689997501386217,0.06687245136858949,0.04146001063776589,0.046795555034245005,MD
24005,Maryland,Baltimore County,Baltimore County,854535,12884.0,343687,794274,9013388.3,854529,76162,37563.0,329964,26021.0,219,3.0,89549.0,0.01507720573177225,0.08912683506234385,0.40219183532564495,0.9294809457775282,10.547785154160948,0.1138396916027203,0.0788601180734868,0.10479266501664648,MD
24009,Maryland,Calvert County,Calvert County,92783,7201.0,7201,32438,364584.4,92783,16776,1696.0,32754,988.0,18,1.0,7201.0,0.07761120032764623,0.18080898440447066,0.07761120032764623,0.3496114589957212,3.9294310380134294,0.05177993527508091,0.030164254747511755,0.07761120032764623,MD
24011,Maryland,Caroline County,Caroline County,33293,0.0,24863,3393,420726.3,33293,0,2202.0,12327,692.0,9,0.0,0.0,0.0,0.0,0.7467936202805394,0.10191331511128465,12.637079866638633,0.1786322706254563,0.05613693518293177,0.0,MD
24013,Maryland,Carroll County,Carroll County,172891,5279.0,8131,86868,907950.9,172891,33163,3352.0,63050,2099.0,37,1.0,5279.0,0.030533688855984405,0.19181449583841842,0.04702963138624914,0.5024437362268712,5.251579897160639,0.05316415543219667,0.03329103885804917,0.030533688855984405,MD
24015,Maryland,Cecil County,Cecil County,103725,19629.0,37294,45209,1131696.7,103725,14685,5452.0,39398,1973.0,21,4.0,24028.0,0.18924078091106292,0.1415762834417932,0.3595468787659677,0.4358544227524705,10.910549047963364,0.13838265901822427,0.05007868419716737,0.23165100024102192,MD
24017,Maryland,Charles County,Charles County,166617,16438.0,34970,126066,1149772.4,166617,34355,5885.0,59107,2358.0,35,3.0,21188.0,0.09865739990517174,0.2061914450506251,0.20988254499840953,0.7566214731990133,6.900690805860146,0.09956519532373492,0.0398937520090683,0.12716589543684018,MD
24019,Maryland,Dorchester County,Dorchester County,32531,0.0,32531,12675,569637.8,32531,224,2849.0,13721,1577.0,9,0.0,3862.0,0.0,0.006885739755925118,1.0,0.3896283544926378,17.510614490793397,0.20763792726477662,0.1149333138984039,0.11871753097045895,MD
24021,Maryland,Frederick County,Frederick County,271717,13022.0,84856,192564,1668205.3,271717,44344,7732.0,98358,4623.0,65,3.0,30636.0,0.04792486300084279,0.16319921094373926,0.31229551334660693,0.708693235977138,6.139495504513888,0.07861078915797393,0.04700176904776429,0.11274966233250036,MD
24023,Maryland,Garrett County,Garrett County,28806,0.0,22960,0,324670.1,28806,0,1903.0,11954,990.0,9,0.0,0.0,0.0,0.0,0.797056168853711,0.0,11.270919252933416,0.15919357537226034,0.08281746695666722,0.0,MD
24025,Maryland,Harford County,Harford County,260924,0.0,37070,203301,1844388.1,260924,41537,7558.0,98282,4512.0,59,0.0,16595.0,0.0,0.15919194861338934,0.1420720209716239,0.7791579157149208,7.0686793855682115,0.07690116196251602,0.04590871166642926,0.0636008952798516,MD
24027,Maryland,Howard County,Howard County,332317,6547.0,19904,294384,1762228.1,332317,48614,6828.0,118781,4391.0,59,1.0,6547.0,0.019701068558033445,0.14628803221020892,0.059894618692393105,0.8858529656923961,5.3028526978758235,0.057483941034340506,0.036967191722581894,0.019701068558033445,MD
24029,Maryland,Kent County,Kent County,19198,0.0,8035,5983,186846.7,19198,180,1046.0,8075,485.0,5,0.0,0.0,0.0,0.009375976664235858,0.41853318053963956,0.31164704656735076,9.732612772163767,0.12953560371517028,0.060061919504643964,0.0,MD
24031,Maryland,Montgomery County,Montgomery County,1062061,16870.0,329181,1038514,7937353.6,1062061,180090,28972.0,386931,33093.0,232,3.0,114108.0,0.015884210040666213,0.16956653148924591,0.3099454739417039,0.9778289570938016,7.4735383372518145,0.07487639915126987,0.08552687688502601,0.10744015645052403,MD
24033,Maryland,Prince George's County,Prince George's County,967201,17481.0,527193,941080,11124998.3,967201,113191,42353.0,342216,31898.0,214,4.0,165400.0,0.018073802653223062,0.11702944889428361,0.5450707763949789,0.9729932041013192,11.502260957133005,0.12376101643406504,0.09321013628819225,0.17100892162022166,MD
24035,Maryland,Queen Anne's County,Queen Anne's County,49874,0.0,2587,9122,320289.6,49874,5434,1440.0,19240,633.0,11,0.0,0.0,0.0,0.10895456550507278,0.05187071419978345,0.18290091029394073,6.42197537795244,0.07484407484407485,0.0329002079002079,0.0,MD
24037,Maryland,St. Mary's County,St. Mary's County,113777,5216.0,29448,39880,910587.7,113777,15464,4752.0,41845,1339.0,22,1.0,19691.0,0.04584406338715206,0.13591499160638792,0.25882208179157473,0.3505102085658789,8.003266916863689,0.11356195483331342,0.03199904409128928,0.17306661276004817,MD
24039,Maryland,Somerset County,Somerset County,24620,6345.0,20643,9150,406457.30000000005,24620,3373,2076.0,8334,636.0,6,1.0,7921.0,0.25771730300568646,0.13700243704305443,0.8384646628757108,0.3716490658001625,16.509232331437858,0.24910007199424047,0.07631389488840892,0.3217303005686434,MD
24041,Maryland,Talbot County,Talbot County,37526,0.0,13425,13220,347488.7,37526,2090,1692.0,16296,1197.0,10,0.0,9293.0,0.0,0.055694718328625485,0.3577519586420082,0.3522890795714971,9.25994510472739,0.10382916053019146,0.07345360824742268,0.24764163513297446,MD
24043,Maryland,Washington County,Washington County,154705,5672.0,78753,101604,1874668.9,149345,15502,9180.0,58640,4614.0,36,1.0,15710.0,0.03666332697715006,0.10020361332859314,0.5090527132284024,0.6567596393135322,12.55260571160735,0.15654843110504774,0.07868349249658936,0.10154810768882712,MD
24045,Maryland,Wicomico County,Wicomico County,103588,15964.0,67239,67675,1478375.2,103588,11121,6951.0,40018,2293.0,21,3.0,31590.0,0.15411051473143608,0.10735799513457157,0.6491002818859327,0.6533092636212688,14.271683978839247,0.17369683642360936,0.05729921535309111,0.3049581032552033,MD
24047,Maryland,Worcester County,Worcester County,52460,5770.0,26232,22284,523923.5,52460,10137,2385.0,22871,1433.0,17,2.0,10354.0,0.10998856271444911,0.1932329393823866,0.5000381242851697,0.42478078536027447,9.987104460541365,0.1042805299287307,0.0626557649425036,0.19736942432329393,MD
24510,Maryland,Baltimore city,Baltimore city,585708,0.0,441646,585708,11599509.7,583623,0,59197.0,251479,68150.0,199,0.0,5990.0,0.0,0.0,0.754037848211054,1.0,19.875004412094793,0.23539540080881505,0.27099678303158514,0.010226939020809003,MD
25001,Massachusetts,Barnstable County,Barnstable County,228996,29421.0,64789,217057,1768296.8,228996,73818,9959.0,103368,5673.0,56,8.0,45010.0,0.12847822669391606,0.32235497563276216,0.28292633932470435,0.9478637181435483,7.721954968645741,0.0963450971287052,0.0548815881123752,0.19655365159216756,MA
25003,Massachusetts,Berkshire County,Berkshire County,129026,9368.0,77815,75202,1469787.9,129026,9938,9512.0,57015,5551.0,40,2.0,32966.0,0.07260552136778634,0.07702323562692791,0.6030955001317564,0.5828437679227443,11.391408708322352,0.1668332894852232,0.09736034376918355,0.2554988916962473,MA
25005,Massachusetts,Bristol County,Bristol County,579200,5120.0,232884,478709,6502883.9,579200,60702,46290.0,229293,22294.0,130,1.0,34484.0,0.008839779005524863,0.10480317679558011,0.40207872928176797,0.8265003453038674,11.227354799723757,0.20188143554316965,0.09722930922444209,0.059537292817679555,MA
25007,Massachusetts,Dukes County,Dukes County,20600,0.0,0,15324,91330.3,20600,7019,503.0,8932,241.0,4,0.0,0.0,0.0,0.3407281553398058,0.0,0.743883495145631,4.433509708737864,0.05631437527989252,0.026981639050604567,0.0,MA
25009,Massachusetts,Essex County,Essex County,809829,9455.0,334493,752301,7618842.3,809829,94719,51931.0,309030,29171.0,173,2.0,36951.0,0.011675304292634617,0.11696172895759475,0.4130415186415898,0.928962781031551,9.407964273939314,0.16804517360774035,0.09439536614568166,0.045628151128201136,MA
25011,Massachusetts,Franklin County,Franklin County,71029,12156.0,41765,35430,860886.5,71029,8348,5377.0,31323,2493.0,19,3.0,18997.0,0.17114136479466133,0.11752945979811064,0.5879992679046586,0.4988103450703234,12.120211462923594,0.1716629952431121,0.07959007757877598,0.26745413845049204,MA
25013,Massachusetts,Hampden County,Hampden County,465825,7112.0,294108,420034,7638231.1,465825,39525,47108.0,185030,22134.0,104,1.0,32707.0,0.015267536091879998,0.0848494606343584,0.6313701497343422,0.901699135941609,16.397211613803467,0.254596551910501,0.11962384478192725,0.07021306284548919,MA
25015,Massachusetts,Hampshire County,Hampshire County,162308,25700.0,50913,120340,2546971.1,161729,33007,7776.0,61774,4615.0,35,3.0,45501.0,0.1583409320551051,0.20336027798999434,0.3136813958646524,0.7414298740665894,15.74838835335654,0.12587820118496454,0.07470780587302102,0.28033738324666685,MA
25017,Massachusetts,Middlesex County,Middlesex County,1632002,13355.0,313745,1539016,13130660.8,1632002,167345,59014.0,625916,65150.0,357,3.0,23994.0,0.008183200755881427,0.1025397027699721,0.19224547518936863,0.9430233541380464,8.045738179242427,0.09428421705148934,0.10408744943410937,0.014702187864965851,MA
25019,Massachusetts,Nantucket County,Nantucket County,14255,0.0,524,11966,52651.3,14255,4557,524.0,5478,184.0,6,0.0,0.0,0.0,0.31967730620834794,0.03675903191862504,0.839424763240968,3.6935320940021046,0.09565534866739686,0.033588901058780575,0.0,MA
25021,Massachusetts,Norfolk County,Norfolk County,725981,14365.0,103158,713692,4875449.8,725973,95275,26578.0,278326,25945.0,154,2.0,26510.0,0.019787019219511256,0.13123621692578732,0.1420946278208383,0.9830725597501863,6.71574535141114,0.09549233632502892,0.09321802490604543,0.03651610717084883,MA
25023,Massachusetts,Plymouth County,Plymouth County,530819,17427.0,148214,426430,3811112.2,530819,107833,25764.0,197288,12110.0,110,4.0,27140.0,0.032830399816133185,0.20314457470437192,0.2792175864089266,0.803343512572082,7.179683093483844,0.13059081140261952,0.0613823445926767,0.05112853910655044,MA
25025,Massachusetts,Suffolk County,Suffolk County,797936,0.0,476881,797936,13849796.7,797904,233,64342.0,324655,103374.0,234,0.0,7782.0,0.0,0.0002920033686912234,0.5976431693769927,1.0,17.357723109547013,0.19818576642897845,0.31841185258197163,0.009752661867618456,MA
25027,Massachusetts,Worcester County,Worcester County,862111,8543.0,298440,672583,9043341.8,857437,112711,53441.0,331797,27738.0,191,2.0,53736.0,0.009909396817811163,0.13073838519633782,0.3461735205791366,0.7801582394842428,10.546946073005948,0.1610653501990675,0.08359930921617736,0.06233072075405603,MA
26001,Michigan,Alcona County,Alcona County,10167,0.0,8477,0,125776.5,10167,153,664.0,4907,187.0,5,0.0,0.0,0.0,0.015048686928297432,0.8337759417724009,0.0,12.37105340808498,0.13531689423272875,0.0381088241287956,0.0,MI
26003,Michigan,Alger County,Alger County,8842,0.0,6268,0,91997.0,8842,409,388.0,3609,196.0,3,0.0,0.0,0.0,0.04625650305360778,0.7088893915403754,0.0,10.404546482696222,0.10750900526461624,0.0543086727625381,0.0,MI
26005,Michigan,Allegan County,Allegan County,120502,0.0,13928,32001,1012584.6,120502,4623,3532.0,45545,1138.0,30,0.0,5763.0,0.0,0.038364508472888414,0.11558314384823488,0.2655640570280991,8.403052231498233,0.0775496761444725,0.02498627730815677,0.04782493236626778,MI
26007,Michigan,Alpena County,Alpena County,28907,0.0,22718,14141,519085.5,28907,678,2178.0,12901,1045.0,10,0.0,8979.0,0.0,0.023454526585256166,0.7858996090912236,0.48918946967862453,17.957086518836267,0.1688241221610728,0.08100147275405008,0.3106168056180164,MI
26009,Michigan,Antrim County,Antrim County,23431,0.0,4985,0,231582.0,23431,0,1107.0,10147,387.0,10,0.0,0.0,0.0,0.0,0.2127523366480304,0.0,9.883573044257608,0.10909628461614271,0.03813935153247265,0.0,MI
26011,Michigan,Arenac County,Arenac County,15002,0.0,12153,2849,176528.59999999998,15002,1791,1055.0,6631,433.0,5,0.0,0.0,0.0,0.11938408212238369,0.8100919877349687,0.18990801226503132,11.76700439941341,0.1591011913738501,0.06529935153068919,0.0,MI
26013,Michigan,Baraga County,Baraga County,8158,4039.0,8158,0,124897.4,8158,631,555.0,3328,232.0,2,1.0,4039.0,0.4950968374601618,0.07734738906594754,1.0,0.0,15.309806325079675,0.16676682692307693,0.06971153846153846,0.4950968374601618,MI
26015,Michigan,Barry County,Barry County,62423,0.0,4419,4419,523007.5,62423,397,2296.0,24076,830.0,16,0.0,4419.0,0.0,0.00635983531711068,0.07079121477660477,0.07079121477660477,8.378442240840716,0.09536467851802626,0.03447416514371158,0.07079121477660477,MI
26017,Michigan,Bay County,Bay County,103856,0.0,37882,55893,1379962.5,103856,2990,6120.0,45005,2957.0,27,0.0,4792.0,0.0,0.02878986288707441,0.3647550454475427,0.5381778616545987,13.2872679479279,0.1359848905677147,0.06570381068770137,0.04614081035279618,MI
26019,Michigan,Benzie County,Benzie County,17970,0.0,3104,2119,173148.09999999998,17970,880,605.0,7753,194.0,6,0.0,0.0,0.0,0.04897050639955482,0.17273233166388424,0.11791875347801892,9.635397885364496,0.07803430929962595,0.02502257190764865,0.0,MI
26021,Michigan,Berrien County,Berrien County,154316,9596.0,56256,97187,2341246.0,154316,12199,9057.0,63955,5098.0,53,2.0,33540.0,0.06218408978978201,0.07905207496306281,0.3645506622774048,0.6297921148811529,15.171764431426423,0.1416151981862247,0.07971229770932688,0.21734622462998004,MI
26023,Michigan,Branch County,Branch County,44862,3717.0,24317,14901,725175.5,44862,1484,2161.0,16780,1132.0,13,1.0,3717.0,0.08285408586331416,0.03307922072132317,0.5420400338816816,0.33215193259328607,16.164582497436584,0.12878426698450537,0.06746126340882003,0.08285408586331416,MI
26025,Michigan,Calhoun County,Calhoun County,134310,4325.0,58220,89354,1878611.6,134310,13993,7175.0,54406,3754.0,40,2.0,14663.0,0.03220162311071402,0.1041843496388951,0.43347479711116077,0.6652818107363562,13.9871312634949,0.13187883689298974,0.0689997426754402,0.10917280917280918,MI
26027,Michigan,Cass County,Cass County,51589,0.0,12768,8394,611597.7,51589,5288,2720.0,20707,1080.0,15,0.0,0.0,0.0,0.10250247145709357,0.24749462094632577,0.16270910465409294,11.85519587508965,0.13135654609552325,0.05215627565557541,0.0,MI
26029,Michigan,Charlevoix County,Charlevoix County,26054,0.0,4127,5121,226349.0,26054,119,983.0,11274,667.0,13,0.0,0.0,0.0,0.0045674368619022035,0.1584017809165579,0.19655331235127044,8.687687111384049,0.08719176867127905,0.05916267518183431,0.0,MI
26031,Michigan,Cheboygan County,Cheboygan County,25579,2900.0,15407,2900,314236.6,25579,921,1405.0,11290,539.0,9,1.0,2900.0,0.11337425231635326,0.03600609875288322,0.6023300363579499,0.11337425231635326,12.284944681183783,0.12444641275465013,0.04774136403897254,0.11337425231635326,MI
26033,Michigan,Chippewa County,Chippewa County,36785,6084.0,10859,14582,492072.8,34465,2418,1846.0,13837,969.0,15,2.0,6084.0,0.16539350278646187,0.06573331521000408,0.2952018485795841,0.3964115808073943,14.277464094008414,0.13341042133410422,0.0700296307002963,0.16539350278646187,MI
26035,Michigan,Clare County,Clare County,30856,0.0,29477,0,667242.6,30856,0,2380.0,13279,980.0,12,0.0,0.0,0.0,0.0,0.9553085299455535,0.0,21.62440368161784,0.17923036373220874,0.07380073800738007,0.0,MI
26037,Michigan,Clinton County,Clinton County,79128,3153.0,7997,33828,775504.5,79128,11197,2082.0,31087,890.0,23,1.0,3153.0,0.039846830451925996,0.1415049034475786,0.10106409867556364,0.42750985744616316,9.800633151349713,0.0669733329044295,0.028629330588348826,0.039846830451925996,MI
26039,Michigan,Crawford County,Crawford County,12988,0.0,9115,0,192369.7,12988,0,922.0,5663,518.0,5,0.0,0.0,0.0,0.0,0.7018016630736064,0.0,14.811341238065907,0.16281123079639767,0.09147095179233622,0.0,MI
26041,Michigan,Delta County,Delta County,36903,0.0,10904,16825,466695.2,36903,1522,1974.0,16290,1151.0,11,0.0,5790.0,0.0,0.04124325935560794,0.2954773324661952,0.4559249925480313,12.646538221824784,0.12117863720073664,0.07065684468999386,0.15689781318591983,MI
26043,Michigan,Dickinson County,Dickinson County,25947,0.0,11641,11093,278119.10000000003,25947,2786,994.0,11569,867.0,7,0.0,7389.0,0.0,0.10737272131652985,0.4486453154507265,0.4275253401163911,10.718738197094078,0.08591926700665571,0.0749416544212983,0.284772806104752,MI
26045,Michigan,Eaton County,Eaton County,109175,4086.0,15128,68309,919476.7,109175,15014,4579.0,44950,2391.0,29,1.0,11680.0,0.03742615067552095,0.13752232653995877,0.1385665216395695,0.6256835356079689,8.422044424089764,0.10186874304783092,0.05319243604004449,0.10698419967941379,MI
26047,Michigan,Emmet County,Emmet County,34112,0.0,2390,14126,292015.7,34112,5530,1118.0,14862,764.0,10,0.0,0.0,0.0,0.16211303939962476,0.07006332082551595,0.41410647279549717,8.560497772045029,0.07522540707845513,0.05140627102677971,0.0,MI
26049,Michigan,Genesee County,Genesee County,406211,5459.0,170570,338400,6712759.8,406192,45376,31470.0,167118,12368.0,134,2.0,34588.0,0.013438828589083013,0.1117054929580932,0.4199049262575361,0.8330645895852156,16.526075845905385,0.1883100563673572,0.0740075874531768,0.08514786650287659,MI
26051,Michigan,Gladwin County,Gladwin County,25386,0.0,17201,0,376662.10000000003,25386,0,1822.0,11006,875.0,10,0.0,0.0,0.0,0.0,0.6775781927046404,0.0,14.837394626959743,0.16554606578230055,0.07950208976921679,0.0,MI
26053,Michigan,Gogebic County,Gogebic County,14380,0.0,7356,5044,206672.0,14380,2183,1301.0,6874,532.0,6,0.0,2272.0,0.0,0.15180806675938804,0.5115438108484005,0.35076495132127955,14.372183588317107,0.18926389292988072,0.07739307535641547,0.1579972183588317,MI
26055,Michigan,Grand Traverse County,Grand Traverse County,95238,5900.0,14185,31416,926653.5,95238,6066,3009.0,39819,1960.0,23,1.0,9749.0,0.06195006195006195,0.0636930636930637,0.14894264894264894,0.32986832986832987,9.72987147987148,0.07556694040533414,0.04922273286621964,0.10236460236460236,MI
26057,Michigan,Gratiot County,Gratiot County,41761,0.0,13922,23198,546615.5,38556,5082,2229.0,14764,774.0,10,0.0,5792.0,0.0,0.12169248820670003,0.33337324297789805,0.555494360767223,14.177183836497562,0.1509753454348415,0.05242481712273097,0.13869399679126457,MI
26059,Michigan,Hillsdale County,Hillsdale County,45746,0.0,17425,6980,658006.7,45746,461,2152.0,18062,983.0,13,0.0,4849.0,0.0,0.01007738381497836,0.38090762033839026,0.1525816464827526,14.383917719582039,0.11914516664821172,0.05442365186579559,0.10599833865255978,MI
26061,Michigan,Houghton County,Houghton County,37361,0.0,16350,16005,706805.8,37361,1735,1383.0,14299,933.0,10,0.0,7151.0,0.0,0.046438799817992024,0.43762211932228795,0.4283878911164048,18.91827841867188,0.09672005035317155,0.06524931813413526,0.1914027997109285,MI
26063,Michigan,Huron County,Huron County,31407,0.0,13231,0,396527.9,31407,165,1593.0,14048,887.0,12,0.0,0.0,0.0,0.00525360588403859,0.42127551182857326,0.0,12.625462476517974,0.11339692482915717,0.06314066059225512,0.0,MI
26065,Michigan,Ingham County,Ingham County,284900,5340.0,122127,241568,4741771.0,272125,23414,14161.0,115591,10374.0,84,2.0,22229.0,0.018743418743418745,0.08218322218322219,0.42866619866619865,0.8479045279045279,17.424973817179605,0.122509537939805,0.08974747168897232,0.07802386802386803,MI
26067,Michigan,Ionia County,Ionia County,66804,0.0,16232,20410,648896.3,61271,8948,3177.0,23108,1454.0,16,0.0,0.0,0.0,0.13394407520507753,0.24297946230764625,0.3055206275073349,10.590594245238368,0.13748485373030986,0.06292193179851134,0.0,MI
26069,Michigan,Iosco County,Iosco County,25237,3518.0,19782,8294,447061.9,25237,1796,1739.0,11662,838.0,11,1.0,8294.0,0.13939850219915204,0.0711653524586916,0.7838491104330942,0.32864445060823394,17.714542140507984,0.14911678957297206,0.07185731435431315,0.32864445060823394,MI
26071,Michigan,Iron County,Iron County,11631,0.0,7567,0,202573.1,11631,326,735.0,5521,364.0,5,0.0,0.0,0.0,0.02802854440718769,0.6505889433410713,0.0,17.416653770097156,0.13312805651150153,0.06593008512950553,0.0,MI
26073,Michigan,Isabella County,Isabella County,64394,3306.0,29482,29543,1618422.1,64394,1931,2830.0,25191,1782.0,18,1.0,10259.0,0.05134018697394167,0.02998726589433798,0.4578376867410007,0.4587849799670777,25.13311954529925,0.11234170934063753,0.0707395498392283,0.15931608534956673,MI
26075,Michigan,Jackson County,Jackson County,160366,14079.0,57763,83402,1813955.6,154233,11017,8556.0,62567,4213.0,46,3.0,24710.0,0.08779292368706584,0.06869910080690421,0.36019480438496937,0.5200728333936121,11.761138018452602,0.13674940463822782,0.06733581600524238,0.15408503049274783,MI
26077,Michigan,Kalamazoo County,Kalamazoo County,261670,3555.0,108744,181255,3563317.4,261670,15691,12009.0,106906,7777.0,68,2.0,26460.0,0.013585814193449765,0.059964841212213855,0.4155768716322085,0.692685443497535,13.61760003057286,0.11233232933605224,0.07274615082408845,0.10111973095884129,MI
26079,Michigan,Kalkaska County,Kalkaska County,17939,0.0,1811,0,221756.1,17939,0,1216.0,7438,391.0,6,0.0,0.0,0.0,0.0,0.1009532303918836,0.0,12.36167567868889,0.16348480774401722,0.052567894595321324,0.0,MI
26081,Michigan,Kent County,Kent County,657974,3457.0,200884,554437,6682347.9,657974,72218,26393.0,251658,16018.0,145,1.0,33413.0,0.005254006997236973,0.10975813633973379,0.3053068966250946,0.8426427184052865,10.155945219719928,0.10487645932177797,0.06364987403539725,0.05078164182779259,MI
26083,Michigan,Keweenaw County,Keweenaw County,2046,0.0,0,0,31099.199999999997,2046,375,84.0,1000,27.0,2,0.0,0.0,0.0,0.18328445747800587,0.0,0.0,15.2,0.084,0.027,0.0,MI
26085,Michigan,Lake County,Lake County,12096,0.0,12096,0,254929.7,12096,0,989.0,5079,356.0,4,0.0,0.0,0.0,0.0,1.0,0.0,21.07553736772487,0.1947233707422721,0.07009253790116164,0.0,MI
26087,Michigan,Lapeer County,Lapeer County,88619,0.0,25689,8879,855051.2,87622,0,3968.0,34256,1568.0,24,0.0,7882.0,0.0,0.0,0.2898814024080615,0.1001929608774642,9.758407705827302,0.11583372255955161,0.045773003269500234,0.0889425518229725,MI
26089,Michigan,Leelanau County,Leelanau County,22301,0.0,0,0,145303.2,22301,0,457.0,9728,274.0,9,0.0,0.0,0.0,0.0,0.0,0.0,6.515546388054348,0.04697779605263158,0.02816611842105263,0.0,MI
26091,Michigan,Lenawee County,Lenawee County,99423,0.0,33294,36806,1102742.0,99423,3335,4316.0,38581,2080.0,25,0.0,13790.0,0.0,0.033543546261931345,0.3348722126670891,0.37019603109944377,11.091417478852982,0.11186853632617091,0.05391254762707032,0.13870030073524234,MI
26093,Michigan,Livingston County,Livingston County,193866,2172.0,13249,98768,988507.7,193866,49436,3663.0,74264,2410.0,60,1.0,4399.0,0.011203614868001609,0.2550008768943497,0.0683410190543984,0.5094653007747619,5.098922451590274,0.04932403317892923,0.03245179360120651,0.022690930849143223,MI
26095,Michigan,Luce County,Luce County,5339,0.0,5339,0,90496.0,5339,372,353.0,2344,137.0,3,0.0,0.0,0.0,0.0696759692826372,1.0,0.0,16.949990634950364,0.15059726962457337,0.05844709897610922,0.0,MI
26097,Michigan,Mackinac County,Mackinac County,10834,2318.0,4652,0,173609.09999999998,10834,700,617.0,5040,523.0,5,1.0,2318.0,0.21395606424220048,0.06461140852870592,0.4293889606793428,0.0,16.02446926342994,0.12242063492063492,0.10376984126984128,0.21395606424220048,MI
26099,Michigan,Macomb County,Macomb County,881217,0.0,214373,838265,9242518.5,881188,34104,45824.0,353201,22078.0,243,0.0,20946.0,0.0,0.03870102369790869,0.2432692515010491,0.9512583166234877,10.488702183869957,0.12973915702390423,0.06250831679412006,0.02376940072649529,MI
26101,Michigan,Manistee County,Manistee County,25032,0.0,9737,9458,316268.0,25032,2881,1275.0,10597,505.0,9,0.0,0.0,0.0,0.11509268136784916,0.3889821029082774,0.3778363694471077,12.63454777884308,0.1203170708691139,0.047654996697178445,0.0,MI
26103,Michigan,Marquette County,Marquette County,66017,3301.0,21265,35634,986947.4,66017,5629,2701.0,27681,1654.0,26,2.0,13453.0,0.050002272142024025,0.08526591635487829,0.32211400093915205,0.5397700592271688,14.94989775360892,0.0975759546259167,0.059752176583215924,0.20378084432797614,MI
26105,Michigan,Mason County,Mason County,29052,0.0,11069,11484,411846.7,29052,2068,1646.0,12319,830.0,8,0.0,0.0,0.0,0.07118270687043922,0.38100647115517006,0.3952912019826518,14.176190967919593,0.13361474145628705,0.06737559866872311,0.0,MI
26107,Michigan,Mecosta County,Mecosta County,39714,5771.0,22094,10006,771893.1,39714,2031,2402.0,16013,1181.0,13,2.0,8953.0,0.1453139950647127,0.05114065568817042,0.5563277433650602,0.2519514528881503,19.436297023719593,0.15000312246299882,0.07375257603197402,0.225436873646573,MI
26109,Michigan,Menominee County,Menominee County,23502,0.0,9751,3901,288516.5,23502,904,1045.0,10725,710.0,7,0.0,0.0,0.0,0.0384648115054038,0.41490085950131905,0.16598587354267721,12.276253084843843,0.09743589743589744,0.0662004662004662,0.0,MI
26111,Michigan,Midland County,Midland County,83494,0.0,25440,36442,902048.9,83494,5865,4097.0,34288,1901.0,21,0.0,3682.0,0.0,0.07024456847198601,0.30469255275828205,0.43646250029942274,10.803757156202842,0.11948786747550164,0.055442137190853946,0.04409897717201236,MI
26113,Michigan,Missaukee County,Missaukee County,15052,0.0,6891,0,167068.5,15052,0,762.0,5923,277.0,5,0.0,0.0,0.0,0.0,0.45781291522721235,0.0,11.099422003720436,0.1286510214418369,0.04676684112780685,0.0,MI
26115,Michigan,Monroe County,Monroe County,154809,0.0,23671,83138,1653868.6,154809,14676,6310.0,62152,2991.0,40,0.0,4119.0,0.0,0.09480068988237118,0.1529045468932685,0.5370359604415764,10.683284563558967,0.10152529283048012,0.04812395417685674,0.026606980214328623,MI
26117,Michigan,Montcalm County,Montcalm County,66614,11177.0,38686,11177,839050.7000000001,66614,3524,3130.0,24153,1397.0,14,2.0,11177.0,0.1677875521662113,0.05290179241600865,0.5807487915453208,0.1677875521662113,12.595711111778305,0.12959052705668034,0.05783960584606467,0.1677875521662113,MI
26119,Michigan,Montmorency County,Montmorency County,9153,0.0,6239,0,168333.1,9153,69,829.0,4325,325.0,5,0.0,0.0,0.0,0.0075385119632907244,0.6816344367966787,0.0,18.39103026330165,0.19167630057803467,0.07514450867052024,0.0,MI
26121,Michigan,Muskegon County,Muskegon County,175824,9313.0,73651,128490,2626802.8,175824,21251,13107.0,68610,4994.0,45,2.0,17545.0,0.05296774046774047,0.12086518336518337,0.4188904813904814,0.7307876057876058,14.939955864955865,0.1910362920857018,0.07278822329106545,0.0997872872872873,MI
26123,Michigan,Newaygo County,Newaygo County,49978,5017.0,31394,5017,640382.4,49978,632,3271.0,19414,922.0,11,1.0,5017.0,0.10038416903437512,0.0126455640481812,0.6281563888110768,0.10038416903437512,12.81328584577214,0.16848665911198105,0.04749150097867518,0.10038416903437512,MI
26125,Michigan,Oakland County,Oakland County,1274395,0.0,156927,1185984,10182053.4,1274298,164590,40881.0,524047,28359.0,350,0.0,15894.0,0.0,0.1291514797217503,0.12313843039246074,0.9306251201550539,7.9903236134718885,0.07801017847635804,0.05411537514764897,0.012471800344477183,MI
26127,Michigan,Oceana County,Oceana County,26659,0.0,19843,0,364412.4,26659,0,1661.0,10320,453.0,7,0.0,0.0,0.0,0.0,0.7443264938669868,0.0,13.669394951048428,0.16094961240310077,0.0438953488372093,0.0,MI
26129,Michigan,Ogemaw County,Ogemaw County,20770,0.0,14599,0,342544.3,20770,0,1712.0,9207,538.0,8,0.0,0.0,0.0,0.0,0.7028887818969668,0.0,16.492262879152623,0.1859454762680569,0.05843380036928424,0.0,MI
26131,Michigan,Ontonagon County,Ontonagon County,5816,1774.0,5816,0,73268.4,5816,1138,356.0,2966,148.0,3,1.0,1774.0,0.3050206327372765,0.1956671251719395,1.0,0.0,12.597730398899586,0.12002697235333783,0.049898853674983146,0.3050206327372765,MI
26133,Michigan,Osceola County,Osceola County,22891,0.0,13579,0,361857.3,22891,0,1411.0,9152,658.0,7,0.0,0.0,0.0,0.0,0.5932025686951203,0.0,15.807841509763662,0.15417395104895104,0.07189685314685315,0.0,MI
26135,Michigan,Oscoda County,Oscoda County,8219,0.0,8219,0,144316.5,8219,0,616.0,3732,360.0,5,0.0,0.0,0.0,0.0,1.0,0.0,17.55888794257209,0.16505894962486603,0.09646302250803858,0.0,MI
26137,Michigan,Otsego County,Otsego County,25091,0.0,8741,10575,201755.1,25091,3604,1174.0,10407,456.0,6,0.0,5936.0,0.0,0.14363716073492488,0.34837192618867324,0.42146586425411503,8.04093499661233,0.11280868646103584,0.04381666186220813,0.23657885297517037,MI
26139,Michigan,Ottawa County,Ottawa County,296200,19037.0,45752,213134,2797574.2,296200,47307,6724.0,107239,4167.0,64,3.0,27613.0,0.06427076299797434,0.15971303173531398,0.15446320054017557,0.719561107359892,9.44488251181634,0.06270106957356932,0.03885713220003916,0.09322417285617826,MI
26141,Michigan,Presque Isle County,Presque Isle County,12982,1795.0,8963,0,181229.2,12982,524,705.0,6047,422.0,6,1.0,1795.0,0.1382683715914343,0.04036358034201202,0.690417501155446,0.0,13.96003697427207,0.11658673722507028,0.06978667107656689,0.1382683715914343,MI
26143,Michigan,Roscommon County,Roscommon County,23459,3236.0,13805,6016,357896.8,23459,2912,1946.0,11415,786.0,13,2.0,6016.0,0.13794279381047786,0.12413146340423718,0.5884735069696065,0.25644741890106143,15.256268383136536,0.17047744196233028,0.06885676741130092,0.25644741890106143,MI
26145,Michigan,Saginaw County,Saginaw County,190124,7606.0,96251,114518,3496006.3,190124,11065,15255.0,78442,5470.0,61,3.0,26552.0,0.04000547011424123,0.05819885969156971,0.5062538133007932,0.6023332141128948,18.388032547179733,0.19447489865123277,0.06973305117156625,0.13965622435883948,MI
26147,Michigan,St. Clair County,St. Clair County,160383,2236.0,51273,84998,1832934.6,160363,11850,8995.0,65724,4022.0,50,1.0,2236.0,0.013941627229818622,0.07388563625820692,0.31969098969342136,0.5299688869767993,11.429909642498583,0.13686020327429857,0.06119530156411661,0.013941627229818622,MI
26149,Michigan,St. Joseph County,St. Joseph County,60939,2236.0,10218,19919,692961.4,60939,3330,3501.0,23557,1875.0,18,1.0,5376.0,0.036692430135053085,0.0546448087431694,0.16767587259390537,0.3268678514580154,11.371394345164838,0.14861824510761132,0.07959417582884068,0.08821936690789149,MI
26151,Michigan,Sanilac County,Sanilac County,40611,0.0,23144,1300,618955.6,40611,509,2213.0,16781,1039.0,12,0.0,1300.0,0.0,0.012533550023392678,0.5698948560734777,0.03201103149393022,15.241082465341902,0.1318753352005244,0.061915261307431024,0.03201103149393022,MI
26153,Michigan,Schoolcraft County,Schoolcraft County,8047,2513.0,5592,0,113682.4,8047,1179,458.0,3657,207.0,3,1.0,2513.0,0.31229029451969675,0.14651422890518206,0.6949173605070212,0.0,14.12730210016155,0.1252392671588734,0.05660377358490566,0.31229029451969675,MI
26155,Michigan,Shiawassee County,Shiawassee County,68094,3528.0,18235,26573,821329.5,68094,4089,4206.0,27889,1580.0,18,1.0,3528.0,0.05181073222310336,0.060049343554498195,0.2677915822245719,0.3902399624049109,12.061701471495287,0.15081214815877228,0.056653160744379503,0.05181073222310336,MI
26157,Michigan,Tuscola County,Tuscola County,53323,0.0,17942,4565,687972.0,53323,225,3061.0,21635,1337.0,13,0.0,4565.0,0.0,0.004219567541211109,0.33647769255293214,0.08561033700279429,12.901974757609286,0.1414837069563208,0.06179801247977814,0.08561033700279429,MI
26159,Michigan,Van Buren County,Van Buren County,75587,4365.0,23930,8670,1083122.0,75587,2024,4180.0,29510,1743.0,22,1.0,6847.0,0.05774802545411248,0.026777091298768308,0.3165888314128091,0.11470226361675949,14.329474645110931,0.14164689935615046,0.05906472382243307,0.09058435974440049,MI
26161,Michigan,Washtenaw County,Washtenaw County,372258,15122.0,141213,276131,5987313.2,370246,40349,12830.0,147847,12290.0,107,3.0,25942.0,0.04062236405933519,0.10838988013689431,0.37934174685298905,0.7417731788168421,16.17117592087423,0.0867788998085859,0.08312647534275298,0.0696882269823617,MI
26163,Michigan,Wayne County,Wayne County,1793561,25.0,1028770,1771541,37412050.4,1793420,58236,161357.0,709400,81204.0,625,1.0,22738.0,1.3938750898352496e-05,0.03246948389265824,0.5735907504679238,0.9877227482087311,20.860730001895817,0.22745559627854525,0.11446856498449394,0.012677572717069562,MI
26165,Michigan,Wexford County,Wexford County,33673,0.0,18839,15995,465317.2,33673,3888,2308.0,13610,821.0,8,0.0,0.0,0.0,0.1154634276720221,0.5594690107801503,0.47500965164968967,13.818703412229382,0.16958119030124907,0.06032329169728141,0.0,MI
27001,Minnesota,Aitkin County,Aitkin County,15697,0.0,15697,0,207250.8,15697,674,646.0,7199,359.0,8,0.0,5830.0,0.0,0.04293814104605976,1.0,0.0,13.203210804612345,0.08973468537296847,0.04986803722739269,0.37140854940434476,MN
27003,Minnesota,Anoka County,Anoka County,363887,0.0,104259,300475,2555653.1,363887,34569,9849.0,133879,6385.0,90,0.0,18131.0,0.0,0.09499927175194497,0.28651476969498774,0.8257371106964525,7.023205280760236,0.07356642938773071,0.04769231918374054,0.04982590749326027,MN
27005,Minnesota,Becker County,Becker County,35183,3433.0,17645,8246,454985.1,35183,1549,1668.0,14371,833.0,10,1.0,15398.0,0.09757553363840492,0.044026944831310574,0.5015206207543416,0.23437455589347128,12.931958616377226,0.116067079535175,0.05796395518753044,0.437654549071995,MN
27007,Minnesota,Beltrami County,Beltrami County,46228,0.0,28580,12993,760572.2,46228,1637,2447.0,17678,1070.0,14,0.0,7975.0,0.0,0.03541143895474604,0.6182400276888466,0.28106342476421214,16.452630440425715,0.1384206358185315,0.060527208960289625,0.17251449338063513,MN
27009,Minnesota,Benton County,Benton County,41379,0.0,10340,22223,410307.5,41379,1130,1432.0,16479,1024.0,10,0.0,0.0,0.0,0.02730853814736944,0.24988520747238938,0.537059861282293,9.915838952125474,0.08689847684932338,0.06213969294253292,0.0,MN
27011,Minnesota,Big Stone County,Big Stone County,5166,0.0,2076,0,67294.4,5166,118,203.0,2224,95.0,3,0.0,0.0,0.0,0.022841656987998452,0.40185830429732866,0.0,13.02640340689121,0.09127697841726619,0.042715827338129495,0.0,MN
27013,Minnesota,Blue Earth County,Blue Earth County,69112,4943.0,33088,47389,1121755.2,69112,4370,2416.0,27193,1822.0,16,1.0,18336.0,0.07152158814677624,0.06323069799745341,0.4787591156383841,0.6856841069568237,16.230975807385114,0.08884639429264884,0.06700253741771779,0.2653084847783308,MN
27015,Minnesota,Brown County,Brown County,25912,0.0,9502,10964,219236.6,25912,361,717.0,10970,535.0,8,0.0,0.0,0.0,0.013931769064526088,0.3667026860142019,0.4231244211176289,8.46081352269219,0.06536007292616226,0.0487693710118505,0.0,MN
27017,Minnesota,Carlton County,Carlton County,36207,4145.0,23198,9485,461999.5,36207,1315,1036.0,13789,797.0,9,1.0,9485.0,0.11448062529345154,0.036318943850636616,0.6407048360814207,0.26196591819261467,12.759949733476953,0.07513235187468272,0.05779969540938429,0.26196591819261467,MN
27019,Minnesota,Carver County,Carver County,106922,0.0,14165,66258,477211.2,106922,18078,1504.0,38863,1561.0,25,0.0,0.0,0.0,0.16907652307289425,0.1324797515946204,0.6196853781261106,4.463171283739548,0.03870004888968942,0.040166739572343874,0.0,MN
27021,Minnesota,Cass County,Cass County,30066,0.0,23979,0,391890.8,30066,758,1491.0,12614,540.0,11,0.0,6914.0,0.0,0.02521120202221779,0.7975454001197366,0.0,13.034351094259296,0.11820199778024418,0.04280957666085302,0.22996075301004457,MN
27023,Minnesota,Chippewa County,Chippewa County,12598,2900.0,5905,5905,184034.09999999998,12598,964,504.0,5150,355.0,5,1.0,5905.0,0.2301952690903318,0.07652008255278615,0.4687251944753135,0.4687251944753135,14.608199714240353,0.09786407766990292,0.06893203883495146,0.4687251944753135,MN
27025,Minnesota,Chisago County,Chisago County,56621,0.0,7191,25458,346934.3,56621,15270,1123.0,20900,834.0,13,0.0,0.0,0.0,0.2696879249748327,0.12700234895180235,0.44962116529202945,6.127307889299023,0.05373205741626794,0.03990430622009569,0.0,MN
27027,Minnesota,Clay County,Clay County,65318,0.0,20637,40016,925765.6000000001,65318,801,2625.0,24931,2398.0,16,0.0,0.0,0.0,0.012263082151933617,0.31594659971217737,0.6126335772681344,14.173207997795402,0.10529060206169026,0.09618547190245076,0.0,MN
27029,Minnesota,Clearwater County,Clearwater County,8524,2827.0,5944,0,107291.8,8524,741,438.0,3487,308.0,3,1.0,5944.0,0.3316518066635382,0.08693101830126701,0.6973251994368841,0.0,12.587024870952606,0.12560940636650417,0.08832807570977919,0.6973251994368841,MN
27031,Minnesota,Cook County,Cook County,5600,1522.0,3674,0,57094.8,5600,1156,112.0,2711,69.0,3,1.0,1522.0,0.2717857142857143,0.20642857142857143,0.6560714285714285,0.0,10.195500000000001,0.041313168572482475,0.025451862781261526,0.2717857142857143,MN
27033,Minnesota,Cottonwood County,Cottonwood County,11517,0.0,8318,0,177161.7,11517,0,437.0,4671,272.0,4,0.0,0.0,0.0,0.0,0.7222366935833985,0.0,15.382625683771817,0.09355598372939414,0.058231642046670945,0.0,MN
27035,Minnesota,Crow Wing County,Crow Wing County,66123,5384.0,27836,17312,661601.8,66123,3852,2552.0,27872,1435.0,21,1.0,13095.0,0.08142401282458449,0.058255070096638085,0.4209730351012507,0.2618151021580993,10.00562285437745,0.09156142365097589,0.0514853616532721,0.19804001633319723,MN
27037,Minnesota,Dakota County,Dakota County,439882,3583.0,79954,411503,2582338.8,439882,45433,8479.0,168008,8615.0,106,1.0,15469.0,0.00814536625731446,0.10328451721143397,0.18176238172964568,0.9354849709694872,5.870526186568216,0.05046783486500643,0.05127732012761297,0.03516624913044862,MN
27039,Minnesota,Dodge County,Dodge County,20867,0.0,2320,6526,147958.5,20867,136,490.0,7903,306.0,5,0.0,0.0,0.0,0.006517467772080318,0.1111803325825466,0.31274260794555997,7.090549671730484,0.06200177147918512,0.03871947361761356,0.0,MN
27041,Minnesota,Douglas County,Douglas County,39006,5972.0,9176,15190,351786.0,39006,3353,1043.0,16557,880.0,11,2.0,9176.0,0.15310465056657951,0.08596113418448444,0.23524585961134184,0.3894272675998564,9.01876634363944,0.06299450383523585,0.053149725191761796,0.23524585961134184,MN
27043,Minnesota,Faribault County,Faribault County,13921,0.0,8916,0,144013.6,13921,52,612.0,6086,300.0,6,0.0,2317.0,0.0,0.0037353638388046835,0.6404712305150492,0.0,10.345061418001581,0.1005586592178771,0.04929346040092014,0.16643919258673945,MN
27045,Minnesota,Fillmore County,Fillmore County,21228,0.0,9471,0,178704.0,21228,195,582.0,8605,504.0,6,0.0,3072.0,0.0,0.009185980780101752,0.4461560203504805,0.0,8.418315432447711,0.06763509587449157,0.05857059848925043,0.14471452798191067,MN
27047,Minnesota,Freeborn County,Freeborn County,30895,0.0,16442,15874,335281.4,30895,4168,1220.0,13076,747.0,10,0.0,4350.0,0.0,0.13490856125586664,0.5321896747046447,0.5138048227868587,10.852286777795761,0.09330070357907617,0.0571275619455491,0.1407994821168474,MN
27049,Minnesota,Goodhue County,Goodhue County,47582,4036.0,4036,12940,440929.2,47582,1763,1491.0,19499,1343.0,11,1.0,4036.0,0.0848219915093943,0.03705182632087764,0.0848219915093943,0.27195157832793915,9.266722710268589,0.07646545976716755,0.06887532693984307,0.0848219915093943,MN
27051,Minnesota,Grant County,Grant County,6074,0.0,3310,0,70618.8,6074,260,207.0,2540,114.0,2,0.0,0.0,0.0,0.04280540006585446,0.5449456700691472,0.0,11.62640763911755,0.08149606299212599,0.04488188976377953,0.0,MN
27053,Minnesota,Hennepin County,Hennepin County,1281565,432.0,369581,1229015,13269664.4,1281557,109036,43784.0,528547,50304.0,329,1.0,49872.0,0.00033708785742432107,0.08508035097712563,0.28838256350633795,0.9589954469730368,10.354330240480916,0.08283842307306635,0.09517412831782225,0.03891492042931884,MN
27055,Minnesota,Houston County,Houston County,18843,0.0,3669,5796,124309.9,18843,638,279.0,8013,262.0,5,0.0,0.0,0.0,0.033858727378867484,0.19471421748129278,0.3075943321127209,6.597139521307647,0.03481842006739049,0.03269686759016598,0.0,MN
27057,Minnesota,Hubbard County,Hubbard County,21344,0.0,11788,0,231778.4,21344,465,917.0,8885,402.0,7,0.0,0.0,0.0,0.0217859820089955,0.5522863568215892,0.0,10.859182908545726,0.1032076533483399,0.045244794597636466,0.0,MN
27059,Minnesota,Isanti County,Isanti County,41135,10822.0,23734,20774,307311.2,41135,3959,1098.0,15615,638.0,9,2.0,14921.0,0.26308496414245774,0.09624407438920628,0.5769782423726754,0.5050200559134557,7.470796158988696,0.07031700288184438,0.04085814921549792,0.3627324662696001,MN
27061,Minnesota,Itasca County,Itasca County,45014,3213.0,21615,13122,563620.7,45014,6485,1980.0,18968,868.0,21,2.0,5754.0,0.07137779357533212,0.1440662904874039,0.4801839427733594,0.2915093082152219,12.52100901941618,0.10438633487979755,0.0457612821594264,0.1278268982983072,MN
27063,Minnesota,Jackson County,Jackson County,9989,0.0,2353,0,86061.5,9989,16,227.0,4307,171.0,4,0.0,0.0,0.0,0.0016017619381319451,0.23555911502652918,0.0,8.6156271899089,0.05270489900162526,0.03970280938007894,0.0,MN
27065,Minnesota,Kanabec County,Kanabec County,16032,0.0,7384,0,160907.5,16032,15,624.0,6530,225.0,4,0.0,3409.0,0.0,0.0009356287425149701,0.4605788423153693,0.0,10.036645459081836,0.09555895865237365,0.03445635528330781,0.2126372255489022,MN
27067,Minnesota,Kandiyohi County,Kandiyohi County,43732,5180.0,20040,24229,400752.5,43732,6912,1852.0,17079,962.0,12,1.0,10765.0,0.11844873319308516,0.1580535991950974,0.458245678221897,0.5540336595627916,9.16382740327449,0.10843726213478541,0.05632648281515311,0.24615841946400804,MN
27069,Minnesota,Kittson County,Kittson County,4207,0.0,0,0,38468.2,4207,53,90.0,1846,58.0,2,0.0,0.0,0.0,0.012598050867601617,0.0,0.0,9.143855478963632,0.04875406283856988,0.0314192849404117,0.0,MN
27071,Minnesota,Koochiching County,Koochiching County,12062,5005.0,9828,4732,130929.6,12062,2079,847.0,5604,523.0,5,2.0,9828.0,0.41493947935665726,0.17235947604045765,0.8147902503730725,0.39230641684629414,10.854717293981098,0.15114204139900073,0.09332619557458958,0.8147902503730725,MN
27073,Minnesota,Lac qui Parle County,Lac qui Parle County,6719,0.0,2237,0,54793.399999999994,6719,474,256.0,2954,100.0,3,0.0,0.0,0.0,0.07054621223396339,0.3329364488763209,0.0,8.154993302574788,0.08666215301286391,0.033852403520649964,0.0,MN
27075,Minnesota,Lake County,Lake County,10905,0.0,3846,0,93485.70000000001,10905,622,426.0,4869,175.0,4,0.0,0.0,0.0,0.05703805593764328,0.3526822558459422,0.0,8.57273727647868,0.08749229821318547,0.03594167180119121,0.0,MN
27077,Minnesota,Lake of the Woods County,Lake of the Woods County,3763,925.0,925,0,23733.300000000003,3763,745,54.0,1745,43.0,3,1.0,925.0,0.24581450969970767,0.19798033483922403,0.24581450969970767,0.0,6.307015678979538,0.030945558739255013,0.02464183381088825,0.24581450969970767,MN
27079,Minnesota,Le Sueur County,Le Sueur County,28674,0.0,8388,3582,186019.5,28674,168,861.0,11287,413.0,7,0.0,0.0,0.0,0.005858966310943712,0.29252981795354677,0.12492153170119272,6.48739275999163,0.07628244883494285,0.036590768140338445,0.0,MN
27081,Minnesota,Lincoln County,Lincoln County,5640,0.0,2944,0,67506.4,5640,0,171.0,2452,81.0,2,0.0,0.0,0.0,0.0,0.5219858156028369,0.0,11.969219858156027,0.06973898858075041,0.03303425774877651,0.0,MN
27083,Minnesota,Lyon County,Lyon County,25269,5588.0,14269,13692,306839.0,25269,1550,950.0,10137,834.0,7,1.0,5588.0,0.22114052791958527,0.061339981795876374,0.5646840001582967,0.5418496972575092,12.14290237049349,0.09371608957285193,0.08227286179343,0.22114052791958527,MN
27085,Minnesota,McLeod County,McLeod County,36771,0.0,3408,24039,318772.1,36771,4520,1184.0,15004,511.0,9,0.0,0.0,0.0,0.12292295559000299,0.09268173288732968,0.6537488781920535,8.669116967175219,0.07891229005598507,0.03405758464409491,0.0,MN
27087,Minnesota,Mahnomen County,Mahnomen County,5411,0.0,5411,0,99083.4,5411,222,403.0,2014,169.0,2,0.0,2466.0,0.0,0.04102753649972279,1.0,0.0,18.311476621696542,0.20009930486593844,0.08391261171797418,0.45573831084827204,MN
27089,Minnesota,Marshall County,Marshall County,9040,0.0,4841,0,75406.0,9040,980,246.0,3836,174.0,4,0.0,2196.0,0.0,0.1084070796460177,0.5355088495575221,0.0,8.341371681415929,0.06412930135557873,0.04535974973931178,0.24292035398230089,MN
27091,Minnesota,Martin County,Martin County,20025,0.0,9763,10580,262659.4,20025,1816,1091.0,8748,879.0,7,0.0,4358.0,0.0,0.09068664169787766,0.4875405742821473,0.5283395755305867,13.116574282147317,0.12471422039323274,0.100480109739369,0.2176279650436954,MN
27093,Minnesota,Meeker County,Meeker County,23400,0.0,3827,6842,214176.9,23400,360,788.0,9263,396.0,6,0.0,3827.0,0.0,0.015384615384615385,0.16354700854700854,0.2923931623931624,9.152858974358974,0.08506963186872503,0.04275072870560294,0.16354700854700854,MN
27095,Minnesota,Mille Lacs County,Mille Lacs County,26459,5765.0,23608,5765,277705.3,26459,933,1170.0,10593,583.0,7,1.0,5765.0,0.21788427378207792,0.03526210363203447,0.8922483842926793,0.21788427378207792,10.49568388827998,0.11045029736618521,0.055036344755970926,0.21788427378207792,MN
27097,Minnesota,Morrison County,Morrison County,34010,0.0,15402,8339,372954.4,34010,1566,1162.0,13688,683.0,8,0.0,5672.0,0.0,0.046045280799764776,0.4528668038812114,0.24519259041458394,10.96602175830638,0.08489187609585037,0.04989772063120982,0.16677447809467805,MN
27099,Minnesota,Mower County,Mower County,40029,0.0,13885,24542,415309.0,40029,2198,1671.0,15700,820.0,11,0.0,8731.0,0.0,0.054910190112168675,0.34687351670039224,0.6131054985135777,10.375202977841065,0.10643312101910828,0.05222929936305733,0.21811686527267732,MN
27101,Minnesota,Murray County,Murray County,8179,0.0,3221,0,75800.5,8179,159,222.0,3581,161.0,3,0.0,0.0,0.0,0.01944002934344052,0.3938134246240372,0.0,9.26769776256266,0.061993856464674674,0.04495950851717397,0.0,MN
27103,Minnesota,Nicollet County,Nicollet County,34454,5753.0,5753,24441,294213.60000000003,34454,2933,785.0,12728,527.0,7,1.0,5753.0,0.16697625819933826,0.0851279967492889,0.16697625819933826,0.7093806234399489,8.539316189702213,0.06167504714016342,0.04140477686989315,0.16697625819933826,MN
27105,Minnesota,Nobles County,Nobles County,22290,5531.0,22290,14153,310915.4,22290,2194,689.0,7851,423.0,6,1.0,16494.0,0.248138178555406,0.0984297891431135,1.0,0.6349484073575594,13.94864961866308,0.08775952108011718,0.05387848681696599,0.7399730820995962,MN
27107,Minnesota,Norman County,Norman County,6441,0.0,1812,0,64803.3,6441,273,294.0,2733,137.0,3,0.0,0.0,0.0,0.0423847228691197,0.2813227759664648,0.0,10.061061946902655,0.10757409440175632,0.050128064398097326,0.0,MN
27109,Minnesota,Olmsted County,Olmsted County,162847,0.0,32864,128962,1251950.1,162847,18943,4550.0,65242,4599.0,35,0.0,5264.0,0.0,0.11632391140149957,0.20180906003794974,0.7919212512358226,7.6878917020270565,0.06974035130744,0.07049140124459703,0.03232482023003187,MN
27111,Minnesota,Otter Tail County,Otter Tail County,60081,4896.0,30949,15220,524998.1,60081,4467,1628.0,25123,1408.0,17,1.0,13265.0,0.08148998851550407,0.07434962800219704,0.5151212529751502,0.25332467835089295,8.73817180140144,0.06480117820324006,0.05604426222982924,0.22078527321449376,MN
27113,Minnesota,Pennington County,Pennington County,13992,0.0,0,9459,146771.6,13992,2355,449.0,6077,356.0,5,0.0,0.0,0.0,0.16831046312178388,0.0,0.6760291595197255,10.489679817038308,0.07388514069442159,0.058581536942570345,0.0,MN
27115,Minnesota,Pine County,Pine County,28876,963.0,21805,0,326553.2,28876,757,1344.0,11442,777.0,9,1.0,963.0,0.03334949438980468,0.026215542318880732,0.7551253636237706,0.0,11.308810084499239,0.11746198217094914,0.06790770844257997,0.03334949438980468,MN
27117,Minnesota,Pipestone County,Pipestone County,9424,0.0,7800,0,98235.40000000001,9424,330,429.0,3948,239.0,5,0.0,0.0,0.0,0.0350169779286927,0.8276740237691002,0.0,10.423960101867573,0.10866261398176291,0.060536980749746706,0.0,MN
27119,Minnesota,Polk County,Polk County,31192,2120.0,7115,17197,372389.6,31192,5126,1230.0,12534,911.0,10,1.0,2120.0,0.06796614516542704,0.16433700948961272,0.22810335983585533,0.551327263400872,11.93862528853552,0.09813307802776448,0.07268230413275889,0.06796614516542704,MN
27121,Minnesota,Pope County,Pope County,11308,3457.0,3457,3457,107329.5,11308,1882,354.0,4862,296.0,4,1.0,3457.0,0.30571276972055184,0.16643084541917227,0.30571276972055184,0.30571276972055184,9.491466218606297,0.07280954339777869,0.060880296174413824,0.30571276972055184,MN
27123,Minnesota,Ramsey County,Ramsey County,552352,6832.0,250804,552352,6832455.6,552352,23573,25313.0,218077,22659.0,143,1.0,33446.0,0.012368924164301026,0.04267749551010949,0.4540655234343317,1.0,12.369749000637274,0.11607368039729087,0.10390366705338022,0.060551966861711375,MN
27125,Minnesota,Red Lake County,Red Lake County,3935,0.0,0,0,28222.0,3935,179,89.0,1653,57.0,2,0.0,0.0,0.0,0.04548919949174079,0.0,0.0,7.172045743329098,0.05384150030248034,0.034482758620689655,0.0,MN
27127,Minnesota,Redwood County,Redwood County,15425,2676.0,15425,5370,203498.0,15425,1437,617.0,6318,376.0,6,1.0,8046.0,0.17348460291734197,0.09316045380875203,1.0,0.34813614262560777,13.192739059967584,0.09765748654637543,0.059512503956948404,0.5216207455429498,MN
27129,Minnesota,Renville County,Renville County,14723,0.0,11079,0,162081.8,14723,5,520.0,6153,348.0,6,0.0,0.0,0.0,0.0003396047001290498,0.7524960945459486,0.0,11.008748217075324,0.08451162034779783,0.056557776694295465,0.0,MN
27131,Minnesota,Rice County,Rice County,67097,4095.0,17668,40047,666826.6,67097,7594,1847.0,23416,1315.0,16,1.0,13905.0,0.06103104460706142,0.11317942680000596,0.2633202676721761,0.5968523182854673,9.938247611666691,0.07887769046805602,0.056158182439357704,0.2072372833360657,MN
27133,Minnesota,Rock County,Rock County,9704,0.0,0,4212,103285.4,9704,708,280.0,3892,235.0,3,0.0,0.0,0.0,0.07295960428689201,0.0,0.4340478153338829,10.64359027205276,0.07194244604316546,0.06038026721479959,0.0,MN
27135,Minnesota,Roseau County,Roseau County,15331,0.0,7997,0,188835.8,15331,1411,345.0,6340,381.0,5,0.0,0.0,0.0,0.09203574456982584,0.521622855651947,0.0,12.317252625399517,0.05441640378548896,0.06009463722397476,0.0,MN
27137,Minnesota,St. Louis County,St. Louis County,200231,18836.0,109189,113689,2712099.5,200231,17836,8885.0,86540,6955.0,74,7.0,36673.0,0.09407134759352948,0.08907711593109958,0.5453151609890576,0.5677892034699922,13.544853194560282,0.10266928587936215,0.08036746013404206,0.1831534577562915,MN
27139,Minnesota,Scott County,Scott County,150928,3343.0,13421,112629,694006.9,150928,26990,2463.0,52645,1707.0,32,1.0,9291.0,0.022149634262694794,0.178826990353016,0.08892319516590692,0.7462432418106647,4.5982647355030215,0.04678506980719917,0.032424731693418175,0.06155915403371144,MN
27141,Minnesota,Sherburne County,Sherburne County,97183,7597.0,7597,38753,499468.9,97183,14536,1780.0,34035,1477.0,19,1.0,7597.0,0.07817210829054465,0.14957348507455007,0.07817210829054465,0.39876315816552277,5.139467808155747,0.05229910386366975,0.04339650359923608,0.07817210829054465,MN
27143,Minnesota,Sibley County,Sibley County,14836,0.0,3483,0,134025.4,14836,0,490.0,5989,243.0,4,0.0,3483.0,0.0,0.0,0.23476678349959557,0.0,9.03379617147479,0.08181666388378694,0.04057438637502087,0.23476678349959557,MN
27145,Minnesota,Stearns County,Stearns County,158292,6061.0,62134,101522,2026765.9,158292,17159,5807.0,60448,3667.0,37,1.0,25977.0,0.03828999570414171,0.10840092992697041,0.3925277335557072,0.6413590074040381,12.803969246708613,0.09606604023292747,0.06066371095817893,0.16410810401031006,MN
27147,Minnesota,Steele County,Steele County,37406,0.0,4351,25947,311299.8,37406,4464,1159.0,14823,937.0,8,0.0,4351.0,0.0,0.11933914345292199,0.11631823771587446,0.6936587713201091,8.322188953643801,0.07818930041152264,0.06321257505228361,0.11631823771587446,MN
27149,Minnesota,Stevens County,Stevens County,9671,0.0,3479,3873,109883.7,9671,2490,382.0,3697,194.0,3,0.0,0.0,0.0,0.2574707889566746,0.359735291076414,0.40047564884706854,11.36218591665805,0.10332702190965648,0.052474979713281036,0.0,MN
27151,Minnesota,Swift County,Swift County,9838,0.0,8215,0,117557.5,9838,865,505.0,4064,292.0,4,0.0,2491.0,0.0,0.08792437487294165,0.8350274446025615,0.0,11.949329131937386,0.12426181102362205,0.0718503937007874,0.2532018702988412,MN
27153,Minnesota,Todd County,Todd County,25262,0.0,20830,0,291026.39999999997,25262,36,743.0,9898,661.0,8,0.0,0.0,0.0,0.0014250653154936268,0.8245586256036735,0.0,11.520323014804843,0.07506566983228935,0.06678116791270963,0.0,MN
27155,Minnesota,Traverse County,Traverse County,3360,0.0,3360,0,37608.3,3360,199,222.0,1439,76.0,2,0.0,0.0,0.0,0.059226190476190474,1.0,0.0,11.19294642857143,0.15427380125086865,0.05281445448227936,0.0,MN
27157,Minnesota,Wabasha County,Wabasha County,21387,0.0,4090,4090,151937.8,21387,453,507.0,8923,473.0,6,0.0,4090.0,0.0,0.02118109131715528,0.1912376677420863,0.1912376677420863,7.1042128395754425,0.05681945534013224,0.053009077664462625,0.1912376677420863,MN
27159,Minnesota,Wadena County,Wadena County,14065,5120.0,14065,5120,174268.1,14065,2376,868.0,5815,464.0,3,1.0,14065.0,0.36402417348027016,0.16892996800568788,1.0,0.36402417348027016,12.390195520796304,0.14926913155631985,0.07979363714531384,1.0,MN
27161,Minnesota,Waseca County,Waseca County,18968,5550.0,9745,9745,142584.5,18968,1424,658.0,7387,365.0,5,1.0,9745.0,0.29259805989034166,0.07507380851961198,0.5137600168705188,0.5137600168705188,7.517107760438633,0.08907540273453364,0.04941112765669419,0.5137600168705188,MN
27163,Minnesota,Washington County,Washington County,267568,10502.0,27229,223170,1368201.9,265667,52516,4312.0,99507,4005.0,59,2.0,24147.0,0.03924983555582132,0.19627160198528973,0.10176478502661006,0.8340683489804461,5.150063425265463,0.043333634819660925,0.04024842473393832,0.09024621778389046,MN
27165,Minnesota,Watonwan County,Watonwan County,11253,0.0,4862,0,148860.1,11253,0,399.0,4476,335.0,3,0.0,0.0,0.0,0.0,0.43206256109481916,0.0,13.22848129387719,0.08914209115281502,0.07484361036639857,0.0,MN
27167,Minnesota,Wilkin County,Wilkin County,6506,0.0,3426,3426,91284.2,6506,1546,281.0,2735,178.0,2,0.0,0.0,0.0,0.2376268060252075,0.5265908392253305,0.5265908392253305,14.030771595450354,0.10274223034734918,0.06508226691042047,0.0,MN
27169,Minnesota,Winona County,Winona County,49671,3932.0,15599,27307,763875.7,49671,4772,1397.0,20111,1077.0,13,1.0,3932.0,0.0791608785810634,0.09607215477844215,0.3140464254796561,0.5497574037164543,15.378705884721466,0.06946447217940431,0.05355278205956939,0.0791608785810634,MN
27171,Minnesota,Wright County,Wright County,141337,14533.0,31194,66387,747561.2,141337,24980,2362.0,50509,1620.0,27,3.0,21165.0,0.10282516255474504,0.17674069776491647,0.2207065382737712,0.4697071538238395,5.289210893113622,0.046763943059652736,0.0320734918529371,0.14974847350658355,MN
27173,Minnesota,Yellow Medicine County,Yellow Medicine County,9528,0.0,7663,0,82132.3,9528,557,301.0,4040,187.0,4,0.0,0.0,0.0,0.058459277917716206,0.8042611251049538,0.0,8.6200986565911,0.0745049504950495,0.04628712871287129,0.0,MN
28001,Mississippi,Adams County,Adams County,29538,3696.0,13651,16085,747270.0,29538,939,1893.0,12686,731.0,10,1.0,8597.0,0.12512695510867358,0.03178955921186268,0.4621504502674521,0.5445527794705125,25.298598415600242,0.14921961217089705,0.05762257606810657,0.29104881847112196,MS
28003,Mississippi,Alcorn County,Alcorn County,34740,0.0,13015,9364,546830.4,34740,832,2323.0,14395,1379.0,10,0.0,2510.0,0.0,0.023949337938975246,0.37464018422567646,0.26954519286125506,15.740656303972367,0.16137547759638762,0.09579715178881557,0.0722510074841681,MS
28005,Mississippi,Amite County,Amite County,12720,0.0,12720,0,349688.7,12720,126,889.0,5597,342.0,4,0.0,2378.0,0.0,0.00990566037735849,1.0,0.0,27.49125,0.15883509022690728,0.06110416294443452,0.18694968553459118,MS
28007,Mississippi,Attala County,Attala County,17889,0.0,9751,7327,328762.7,17889,231,1035.0,7098,538.0,6,0.0,3926.0,0.0,0.01291296327352004,0.5450835709094974,0.40958130694840406,18.37792498183241,0.14581572273879967,0.07579599887292195,0.21946447537592934,MS
28009,Mississippi,Benton County,Benton County,7646,0.0,7646,0,165057.8,7646,0,530.0,3179,208.0,3,0.0,0.0,0.0,0.0,1.0,0.0,21.587470572848545,0.1667190940547342,0.06542938030827304,0.0,MS
28011,Mississippi,Bolivar County,Bolivar County,30985,5104.0,24363,18693,1035905.9,30985,3939,3094.0,11994,1200.0,9,1.0,9157.0,0.16472486687106663,0.12712602872357592,0.7862836856543489,0.6032919154429562,33.43249636921091,0.2579623144905786,0.10005002501250625,0.2955300952073584,MS
28013,Mississippi,Calhoun County,Calhoun County,13266,0.0,6725,0,268057.4,13266,193,736.0,5543,379.0,5,0.0,0.0,0.0,0.014548469772350369,0.506935021860395,0.0,20.206347052615712,0.13278008298755187,0.06837452642973119,0.0,MS
28015,Mississippi,Carroll County,Carroll County,9998,0.0,3632,0,178908.3,9998,0,719.0,4040,193.0,3,0.0,0.0,0.0,0.0,0.3632726545309062,0.0,17.894408881776354,0.17797029702970296,0.04777227722772277,0.0,MS
28017,Mississippi,Chickasaw County,Chickasaw County,17106,0.0,14161,0,402814.0,17106,0,987.0,6778,596.0,5,0.0,0.0,0.0,0.0,0.8278381854320122,0.0,23.548111773646674,0.14561817645323105,0.08793154322809088,0.0,MS
28019,Mississippi,Choctaw County,Choctaw County,8246,0.0,1683,0,150986.2,8246,17,472.0,3454,188.0,3,0.0,0.0,0.0,0.0020616056269706523,0.2040989570700946,0.0,18.310235265583316,0.13665315576143602,0.05442964678633468,0.0,MS
28021,Mississippi,Claiborne County,Claiborne County,9135,0.0,9135,0,274130.7,9135,12,712.0,3289,362.0,3,0.0,0.0,0.0,0.0013136288998357964,1.0,0.0,30.008834154351398,0.21647917300091213,0.11006384919428398,0.0,MS
28023,Mississippi,Clarke County,Clarke County,15615,0.0,5877,0,264021.2,15615,913,952.0,6448,353.0,5,0.0,0.0,0.0,0.05846942042907461,0.37636887608069164,0.0,16.908178033941724,0.14764267990074442,0.05474565756823822,0.0,MS
28025,Mississippi,Clay County,Clay County,18636,0.0,7347,7347,395873.9,18636,148,1638.0,7771,530.0,5,0.0,0.0,0.0,0.007941618373041425,0.3942369607211848,0.3942369607211848,21.24242863275381,0.21078368292369065,0.06820229056749454,0.0,MS
28027,Mississippi,Coahoma County,Coahoma County,21390,0.0,18845,13172,757133.2,21390,129,2262.0,8452,1252.0,7,0.0,0.0,0.0,0.00603085553997195,0.8810191678354371,0.6158017765310893,35.396596540439454,0.26762896355892096,0.14813061997160434,0.0,MS
28029,Mississippi,Copiah County,Copiah County,28368,0.0,23372,5695,649454.4,28368,1374,1811.0,10899,817.0,8,0.0,10531.0,0.0,0.04843485617597293,0.8238860688099267,0.20075437112239142,22.893908629441626,0.16616203321405634,0.07496100559684375,0.37122814438804286,MS
28031,Mississippi,Covington County,Covington County,18340,0.0,5807,0,358108.5,18340,0,1309.0,7294,644.0,5,0.0,0.0,0.0,0.0,0.31663031624863686,0.0,19.526090512540893,0.17946257197696738,0.08829174664107485,0.0,MS
28033,Mississippi,DeSoto County,DeSoto County,185314,0.0,38685,127877,1835720.9,185314,16839,5309.0,67404,2673.0,41,0.0,6371.0,0.0,0.09086739264167845,0.20875379086307563,0.6900557971874763,9.90600224483849,0.07876387158032164,0.03965640021363717,0.03437948562979591,MS
28035,Mississippi,Forrest County,Forrest County,78158,4497.0,45559,52656,1784554.0,78158,4545,5016.0,29997,2130.0,21,1.0,17145.0,0.05753729624606566,0.05815143683308171,0.582908979247166,0.6737122239566007,22.83264669003813,0.16721672167216722,0.071007100710071,0.21936334092479337,MS
28037,Mississippi,Franklin County,Franklin County,7675,0.0,7675,0,190041.90000000002,7675,41,314.0,3295,94.0,3,0.0,0.0,0.0,0.005342019543973941,1.0,0.0,24.761159609120526,0.0952959028831563,0.028528072837632777,0.0,MS
28039,Mississippi,George County,George County,24350,0.0,6545,0,446966.4,24350,215,1025.0,8916,546.0,6,0.0,0.0,0.0,0.008829568788501026,0.26878850102669405,0.0,18.355909650924026,0.11496186630776133,0.06123822341857335,0.0,MS
28041,Mississippi,Greene County,Greene County,13530,0.0,4608,0,263611.0,13530,1,564.0,4256,274.0,4,0.0,0.0,0.0,7.390983000739098e-05,0.34057649667405765,0.0,19.483444198078345,0.1325187969924812,0.0643796992481203,0.0,MS
28043,Mississippi,Grenada County,Grenada County,21629,5100.0,14303,10557,524144.5,21629,783,992.0,9030,667.0,7,1.0,8007.0,0.23579453511489204,0.03620139627352166,0.6612880854408433,0.48809468768782655,24.233413472652458,0.10985603543743079,0.07386489479512735,0.3701974201303805,MS
28045,Mississippi,Hancock County,Hancock County,46053,1972.0,9419,28751,626185.0,46053,9483,2125.0,19034,701.0,17,1.0,1972.0,0.042820228866740494,0.20591492410917855,0.2045252209410896,0.6243024341519554,13.597051223590212,0.11164232426184723,0.036828832615319954,0.042820228866740494,MS
28047,Mississippi,Harrison County,Harrison County,208621,9300.0,88324,162896,3574965.4,208590,17560,12489.0,81633,5399.0,81,2.0,24885.0,0.04457844608165046,0.08417177561223463,0.42337060986190267,0.780822640098552,17.138719018169613,0.15298959979420088,0.06613746891575711,0.11928329362815823,MS
28049,Mississippi,Hinds County,Hinds County,227742,5408.0,119870,185174,5193668.7,227742,12252,13226.0,92774,7254.0,67,2.0,8235.0,0.023746168910433737,0.053797718470901285,0.5263412106682123,0.8130867385023404,22.80505440366731,0.1425614935218919,0.07819001013214909,0.03615933819848776,MS
28051,Mississippi,Holmes County,Holmes County,17000,0.0,17000,0,621923.0,17000,405,2032.0,6526,982.0,6,0.0,2069.0,0.0,0.023823529411764705,1.0,0.0,36.583705882352945,0.311369904995403,0.15047502298498314,0.12170588235294118,MS
28053,Mississippi,Humphreys County,Humphreys County,7785,0.0,7785,0,205864.4,7785,21,823.0,3106,377.0,3,0.0,0.0,0.0,0.002697495183044316,1.0,0.0,26.443725112395633,0.2649710238248551,0.1213779781068899,0.0,MS
28055,Mississippi,Issaquena County,Issaquena County,1338,0.0,0,0,21675.6,1338,237,84.0,368,49.0,1,0.0,0.0,0.0,0.17713004484304934,0.0,0.0,16.2,0.22826086956521738,0.1331521739130435,0.0,MS
28057,Mississippi,Itawamba County,Itawamba County,23863,0.0,7761,0,377130.6,23863,0,702.0,9057,402.0,6,0.0,0.0,0.0,0.0,0.32523152998365673,0.0,15.803989439718391,0.07750910897648228,0.04438555813183173,0.0,MS
28059,Mississippi,Jackson County,Jackson County,143252,12353.0,47310,102637,2001388.4,143252,17779,5291.0,55677,2784.0,42,3.0,19797.0,0.0862326529472538,0.12410996007036551,0.33025716918437437,0.7164786530030994,13.971102672214,0.09503026384323868,0.05000269411067407,0.1381970234272471,MS
28061,Mississippi,Jasper County,Jasper County,16367,0.0,6638,0,297674.5,16367,79,1059.0,6725,669.0,7,0.0,0.0,0.0,0.004826785605181157,0.40557218793914585,0.0,18.18748090670251,0.15747211895910782,0.09947955390334573,0.0,MS
28063,Mississippi,Jefferson County,Jefferson County,7260,1476.0,7260,0,229085.2,7260,551,533.0,2865,102.0,4,1.0,1476.0,0.20330578512396694,0.07589531680440771,1.0,0.0,31.55443526170799,0.18603839441535777,0.0356020942408377,0.20330578512396694,MS
28065,Mississippi,Jefferson Davis County,Jefferson Davis County,11321,0.0,9423,0,313465.0,11321,0,976.0,4777,272.0,4,0.0,0.0,0.0,0.0,0.8323469658157406,0.0,27.688808409151136,0.20431232991417209,0.05693950177935943,0.0,MS
28067,Mississippi,Jones County,Jones County,67246,3975.0,29660,23927,1272775.2,67233,3384,3556.0,25375,1089.0,20,1.0,11570.0,0.05911132260654909,0.05032269577372632,0.44106712666924425,0.3558129851589686,18.93081076257195,0.14013793103448277,0.04291625615763547,0.1720548434107605,MS
28069,Mississippi,Kemper County,Kemper County,8988,0.0,4875,0,223712.09999999998,8988,213,425.0,3385,108.0,2,0.0,0.0,0.0,0.02369826435246996,0.5423898531375166,0.0,24.8900867823765,0.1255539143279173,0.03190546528803545,0.0,MS
28071,Mississippi,Lafayette County,Lafayette County,55813,5258.0,16353,23253,1124905.6,55813,5618,997.0,22362,1281.0,15,2.0,11611.0,0.09420744271047964,0.10065755289986204,0.29299625535269563,0.4166233673158583,20.15490297959257,0.04458456309811287,0.057284679366782935,0.20803397058033074,MS
28073,Mississippi,Lamar County,Lamar County,64222,0.0,13439,32491,935304.1000000001,64222,7006,2447.0,25001,1105.0,17,0.0,0.0,0.0,0.10909034287315873,0.20925850954501574,0.5059169754912647,14.56360904362991,0.09787608495660173,0.04419823207071717,0.0,MS
28075,Mississippi,Lauderdale County,Lauderdale County,72984,0.0,43049,31981,1904138.1,72984,889,5270.0,29389,2725.0,25,0.0,14601.0,0.0,0.01218075194563192,0.5898416091198071,0.4381919324783514,26.08980187438343,0.17931879274558507,0.09272176664738507,0.20005754685958566,MS
28077,Mississippi,Lawrence County,Lawrence County,12016,0.0,12016,0,279277.0,12016,0,830.0,4823,203.0,3,0.0,0.0,0.0,0.0,1.0,0.0,23.242093874833554,0.1720920588845117,0.0420899854862119,0.0,MS
28079,Mississippi,Leake County,Leake County,21275,0.0,11890,0,434737.8,21275,0,968.0,8080,643.0,6,0.0,0.0,0.0,0.0,0.5588719153936546,0.0,20.434209165687427,0.1198019801980198,0.07957920792079208,0.0,MS
28081,Mississippi,Lee County,Lee County,83343,0.0,19954,27533,1217164.7,83343,2283,3382.0,33499,1969.0,23,0.0,9197.0,0.0,0.02739282243259782,0.23942022725363857,0.33035767850929293,14.604282303252822,0.10095823755933013,0.058777873966387055,0.11035119926088574,MS
28083,Mississippi,Leflore County,Leflore County,28339,735.0,22680,15343,883256.2,28339,546,2866.0,11058,1504.0,8,1.0,735.0,0.02593598927273369,0.019266734888316456,0.8003105261300681,0.5414093651857864,31.167514732347648,0.25917887502260806,0.13601012841381804,0.02593598927273369,MS
28085,Mississippi,Lincoln County,Lincoln County,34907,0.0,15636,10382,739370.9,34907,774,1552.0,13939,770.0,10,0.0,4742.0,0.0,0.022173203082476296,0.44793307932506377,0.2974188558168849,21.181164236399578,0.11134227706435182,0.05524069158476218,0.13584667831667002,MS
28087,Mississippi,Lowndes County,Lowndes County,58879,0.0,26551,24251,1053932.2,58879,1355,3020.0,23680,1403.0,18,0.0,3658.0,0.0,0.02301329845955264,0.4509417619185108,0.41187859848163183,17.899967730430202,0.12753378378378377,0.05924831081081081,0.06212741384874064,MS
28089,Mississippi,Madison County,Madison County,109145,3886.0,17521,77002,1264438.0,109145,33661,3154.0,41980,2324.0,26,1.0,10268.0,0.03560401301021577,0.30840624856841814,0.1605295707545009,0.7055018553300655,11.5849374685052,0.07513101476893759,0.05535969509290138,0.09407668697604105,MS
28091,Mississippi,Marion County,Marion County,24441,0.0,14652,6867,488991.1,24441,820,1188.0,9520,504.0,6,0.0,6867.0,0.0,0.03355018207111002,0.5994844728120781,0.28096231741745425,20.00700053189313,0.12478991596638656,0.052941176470588235,0.28096231741745425,MS
28093,Mississippi,Marshall County,Marshall County,33752,0.0,28144,4654,829478.4,33752,366,1829.0,12631,653.0,10,0.0,4654.0,0.0,0.010843801848779332,0.8338468831476653,0.13788812514813936,24.57568144109979,0.1448024701132135,0.051698202834296575,0.13788812514813936,MS
28095,Mississippi,Monroe County,Monroe County,34180,3116.0,18473,6526,637211.0,34180,1638,1821.0,13981,717.0,11,1.0,3116.0,0.09116442363955529,0.047922761849034524,0.5404622586307782,0.1909303686366296,18.642802808660036,0.13024819397754095,0.051283885272870325,0.09116442363955529,MS
28097,Mississippi,Montgomery County,Montgomery County,9822,0.0,9822,0,243950.99999999997,9822,30,831.0,4283,363.0,4,0.0,0.0,0.0,0.0030543677458766036,1.0,0.0,24.837202199144773,0.19402288115806676,0.08475367732897501,0.0,MS
28099,Mississippi,Neshoba County,Neshoba County,29087,0.0,14807,6465,664714.9,29087,52,1666.0,10857,641.0,8,0.0,2876.0,0.0,0.0017877402275930827,0.5090590298071304,0.22226424175748616,22.85264551174064,0.15344938749194068,0.05904025052961223,0.09887578643380204,MS
28101,Mississippi,Newton County,Newton County,21291,0.0,14354,0,513976.1,21291,0,903.0,8024,384.0,6,0.0,0.0,0.0,0.0,0.674181579070969,0.0,24.140533558780703,0.11253738783649053,0.047856430707876374,0.0,MS
28103,Mississippi,Noxubee County,Noxubee County,10285,0.0,10285,0,259048.3,10285,179,1235.0,4088,381.0,3,0.0,4805.0,0.0,0.017403986387943608,1.0,0.0,25.18700048614487,0.30210371819960863,0.09319960861056752,0.4671852211959164,MS
28105,Mississippi,Oktibbeha County,Oktibbeha County,51788,9876.0,32731,28491,1413197.1,51788,2506,2571.0,21011,1189.0,13,3.0,13455.0,0.19070054838958833,0.04838958832161891,0.6320190005406658,0.5501467521433536,27.28811886923612,0.1223644757507972,0.05658940554947409,0.2598092222136402,MS
28107,Mississippi,Panola County,Panola County,33208,0.0,18741,6855,762512.5,33208,756,2002.0,12772,790.0,11,0.0,2715.0,0.0,0.022765598650927487,0.5643519633823175,0.20642616237051312,22.96171103348591,0.15674913874099594,0.06185405574694645,0.08175740785352927,MS
28109,Mississippi,Pearl River County,Pearl River County,56145,4823.0,27456,16614,920856.7,56145,4423,2939.0,21703,842.0,16,1.0,4823.0,0.08590257369311603,0.07877816368331997,0.48901950307240183,0.2959123697568795,16.401401727669427,0.13541906648850388,0.03879647974934341,0.08590257369311603,MS
28111,Mississippi,Perry County,Perry County,11511,0.0,11511,0,209712.1,11511,332,462.0,4653,178.0,3,0.0,3371.0,0.0,0.028841977239162542,1.0,0.0,18.21840847884632,0.09929078014184398,0.03825488931871911,0.2928503170880028,MS
28113,Mississippi,Pike County,Pike County,40324,0.0,32350,12532,1089029.5,40324,7,2726.0,16232,877.0,11,0.0,9410.0,0.0,0.00017359388949508977,0.8022517607380221,0.31078266045035213,27.00698095427041,0.16793987185805814,0.054029078363725974,0.2333597857355421,MS
28115,Mississippi,Pontotoc County,Pontotoc County,31184,0.0,9595,0,523212.4,31184,0,1150.0,12042,259.0,6,0.0,0.0,0.0,0.0,0.30768984094407387,0.0,16.778232426885584,0.09549908653047666,0.021508055140342135,0.0,MS
28117,Mississippi,Prentiss County,Prentiss County,25008,0.0,10264,6628,432699.3,25008,653,1101.0,9616,516.0,8,0.0,3044.0,0.0,0.026111644273832373,0.4104286628278951,0.2650351887396033,17.302435220729365,0.11449667221297836,0.05366056572379368,0.12172104926423545,MS
28119,Mississippi,Quitman County,Quitman County,6176,0.0,6176,0,183323.8,6176,0,568.0,2577,288.0,3,0.0,0.0,0.0,0.0,1.0,0.0,29.683257772020724,0.22041133100504462,0.11175785797438882,0.0,MS
28121,Mississippi,Rankin County,Rankin County,157031,12099.0,35936,84925,1890945.5,157031,21675,3326.0,59626,1946.0,37,3.0,19093.0,0.07704848087320339,0.13803007049563462,0.2288465334870185,0.540816781399851,12.041861161171997,0.05578103511890786,0.03263676919464663,0.1215874572536633,MS
28123,Mississippi,Scott County,Scott County,27990,0.0,14479,0,610454.9,27990,0,1457.0,10235,617.0,8,0.0,0.0,0.0,0.0,0.5172918899607003,0.0,21.809749910682388,0.14235466536394725,0.06028334147532975,0.0,MS
28125,Mississippi,Sharkey County,Sharkey County,3800,0.0,3800,0,118920.0,3800,98,346.0,1509,114.0,2,0.0,0.0,0.0,0.025789473684210525,1.0,0.0,31.294736842105262,0.2292909211398277,0.07554671968190854,0.0,MS
28127,Mississippi,Simpson County,Simpson County,25949,0.0,14826,0,527279.9,25949,0,1186.0,10014,386.0,9,0.0,0.0,0.0,0.0,0.5713514971675209,0.0,20.319854329646617,0.11843419213101658,0.03854603555022968,0.0,MS
28129,Mississippi,Smith County,Smith County,14209,0.0,2537,0,247016.8,14209,166,506.0,5692,267.0,5,0.0,0.0,0.0,0.011682736293898233,0.1785488070940953,0.0,17.384530931100006,0.08889669711876318,0.04690794096978215,0.0,MS
28131,Mississippi,Stone County,Stone County,18333,0.0,10897,0,327821.2,18333,359,1040.0,6572,411.0,5,0.0,3291.0,0.0,0.019582174221349478,0.5943926253204603,0.0,17.881481481481483,0.15824710894704808,0.06253804017041996,0.17951235477008673,MS
28133,Mississippi,Sunflower County,Sunflower County,25971,0.0,22751,8442,772338.2,25971,0,2657.0,8474,715.0,7,0.0,6504.0,0.0,0.0,0.8760155558122521,0.32505486889222596,29.738485233529705,0.3135473212178428,0.08437573755015342,0.25043317546494165,MS
28135,Mississippi,Tallahatchie County,Tallahatchie County,12715,0.0,12715,0,301232.0,12715,389,990.0,4587,441.0,4,0.0,2399.0,0.0,0.03059378686590641,1.0,0.0,23.69107353519465,0.2158273381294964,0.09614126880313931,0.18867479355092412,MS
28137,Mississippi,Tate County,Tate County,28064,0.0,16138,5722,484059.6,28064,241,1147.0,10201,336.0,6,0.0,5722.0,0.0,0.00858751425313569,0.5750427594070695,0.20389110604332952,17.248417901938424,0.11243995686697382,0.03293794726007254,0.20389110604332952,MS
28139,Mississippi,Tippah County,Tippah County,21815,0.0,9180,0,413183.7,21815,0,731.0,8761,174.0,6,0.0,0.0,0.0,0.0,0.42081136832454735,0.0,18.940348384139355,0.08343796370277366,0.019860746490126698,0.0,MS
28141,Mississippi,Tishomingo County,Tishomingo County,18850,0.0,9265,0,333761.7,18850,0,790.0,7917,422.0,7,0.0,0.0,0.0,0.0,0.49151193633952256,0.0,17.70619098143236,0.0997852721990653,0.0533030188202602,0.0,MS
28143,Mississippi,Tunica County,Tunica County,9782,0.0,7586,0,301343.4,9782,0,1077.0,3817,407.0,4,0.0,0.0,0.0,0.0,0.7755060314864036,0.0,30.805908812103866,0.28215876342677493,0.10662824207492795,0.0,MS
28145,Mississippi,Union County,Union County,27777,0.0,5927,8130,415541.5,27777,1279,712.0,10809,527.0,6,0.0,0.0,0.0,0.046045289268099504,0.21337797458328833,0.29268819526946754,14.959912877560571,0.06587103339809418,0.04875566657415117,0.0,MS
28147,Mississippi,Walthall County,Walthall County,13884,0.0,4153,0,254422.1,13884,0,1103.0,5653,262.0,5,0.0,0.0,0.0,0.0,0.2991212906943244,0.0,18.324841544223567,0.19511763665310455,0.04634707235096409,0.0,MS
28149,Mississippi,Warren County,Warren County,44722,1763.0,16968,22344,871429.6000000001,44722,2853,2203.0,18480,1011.0,13,1.0,5487.0,0.03942131389472743,0.06379410580922142,0.37941058092214125,0.4996198738875721,19.485479182505255,0.11920995670995671,0.054707792207792205,0.12269129287598944,MS
28151,Mississippi,Washington County,Washington County,44922,0.0,32320,27753,1194152.3,44922,1240,3017.0,17954,2036.0,19,0.0,8978.0,0.0,0.027603401451404656,0.7194693023462891,0.617804193936156,26.582794621788878,0.16804054806728305,0.11340091344547176,0.19985753083121854,MS
28153,Mississippi,Wayne County,Wayne County,19779,0.0,13764,0,461966.8,19779,205,1605.0,7977,462.0,7,0.0,2353.0,0.0,0.010364528034784368,0.6958895798574245,0.0,23.35642853531523,0.20120345994734862,0.05791650996615269,0.11896455836998837,MS
28155,Mississippi,Webster County,Webster County,9926,0.0,1701,0,166351.6,9926,100,704.0,4066,218.0,3,0.0,0.0,0.0,0.01007455168245013,0.17136812411847674,0.0,16.75917791658271,0.17314313821938024,0.05361534677816036,0.0,MS
28157,Mississippi,Wilkinson County,Wilkinson County,8587,0.0,5406,0,246172.7,8587,135,589.0,3313,246.0,3,0.0,2056.0,0.0,0.015721439385117036,0.62955630604402,0.0,28.668068009782232,0.17778448536070027,0.07425294295200724,0.23943169908000467,MS
28159,Mississippi,Winston County,Winston County,17714,0.0,10180,0,466122.9,17714,413,1321.0,7207,565.0,5,0.0,0.0,0.0,0.023314892175680252,0.5746866884949757,0.0,26.313813932482784,0.18329401970306647,0.0783960038851117,0.0,MS
28161,Mississippi,Yalobusha County,Yalobusha County,12481,0.0,10355,0,281083.1,12481,0,588.0,5399,290.0,4,0.0,0.0,0.0,0.0,0.8296610848489704,0.0,22.52087973720054,0.10890905723282089,0.05371365067605112,0.0,MS
28163,Mississippi,Yazoo County,Yazoo County,26743,0.0,19396,11409,735920.2,26743,921,2280.0,9012,1598.0,7,0.0,19396.0,0.0,0.034438918595520326,0.7252739034513704,0.4266163108103055,27.51823654788169,0.2529960053262317,0.1773191300488238,0.7252739034513704,MS
29001,Missouri,Adair County,Adair County,25314,3263.0,14604,14874,664532.8,25314,1434,818.0,9886,665.0,8,1.0,3263.0,0.12890100339732954,0.05664849490400569,0.5769139606541834,0.5875799952595402,26.25159200442443,0.08274327331580013,0.06726684199878616,0.12890100339732954,MO
29003,Missouri,Andrew County,Andrew County,18135,0.0,0,6901,109537.8,18135,3724,339.0,7065,155.0,5,0.0,0.0,0.0,0.20534877309070856,0.0,0.3805348773090709,6.040132340777502,0.04798301486199576,0.021939136588818117,0.0,MO
29005,Missouri,Atchison County,Atchison County,5305,0.0,3058,0,62073.7,5305,104,132.0,2335,72.0,2,0.0,0.0,0.0,0.019604147031102734,0.5764373232799246,0.0,11.700980207351554,0.05653104925053533,0.030835117773019272,0.0,MO
29007,Missouri,Audrain County,Audrain County,24962,2720.0,13799,9092,432266.1,24962,2426,1130.0,9414,682.0,7,1.0,2720.0,0.10896562775418636,0.09718772534252063,0.5528002563897123,0.3642336351253906,17.316965787997756,0.12003399192691735,0.07244529424261738,0.10896562775418636,MO
29009,Missouri,Barry County,Barry County,34534,0.0,24979,6766,531419.8,34534,625,1465.0,13720,588.0,10,0.0,3026.0,0.0,0.01809810621416575,0.7233161521978341,0.19592285863207273,15.388307175537154,0.10677842565597667,0.04285714285714286,0.08762379104650489,MO
29011,Missouri,Barton County,Barton County,11637,0.0,7833,0,238499.4,11637,227,823.0,4702,390.0,3,0.0,0.0,0.0,0.019506745724843174,0.6731116267079144,0.0,20.494921371487496,0.17503190131858784,0.0829434283283709,0.0,MO
29013,Missouri,Bates County,Bates County,16042,0.0,11057,0,255479.4,16042,207,687.0,6391,463.0,4,0.0,6587.0,0.0,0.012903627976561525,0.6892532103229024,0.0,15.925657648672235,0.10749491472383038,0.07244562666249413,0.41060964966961727,MO
29015,Missouri,Benton County,Benton County,19394,0.0,13781,0,384713.5,19394,21,1070.0,8525,364.0,8,0.0,2204.0,0.0,0.001082809116221512,0.7105805919356502,0.0,19.836727853975457,0.12551319648093842,0.04269794721407625,0.11364339486439105,MO
29017,Missouri,Bollinger County,Bollinger County,10567,0.0,3858,0,144000.0,10567,72,361.0,4177,141.0,3,0.0,0.0,0.0,0.006813665184063594,0.3650988927794076,0.0,13.627330368127188,0.08642566435240603,0.033756284414651665,0.0,MO
29019,Missouri,Boone County,Boone County,183610,15110.0,60842,115429,3223113.8,183610,13840,5088.0,73470,4521.0,40,3.0,27006.0,0.08229399270192256,0.07537715810685693,0.3313653940417189,0.6286640161211263,17.554129949349164,0.06925275622703145,0.061535320538995505,0.14708349218452155,MO
29021,Missouri,Buchanan County,Buchanan County,84793,0.0,45666,70677,1334911.9,84793,2215,4864.0,33882,2837.0,26,0.0,6537.0,0.0,0.026122439352305026,0.5385586074322173,0.8335239937258971,15.74318516858703,0.14355705094150287,0.08373177498376719,0.07709362801174625,MO
29023,Missouri,Butler County,Butler County,42130,2285.0,30101,17885,859781.6,42130,1784,3366.0,17116,1384.0,12,1.0,5456.0,0.05423688582957512,0.0423451222406836,0.7144789935912651,0.42451934488488013,20.407823403750296,0.19665809768637532,0.08086001402196775,0.12950391644908615,MO
29025,Missouri,Caldwell County,Caldwell County,8815,0.0,5836,0,90672.5,8815,322,316.0,3522,187.0,3,0.0,0.0,0.0,0.036528644356211004,0.6620533182076007,0.0,10.286159954622802,0.08972174900624645,0.05309483248154458,0.0,MO
29027,Missouri,Callaway County,Callaway County,44283,9741.0,9741,13049,510104.10000000003,44283,3746,1441.0,16596,939.0,11,2.0,9741.0,0.21997154664318136,0.08459228146241221,0.21997154664318136,0.2946728993067317,11.519185692026285,0.08682815136177392,0.056579898770788145,0.21997154664318136,MO
29029,Missouri,Camden County,Camden County,42745,0.0,10765,16641,533840.2,42745,7552,1469.0,18617,498.0,19,0.0,1005.0,0.0,0.17667563457714353,0.25184232073926777,0.3893086910749795,12.488950754474207,0.07890637589300102,0.026749744856851266,0.02351152181541701,MO
29031,Missouri,Cape Girardeau County,Cape Girardeau County,81710,4990.0,17329,45282,1172341.7,81710,7980,3166.0,32544,1924.0,19,2.0,12566.0,0.06106963651939787,0.09766246481458818,0.21207930485864643,0.5541794150042835,14.347591482070737,0.09728367748279253,0.05911996066863324,0.1537877860726961,MO
29033,Missouri,Carroll County,Carroll County,8495,0.0,6076,0,121693.1,8495,121,317.0,3569,118.0,3,0.0,0.0,0.0,0.014243672748675692,0.7152442613301943,0.0,14.325261918775752,0.08882039787055197,0.033062482488091904,0.0,MO
29035,Missouri,Carter County,Carter County,5202,0.0,1946,0,104079.79999999999,5202,43,404.0,2208,270.0,2,0.0,0.0,0.0,0.008266051518646674,0.37408688965782394,0.0,20.007650903498654,0.18297101449275363,0.12228260869565218,0.0,MO
29037,Missouri,Cass County,Cass County,107824,11926.0,25453,75916,677016.9,107824,24026,2299.0,40907,1669.0,24,2.0,24040.0,0.11060617302270366,0.22282608695652173,0.23606061730227038,0.704073304644606,6.278907293366968,0.0562006502554575,0.04079986310411421,0.22295592817925508,MO
29039,Missouri,Cedar County,Cedar County,14188,0.0,11541,0,243940.5,14188,375,705.0,5609,382.0,4,0.0,3419.0,0.0,0.026430786580208625,0.8134338877925007,0.0,17.193438116718355,0.1256908539846675,0.0681048315207702,0.24097829151395544,MO
29041,Missouri,Chariton County,Chariton County,7408,0.0,0,0,64414.0,7408,730,189.0,3067,118.0,3,0.0,0.0,0.0,0.09854211663066954,0.0,0.0,8.695194384449245,0.06162373655037496,0.038474078904466906,0.0,MO
29043,Missouri,Christian County,Christian County,88842,0.0,5605,37225,724105.7,88842,7801,2235.0,33385,1041.0,19,0.0,1930.0,0.0,0.08780756849237974,0.06308952972693095,0.4190022736993764,8.150488507687804,0.0669462333383256,0.031181668413958363,0.021723959388577473,MO
29045,Missouri,Clark County,Clark County,6634,0.0,3863,0,72720.5,6634,164,188.0,2752,118.0,3,0.0,1927.0,0.0,0.02472113355441664,0.5823032861018993,0.0,10.961787760024118,0.06831395348837209,0.042877906976744186,0.2904733192643955,MO
29047,Missouri,Clay County,Clay County,253335,3322.0,54185,222481,2158946.3,253335,38913,6168.0,100254,4755.0,55,1.0,29037.0,0.013113071624528787,0.15360293682278406,0.2138867507450609,0.8782086959954211,8.522100380918546,0.061523729726494704,0.04742952899634927,0.11461898276985019,MO
29049,Missouri,Clinton County,Clinton County,21184,0.0,5430,5430,260859.1,21184,356,646.0,8173,369.0,5,0.0,5430.0,0.0,0.01680513595166163,0.25632552870090636,0.25632552870090636,12.313968089123867,0.07904074391288389,0.04514866022268445,0.25632552870090636,MO
29051,Missouri,Cole County,Cole County,77279,0.0,6222,48869,697664.9,77279,8072,1847.0,30478,1712.0,18,0.0,0.0,0.0,0.10445269736927237,0.08051346420114132,0.632371019293728,9.027871737470724,0.0606010893103222,0.05617166480740206,0.0,MO
29053,Missouri,Cooper County,Cooper County,17103,4078.0,6718,9152,203938.3,17103,1630,420.0,6584,287.0,5,1.0,6718.0,0.23843770098813075,0.09530491726597673,0.39279658539437523,0.535110799274981,11.924124422615915,0.0637910085054678,0.04359052247873633,0.39279658539437523,MO
29055,Missouri,Crawford County,Crawford County,23056,0.0,12959,0,318834.5,23056,6,1163.0,9314,450.0,8,0.0,0.0,0.0,0.000260235947258848,0.5620662734212353,0.0,13.828699687716863,0.1248657934292463,0.04831436547133348,0.0,MO
29057,Missouri,Dade County,Dade County,7569,0.0,2948,0,94803.4,7569,218,451.0,3105,192.0,2,0.0,0.0,0.0,0.028801691108468756,0.3894834192099353,0.0,12.525221297397277,0.14524959742351046,0.06183574879227053,0.0,MO
29059,Missouri,Dallas County,Dallas County,17071,0.0,12896,0,348613.4,17071,0,1137.0,6625,276.0,4,0.0,0.0,0.0,0.0,0.7554331907914006,0.0,20.42138128990686,0.17162264150943396,0.04166037735849057,0.0,MO
29061,Missouri,Daviess County,Daviess County,8430,0.0,0,0,96034.00000000001,8430,84,249.0,3233,284.0,2,0.0,0.0,0.0,0.0099644128113879,0.0,0.0,11.391933570581259,0.07701824930405196,0.08784410763996288,0.0,MO
29063,Missouri,DeKalb County,DeKalb County,11029,0.0,0,0,101017.5,11029,33,290.0,3814,152.0,3,0.0,0.0,0.0,0.002992111705503672,0.0,0.0,9.15926194577931,0.07603565810173046,0.03985317252228631,0.0,MO
29065,Missouri,Dent County,Dent County,14421,0.0,9476,5028,179040.0,14421,655,955.0,5946,341.0,4,0.0,7288.0,0.0,0.04541987379515983,0.6570972886762361,0.34865820678177656,12.415227792802163,0.16061217625294316,0.05734947864110326,0.5053741072047708,MO
29067,Missouri,Douglas County,Douglas County,11578,2764.0,11578,0,203736.9,11578,794,671.0,4635,220.0,3,1.0,7369.0,0.23872862325099325,0.06857833822767317,1.0,0.0,17.596899291760234,0.1447680690399137,0.04746494066882417,0.6364657108308862,MO
29069,Missouri,Dunklin County,Dunklin County,28283,0.0,22139,10802,615812.9,28283,751,2765.0,11573,959.0,10,0.0,7226.0,0.0,0.026553053070749212,0.7827670332001556,0.3819255383092317,21.773252483824205,0.23891817160632506,0.08286528989890261,0.25548916310150976,MO
29071,Missouri,Franklin County,Franklin County,104682,7753.0,33375,33248,859736.5,104682,7322,3050.0,41476,1640.0,28,2.0,10745.0,0.07406239850213026,0.06994516726848933,0.3188227202384364,0.31760952217191113,8.212839838749737,0.07353650303790144,0.03954093933841257,0.10264419862058424,MO
29073,Missouri,Gasconade County,Gasconade County,14794,0.0,3239,0,187681.2,14794,399,625.0,6111,345.0,5,0.0,0.0,0.0,0.026970393402730837,0.21894011085575232,0.0,12.686305258888739,0.10227458681066928,0.056455571919489446,0.0,MO
29075,Missouri,Gentry County,Gentry County,6162,0.0,6162,0,109709.4,6162,321,214.0,2473,130.0,2,0.0,2848.0,0.0,0.05209347614410906,1.0,0.0,17.804186952288216,0.08653457339264052,0.052567731500202185,0.4621876014281078,MO
29077,Missouri,Greene County,Greene County,298915,8041.0,137607,248683,4266775.2,298915,26060,13120.0,126028,8336.0,78,1.0,29202.0,0.026900623923188868,0.08718197480889216,0.460354950403961,0.8319522272217854,14.274209056086178,0.10410384993810899,0.06614403148506681,0.09769332418915076,MO
29079,Missouri,Grundy County,Grundy County,9808,3411.0,5655,5655,174588.1,9808,996,458.0,3996,442.0,4,1.0,3411.0,0.3477773246329527,0.10154975530179446,0.5765701468189234,0.5765701468189234,17.800581158238174,0.11461461461461461,0.11061061061061062,0.3477773246329527,MO
29081,Missouri,Harrison County,Harrison County,8157,0.0,4988,0,160974.5,8157,971,437.0,3403,208.0,3,0.0,0.0,0.0,0.11903886232683585,0.6114993257324997,0.0,19.734522496015693,0.1284161034381428,0.061122538936232734,0.0,MO
29083,Missouri,Henry County,Henry County,21946,0.0,12241,9350,312896.9,21946,569,1000.0,9253,450.0,6,0.0,9350.0,0.0,0.025927276041192018,0.5577781828123576,0.4260457486557915,14.257582247334367,0.10807305738679347,0.048632875824057065,0.4260457486557915,MO
29085,Missouri,Hickory County,Hickory County,8279,0.0,8279,0,164138.8,8279,0,429.0,3691,194.0,4,0.0,0.0,0.0,0.0,1.0,0.0,19.82592100495229,0.11622866431861284,0.05256028176645895,0.0,MO
29087,Missouri,Holt County,Holt County,4223,0.0,0,0,43048.5,4223,86,118.0,1795,55.0,3,0.0,0.0,0.0,0.020364669666114138,0.0,0.0,10.193819559554818,0.06573816155988858,0.03064066852367688,0.0,MO
29089,Missouri,Howard County,Howard County,10151,0.0,6879,0,127922.90000000002,10151,0,281.0,3873,138.0,3,0.0,0.0,0.0,0.0,0.6776672249039504,0.0,12.60199980297508,0.07255357603924606,0.03563129357087529,0.0,MO
29091,Missouri,Howell County,Howell County,39750,3256.0,34864,11599,810273.0,39750,2069,2232.0,16117,981.0,10,1.0,11599.0,0.08191194968553459,0.0520503144654088,0.8770817610062893,0.29179874213836476,20.38422641509434,0.13848731153440466,0.06086740708568592,0.29179874213836476,MO
29093,Missouri,Iron County,Iron County,9537,0.0,7056,0,183245.8,9537,80,705.0,3892,264.0,4,0.0,0.0,0.0,0.008388382090804235,0.7398553004089337,0.0,19.214197336688684,0.18114080164439877,0.06783144912641316,0.0,MO
29095,Missouri,Jackson County,Jackson County,717204,25213.0,365549,666967,10097260.2,717200,52812,31623.0,297580,24906.0,227,8.0,114265.0,0.035154572478681104,0.07363595295062493,0.5096862259552373,0.9299543783916431,14.078723089793641,0.10626722225956045,0.08369514080247328,0.15932008187349764,MO
29097,Missouri,Jasper County,Jasper County,122761,16709.0,65167,91195,2099011.7,122761,10632,7323.0,48119,3458.0,29,3.0,35668.0,0.13611000236231377,0.08660731013921359,0.5308444864411336,0.7428662197277637,17.09835941382035,0.15218520750639042,0.07186350506037116,0.2905483011705672,MO
29099,Missouri,Jefferson County,Jefferson County,226739,14543.0,39919,134930,2034041.6,226739,28590,6252.0,86959,3240.0,49,4.0,28942.0,0.06413982596730161,0.12609211472221366,0.17605705238181346,0.5950895082010593,8.970850184573452,0.07189595096539748,0.037258938120263575,0.12764456048584497,MO
29101,Missouri,Johnson County,Johnson County,54013,2821.0,11945,28092,670658.2,54013,4814,1344.0,20321,999.0,14,1.0,5717.0,0.052228167293059076,0.08912669172236314,0.22115046377723882,0.5200970136818914,12.416607113102401,0.066138477437134,0.04916096648786969,0.10584488919334234,MO
29103,Missouri,Knox County,Knox County,3744,0.0,0,0,40777.600000000006,3744,360,106.0,1500,22.0,2,0.0,0.0,0.0,0.09615384615384616,0.0,0.0,10.891452991452994,0.07066666666666667,0.014666666666666666,0.0,MO
29105,Missouri,Laclede County,Laclede County,36039,0.0,36039,14528,652332.5,36039,1272,2231.0,14325,973.0,9,0.0,17383.0,0.0,0.03529509697827354,1.0,0.40311884347512417,18.100738089292157,0.15574171029668413,0.06792321116928447,0.4823385776519881,MO
29107,Missouri,Lafayette County,Lafayette County,32984,0.0,5043,9582,302417.9,32984,2087,1177.0,12864,419.0,8,0.0,0.0,0.0,0.063273102110114,0.1528923114237206,0.29050448702401166,9.168624181421295,0.09149564676616916,0.032571517412935326,0.0,MO
29109,Missouri,Lawrence County,Lawrence County,38001,2694.0,21785,7566,552351.6,38001,605,1788.0,14599,913.0,10,1.0,2694.0,0.07089287124023053,0.015920633667535065,0.573274387516118,0.19910002368358728,14.535185916160101,0.12247414206452496,0.06253853003630386,0.07089287124023053,MO
29111,Missouri,Lewis County,Lewis County,10032,0.0,2164,0,125585.29999999999,10032,173,192.0,3789,131.0,4,0.0,0.0,0.0,0.01724481658692185,0.2157097288676236,0.0,12.518470893141945,0.050673000791765635,0.0345737661652151,0.0,MO
29113,Missouri,Lincoln County,Lincoln County,59574,0.0,0,14578,598092.1,59574,3768,1591.0,21812,1023.0,13,0.0,0.0,0.0,0.06324906838553732,0.0,0.24470406553194346,10.039481988787054,0.07294150009169265,0.04690078855675775,0.0,MO
29115,Missouri,Linn County,Linn County,11874,0.0,2709,2709,160070.6,11874,911,422.0,5065,334.0,5,0.0,2709.0,0.0,0.07672225029476167,0.2281455280444669,0.2281455280444669,13.480764695974399,0.08331688055281343,0.06594274432379071,0.2281455280444669,MO
29117,Missouri,Livingston County,Livingston County,14557,0.0,4342,7782,167310.2,14557,708,557.0,5562,330.0,5,0.0,2743.0,0.0,0.04863639486157862,0.2982757436284949,0.5345881706395549,11.493453321426118,0.10014383315354189,0.0593311758360302,0.188431682352133,MO
29119,Missouri,McDonald County,McDonald County,23303,0.0,23303,0,388317.4,23303,0,1168.0,8518,494.0,6,0.0,0.0,0.0,0.0,1.0,0.0,16.66383727417071,0.13712138999765203,0.05799483446818502,0.0,MO
29121,Missouri,Macon County,Macon County,15209,0.0,2553,6637,146496.1,15209,2350,521.0,6309,352.0,5,0.0,2553.0,0.0,0.15451377473864158,0.16786113485436255,0.436386350187389,9.632198040633835,0.08258044064035505,0.05579331114281186,0.16786113485436255,MO
29123,Missouri,Madison County,Madison County,12626,0.0,6401,5728,169537.1,12626,1539,629.0,5024,385.0,4,0.0,6401.0,0.0,0.12189133533977507,0.5069697449706954,0.4536670362743545,13.427617614446381,0.12519904458598727,0.07663216560509555,0.5069697449706954,MO
29125,Missouri,Maries County,Maries County,8432,0.0,2628,0,114994.1,8432,3,385.0,3477,166.0,3,0.0,0.0,0.0,0.0003557874762808349,0.31166982922201136,0.0,13.637820208728654,0.11072763876905378,0.04774230658613748,0.0,MO
29127,Missouri,Marion County,Marion County,28525,0.0,8685,14222,403171.6,28525,1412,1370.0,11491,870.0,8,0.0,3292.0,0.0,0.049500438212094655,0.3044697633654689,0.49858019281332167,14.13397370727432,0.11922374031851014,0.07571142633365242,0.11540753724802805,MO
29129,Missouri,Mercer County,Mercer County,3538,0.0,1274,0,47476.6,3538,90,139.0,1454,73.0,2,0.0,0.0,0.0,0.025438100621820236,0.3600904465799887,0.0,13.419050310910118,0.09559834938101788,0.050206327372764786,0.0,MO
29131,Missouri,Miller County,Miller County,24722,0.0,10129,4253,351381.89999999997,24722,219,875.0,9867,547.0,9,0.0,2842.0,0.0,0.008858506593317692,0.40971604239139225,0.17203300703826552,14.21332820969177,0.08867943650552346,0.05543731630688153,0.11495833670415015,MO
29133,Missouri,Mississippi County,Mississippi County,12577,0.0,7833,0,244734.0,12577,41,1224.0,4740,644.0,4,0.0,0.0,0.0,0.0032599188995785957,0.6228035302536375,0.0,19.458853462669953,0.2582278481012658,0.1358649789029536,0.0,MO
29135,Missouri,Moniteau County,Moniteau County,15473,0.0,6972,0,163541.90000000002,15473,0,435.0,5590,380.0,4,0.0,0.0,0.0,0.0,0.45059135267885997,0.0,10.569501712660765,0.0778175313059034,0.06797853309481217,0.0,MO
29137,Missouri,Monroe County,Monroe County,8666,0.0,2577,0,122149.9,8666,87,265.0,3565,242.0,3,0.0,0.0,0.0,0.010039233787214401,0.29736902838679896,0.0,14.095303484883452,0.07433380084151472,0.06788218793828892,0.0,MO
29139,Missouri,Montgomery County,Montgomery County,11322,0.0,5966,0,157271.0,11322,105,516.0,4640,163.0,4,0.0,0.0,0.0,0.009273979862215157,0.5269387034092916,0.0,13.890743684861333,0.11120689655172414,0.03512931034482759,0.0,MO
29141,Missouri,Morgan County,Morgan County,21006,0.0,15914,0,379893.7,21006,0,1059.0,8548,906.0,8,0.0,0.0,0.0,0.0,0.7575930686470532,0.0,18.085009045034752,0.1238886289190454,0.10598970519419747,0.0,MO
29143,Missouri,New Madrid County,New Madrid County,16434,0.0,8943,0,286334.2,16434,0,1575.0,6917,483.0,6,0.0,0.0,0.0,0.0,0.5441767068273092,0.0,17.423281002799076,0.22769986988578864,0.06982796009830851,0.0,MO
29145,Missouri,Newton County,Newton County,58648,3382.0,23130,22352,793314.2999999999,58648,3148,2727.0,22399,855.0,13,1.0,7514.0,0.05766607556949939,0.053676169690356025,0.39438685036147864,0.38112126585731826,13.526706793070522,0.12174650654047056,0.03817134693513103,0.12812031100804802,MO
29147,Missouri,Nodaway County,Nodaway County,21241,0.0,6074,11169,346580.0,21241,2361,704.0,8376,562.0,6,0.0,6074.0,0.0,0.1111529589002401,0.2859564050656749,0.5258227013794078,16.31655760086625,0.08404966571155682,0.06709646609360076,0.2859564050656749,MO
29149,Missouri,Oregon County,Oregon County,8635,1979.0,8635,0,200534.3,8635,846,672.0,3671,192.0,3,1.0,4875.0,0.22918355529820497,0.09797336421540243,1.0,0.0,23.223427909669947,0.18305638790520296,0.05230182511577227,0.5645628257093225,MO
29151,Missouri,Osage County,Osage County,13274,0.0,0,0,116726.2,13274,419,220.0,5349,295.0,4,0.0,0.0,0.0,0.0315654663251469,0.0,0.0,8.793596504444778,0.04112918302486446,0.05515049541970462,0.0,MO
29153,Missouri,Ozark County,Ozark County,8553,0.0,8553,0,184662.7,8553,805,547.0,3759,244.0,3,0.0,8553.0,0.0,0.0941190225651818,1.0,0.0,21.59040102887876,0.14551742484703378,0.06491088055333866,1.0,MO
29155,Missouri,Pemiscot County,Pemiscot County,15661,0.0,10360,5667,466436.39999999997,15661,402,1947.0,6442,667.0,6,0.0,2909.0,0.0,0.025668858948981545,0.661515867441415,0.36185428772109063,29.783308856394864,0.30223533064265756,0.10353927351754114,0.18574803652384905,MO
29157,Missouri,Perry County,Perry County,18956,0.0,3785,8005,261285.9,18956,716,764.0,7560,394.0,5,0.0,3785.0,0.0,0.03777168178940705,0.1996729267778012,0.4222937328550327,13.783809875501161,0.10105820105820106,0.052116402116402116,0.1996729267778012,MO
29159,Missouri,Pettis County,Pettis County,42980,0.0,19162,23777,675634.1,42980,1863,1941.0,16588,1249.0,11,0.0,3705.0,0.0,0.04334574220567706,0.44583527221963704,0.553210795718939,15.719732433690087,0.1170122980467808,0.0752953942609115,0.08620288506281992,MO
29161,Missouri,Phelps County,Phelps County,44638,0.0,24221,20264,778568.2000000001,44638,825,2275.0,17815,1049.0,12,0.0,10957.0,0.0,0.018482010842779693,0.5426094359066267,0.4539629911734397,17.441825350598148,0.12770137524557956,0.05888296379455515,0.24546350642949952,MO
29163,Missouri,Pike County,Pike County,17587,0.0,6800,0,272634.7,17587,77,670.0,6486,476.0,5,0.0,0.0,0.0,0.004378233922783874,0.38664922954454994,0.0,15.502058338545517,0.10329941412272588,0.07338883749614554,0.0,MO
29165,Missouri,Platte County,Platte County,106718,0.0,12139,82397,753543.4,106706,14869,1857.0,42452,1766.0,27,0.0,2554.0,0.0,0.13932982252291085,0.11374838359039711,0.7721003017297925,7.061865312166139,0.0437435220955432,0.04159992462074814,0.023932232613054966,MO
29167,Missouri,Polk County,Polk County,31519,0.0,14064,0,513111.0,31519,0,1306.0,11992,523.0,8,0.0,0.0,0.0,0.0,0.4462070497160443,0.0,16.279418763285637,0.10890593729152769,0.043612408272181456,0.0,MO
29169,Missouri,Pulaski County,Pulaski County,53955,16157.0,25527,24894,612206.5,53955,14264,1411.0,16902,545.0,13,4.0,16157.0,0.2994532480771013,0.26436845519414326,0.47311648596052264,0.46138448707256047,11.346612918172552,0.08348124482309786,0.03224470476866643,0.2994532480771013,MO
29171,Missouri,Putnam County,Putnam County,4681,0.0,0,0,72743.2,4681,366,134.0,2034,104.0,2,0.0,0.0,0.0,0.0781884212775048,0.0,0.0,15.540098269600511,0.06588003933136677,0.051130776794493606,0.0,MO
29173,Missouri,Ralls County,Ralls County,10355,0.0,3174,0,116619.6,10355,0,190.0,4125,130.0,3,0.0,0.0,0.0,0.0,0.30651859005311444,0.0,11.26215354901014,0.04606060606060606,0.03151515151515152,0.0,MO
29175,Missouri,Randolph County,Randolph County,24716,0.0,7894,12358,343092.8,24716,567,1388.0,9424,596.0,6,0.0,0.0,0.0,0.022940605275934618,0.3193882505259751,0.5,13.881404758051465,0.14728353140916808,0.0632427843803056,0.0,MO
29177,Missouri,Ray County,Ray County,23158,6641.0,6641,6641,289864.60000000003,23158,1604,954.0,9081,448.0,6,2.0,6641.0,0.2867691510493134,0.06926332153035668,0.2867691510493134,0.2867691510493134,12.516823559892911,0.10505450941526263,0.04933377381345667,0.2867691510493134,MO
29179,Missouri,Reynolds County,Reynolds County,6096,0.0,6096,0,105609.5,6096,253,379.0,2475,172.0,2,0.0,2659.0,0.0,0.04150262467191601,1.0,0.0,17.324393044619423,0.15313131313131312,0.0694949494949495,0.43618766404199477,MO
29181,Missouri,Ripley County,Ripley County,10679,2003.0,10679,0,261649.7,10679,543,694.0,4380,295.0,4,1.0,2003.0,0.18756437868714299,0.05084745762711865,1.0,0.0,24.5013297125199,0.15844748858447488,0.06735159817351598,0.18756437868714299,MO
29183,Missouri,St. Charles County,St. Charles County,405262,0.0,28780,370248,2140033.1,405262,64746,5871.0,154851,6099.0,85,0.0,6223.0,0.0,0.15976331360946747,0.0710157873178339,0.9136015713291649,5.280616243319137,0.03791386558691904,0.03938624871650813,0.015355498418307169,MO
29185,Missouri,St. Clair County,St. Clair County,9284,0.0,6572,0,135935.9,9284,323,551.0,3928,230.0,3,0.0,0.0,0.0,0.03479103834554072,0.7078845325290823,0.0,14.641953899181386,0.14027494908350305,0.05855397148676171,0.0,MO
29186,Missouri,Ste. Genevieve County,Ste. Genevieve County,18479,5539.0,5539,5539,152507.4,18479,1640,467.0,7104,304.0,5,1.0,5539.0,0.2997456572325342,0.08874939120082255,0.2997456572325342,0.2997456572325342,8.25301152659776,0.06573761261261261,0.04279279279279279,0.2997456572325342,MO
29187,Missouri,St. Francois County,St. Francois County,66922,7835.0,46619,38368,1083936.8,66922,5701,3863.0,24792,1629.0,19,1.0,24433.0,0.11707659663488838,0.08518872717492006,0.6966169570544813,0.5733241684348943,16.197017423268882,0.1558163923846402,0.06570667957405615,0.3650966797166851,MO
29189,Missouri,St. Louis County,St. Louis County,1004125,9234.0,302850,985904,9813933.1,1004125,95038,33196.0,411076,27417.0,236,3.0,67154.0,0.009196066226814391,0.09464757873770696,0.30160587576247977,0.981853852856965,9.773616930163078,0.08075392384863139,0.06669569617297044,0.06687812772314204,MO
29195,Missouri,Saline County,Saline County,23333,0.0,8189,13864,364447.2,23333,1622,1064.0,8469,511.0,8,0.0,2826.0,0.0,0.069515278789697,0.3509621566022372,0.5941799168559551,15.61938884841212,0.12563466761128822,0.0603377022080529,0.1211160159430849,MO
29197,Missouri,Schuyler County,Schuyler County,4032,0.0,0,0,35323.2,4032,13,100.0,1603,77.0,2,0.0,0.0,0.0,0.003224206349206349,0.0,0.0,8.760714285714284,0.06238303181534623,0.048034934497816595,0.0,MO
29199,Missouri,Scotland County,Scotland County,4716,0.0,0,0,34779.6,4716,59,65.0,1809,55.0,2,0.0,0.0,0.0,0.012510602205258695,0.0,0.0,7.374809160305343,0.035931453841901606,0.030403537866224434,0.0,MO
29201,Missouri,Scott County,Scott County,38059,7098.0,19418,19084,491363.9,38059,1650,2284.0,15306,737.0,11,2.0,7098.0,0.1864999080375207,0.043353740245408445,0.5102078352032371,0.5014319871778029,12.910583567618698,0.14922252711355025,0.04815105187508167,0.1864999080375207,MO
29203,Missouri,Shannon County,Shannon County,7031,0.0,7031,0,127480.1,7031,119,389.0,2948,150.0,2,0.0,0.0,0.0,0.016925046223865738,1.0,0.0,18.13114777414308,0.1319538670284939,0.05088195386702849,0.0,MO
29205,Missouri,Shelby County,Shelby County,6103,0.0,6103,0,97342.1,6103,408,200.0,2493,115.0,3,0.0,0.0,0.0,0.06685236768802229,1.0,0.0,15.949877109618221,0.08022462896109106,0.04612916165262736,0.0,MO
29207,Missouri,Stoddard County,Stoddard County,28672,5118.0,11169,8619,431557.5,28672,963,1759.0,11917,422.0,8,1.0,8619.0,0.17850167410714285,0.03358677455357143,0.38954380580357145,0.3006068638392857,15.051531110491071,0.14760426281782327,0.035411596878408995,0.3006068638392857,MO
29209,Missouri,Stone County,Stone County,31076,3555.0,10604,5200,430332.2,31076,3138,899.0,13296,527.0,12,1.0,5200.0,0.1143969622860085,0.10097824687862016,0.3412279572660574,0.16733170292186897,13.847734586175827,0.06761432009626955,0.039635980746089046,0.16733170292186897,MO
29211,Missouri,Sullivan County,Sullivan County,5999,0.0,2839,0,82052.9,5999,222,204.0,2484,129.0,3,0.0,0.0,0.0,0.03700616769461577,0.47324554092348725,0.0,13.677762960493414,0.0821256038647343,0.051932367149758456,0.0,MO
29213,Missouri,Taney County,Taney County,56066,10803.0,30859,25593,858554.9,56066,4590,2593.0,22486,1011.0,18,3.0,21073.0,0.1926836228730425,0.0818677986658581,0.5504048799629009,0.45647986301858523,15.313289694288875,0.11531619674464111,0.04496130925909455,0.37586059287268575,MO
29215,Missouri,Texas County,Texas County,24487,0.0,21423,0,490935.6,24487,280,1287.0,9360,776.0,8,0.0,0.0,0.0,0.011434638787928289,0.8748723812635276,0.0,20.048825907624455,0.1375,0.0829059829059829,0.0,MO
29217,Missouri,Vernon County,Vernon County,19707,5887.0,12503,9226,367906.30000000005,19707,1703,1159.0,7751,883.0,6,1.0,9164.0,0.29872634089409855,0.08641599431674024,0.63444461358908,0.4681585223524636,18.668813112092153,0.14952909302025544,0.11392078441491421,0.46501243213071497,MO
29219,Missouri,Warren County,Warren County,35532,0.0,7153,0,288608.5,35532,0,952.0,13578,427.0,9,0.0,0.0,0.0,0.0,0.20131149386468536,0.0,8.122495215580322,0.07011341876565032,0.031447930475769624,0.0,MO
29221,Missouri,Washington County,Washington County,23514,0.0,11717,0,404458.7,23514,0,1792.0,8919,891.0,6,0.0,0.0,0.0,0.0,0.49829888577017944,0.0,17.200761248617845,0.2009193855813432,0.09989909182643794,0.0,MO
29223,Missouri,Wayne County,Wayne County,10974,0.0,10974,0,266545.5,10974,232,844.0,4756,255.0,4,0.0,2740.0,0.0,0.02114087843994897,1.0,0.0,24.288819026790595,0.1774600504625736,0.05361648444070648,0.24968106433388007,MO
29225,Missouri,Webster County,Webster County,39085,0.0,12691,10063,592785.5,39085,3750,1367.0,14046,960.0,8,0.0,0.0,0.0,0.09594473583216068,0.3247025713189203,0.2574645004477421,15.166572854036076,0.09732308130428592,0.06834686031610424,0.0,MO
29227,Missouri,Worth County,Worth County,1973,0.0,1973,0,40643.8,1973,247,93.0,876,59.0,1,0.0,1973.0,0.0,0.12519006588950837,1.0,0.0,20.6,0.10616438356164383,0.06735159817351598,1.0,MO
29229,Missouri,Wright County,Wright County,18188,8876.0,18188,5235,337583.6,18188,2372,974.0,7182,503.0,4,2.0,8876.0,0.4880140752144271,0.13041565867605015,1.0,0.28782713877281724,18.560787332307015,0.13561681982734614,0.07003620161514898,0.4880140752144271,MO
29510,Missouri,St. Louis city,St. Louis city,301578,0.0,184455,301578,6309319.5,301578,128,26878.0,144870,26767.0,104,0.0,0.0,0.0,0.0004244341430740969,0.611632811411973,1.0,20.92102043252492,0.18553185614689033,0.18476565196382963,0.0,MO
30001,Montana,Beaverhead County,Beaverhead County,9371,1239.0,1239,4192,106802.1,9371,1752,304.0,4108,33.0,3,1.0,1239.0,0.13221641233592998,0.18695976950165405,0.13221641233592998,0.4473375306797567,11.397086757016327,0.07400194741966894,0.008033106134371958,0.13221641233592998,MT
30003,Montana,Big Horn County,Big Horn County,13124,5382.0,8460,0,286241.1,13124,4776,671.0,3927,264.0,5,3.0,5382.0,0.4100883876866809,0.363913441024078,0.6446205425175251,0.0,21.810507467235595,0.17086834733893558,0.06722689075630252,0.4100883876866809,MT
30005,Montana,Blaine County,Blaine County,7044,1589.0,3245,0,135096.2,7044,2852,336.0,2467,173.0,4,1.0,1589.0,0.22558205565019876,0.40488358886996023,0.4606757524134015,0.0,19.178904031800116,0.13619781110660723,0.07012565869477097,0.22558205565019876,MT
30007,Montana,Broadwater County,Broadwater County,6774,4691.0,4691,0,87113.6,6774,1331,100.0,2795,73.0,2,1.0,4691.0,0.6925007381163272,0.19648656628284616,0.6925007381163272,0.0,12.859994095069384,0.03577817531305903,0.026118067978533093,0.6925007381163272,MT
30009,Montana,Carbon County,Carbon County,10473,0.0,1763,0,82306.0,10473,1195,286.0,4694,159.0,5,0.0,0.0,0.0,0.11410293134727394,0.16833763009643846,0.0,7.858875202902702,0.06092884533446954,0.03387302939923306,0.0,MT
30011,Montana,Carter County,Carter County,1415,1415.0,1415,0,21791.0,1415,926,32.0,593,37.0,1,1.0,1415.0,1.0,0.6544169611307421,1.0,0.0,15.4,0.05396290050590219,0.06239460370994941,1.0,MT
30013,Montana,Cascade County,Cascade County,84414,2364.0,12325,64281,1114075.4,84414,8659,3704.0,35011,2150.0,25,1.0,2364.0,0.02800483332148696,0.10257777145971048,0.1460065865851636,0.7614969080958135,13.197756296348945,0.10579532147039501,0.06140927137185456,0.02800483332148696,MT
30015,Montana,Chouteau County,Chouteau County,5895,3785.0,3785,0,66350.5,5895,3201,204.0,2291,111.0,2,1.0,3785.0,0.642069550466497,0.5430025445292621,0.642069550466497,0.0,11.255385920271417,0.08904408555216063,0.04845045831514622,0.642069550466497,MT
30017,Montana,Custer County,Custer County,11867,1727.0,1727,9808,134171.4,11867,2216,415.0,5024,258.0,6,1.0,1727.0,0.14552961995449565,0.1867363276312463,0.14552961995449565,0.8264936378191624,11.306261060082582,0.08260350318471338,0.05135350318471338,0.14552961995449565,MT
30019,Montana,Daniels County,Daniels County,1661,0.0,0,0,21426.9,1661,731,21.0,738,19.0,1,0.0,0.0,0.0,0.44009632751354605,0.0,0.0,12.9,0.028455284552845527,0.025745257452574527,0.0,MT
30021,Montana,Dawson County,Dawson County,8940,0.0,0,7548,82033.0,8940,2758,127.0,3658,149.0,3,0.0,0.0,0.0,0.30850111856823265,0.0,0.8442953020134228,9.175950782997763,0.034718425369054125,0.04073264078731547,0.0,MT
30023,Montana,Deer Lodge County,Deer Lodge County,9421,0.0,0,6427,153210.6,9421,922,586.0,4284,318.0,3,0.0,0.0,0.0,0.09786646852775714,0.0,0.6821993418957648,16.26266850652797,0.13678804855275445,0.0742296918767507,0.0,MT
30025,Montana,Fallon County,Fallon County,3049,0.0,0,0,34758.6,3049,1384,27.0,1213,58.0,1,0.0,0.0,0.0,0.45391931780911776,0.0,0.0,11.4,0.02225886232481451,0.04781533388293487,0.0,MT
30027,Montana,Fergus County,Fergus County,11446,3300.0,6366,3300,165729.8,11446,2957,389.0,5032,498.0,3,1.0,3300.0,0.28831032675170365,0.2583435261226629,0.556176830333741,0.28831032675170365,14.47927660318015,0.07730524642289348,0.09896661367249603,0.28831032675170365,MT
30029,Montana,Flathead County,Flathead County,104357,4050.0,13872,36358,976262.7000000001,104357,5009,2870.0,42481,1837.0,32,2.0,6262.0,0.038809088034343645,0.047998696781241315,0.1329283133857815,0.3484002031488065,9.355028412085439,0.06755961488665521,0.04324286151455945,0.06000555784470615,MT
30031,Montana,Gallatin County,Gallatin County,118960,14751.0,29448,67096,1184822.2,118960,14050,1448.0,47117,1219.0,26,3.0,14751.0,0.12399966375252186,0.11810692669804976,0.24754539340954942,0.5640215198386012,9.9598369199731,0.030732007555659316,0.025871766029246346,0.12399966375252186,MT
30033,Montana,Garfield County,Garfield County,1173,0.0,0,0,15718.2,1173,861,13.0,509,7.0,1,0.0,0.0,0.0,0.7340153452685422,0.0,0.0,13.4,0.025540275049115914,0.0137524557956778,0.0,MT
30035,Montana,Glacier County,Glacier County,13778,4326.0,13778,0,429954.4,13778,2999,1023.0,4557,256.0,4,2.0,4326.0,0.3139788067934388,0.2176658440992887,1.0,0.0,31.20586442154159,0.22448979591836735,0.056177309633530834,0.3139788067934388,MT
30037,Montana,Golden Valley County,Golden Valley County,823,823.0,823,0,13991.0,823,390,3.0,372,23.0,1,1.0,823.0,1.0,0.4738760631834751,1.0,0.0,17.0,0.008064516129032258,0.06182795698924731,1.0,MT
30039,Montana,Granite County,Granite County,3309,0.0,1354,0,33676.5,3309,1120,87.0,1504,53.0,2,0.0,1354.0,0.0,0.33847083711090964,0.4091870655787247,0.0,10.177243880326383,0.05784574468085106,0.03523936170212766,0.4091870655787247,MT
30041,Montana,Hill County,Hill County,16309,1342.0,7505,6946,337228.69999999995,16309,2341,810.0,6176,533.0,6,1.0,1342.0,0.08228585443620087,0.14354037647924459,0.46017536329633946,0.4258998099209026,20.67746029799497,0.13115284974093264,0.08630181347150259,0.08228585443620087,MT
30043,Montana,Jefferson County,Jefferson County,12085,0.0,3463,0,69422.8,12085,1098,257.0,4894,151.0,3,0.0,3463.0,0.0,0.09085643359536616,0.28655357881671495,0.0,5.744542821679769,0.052513281569268495,0.030854107069881488,0.28655357881671495,MT
30045,Montana,Judith Basin County,Judith Basin County,2023,0.0,0,0,26905.9,2023,999,49.0,912,22.0,1,0.0,0.0,0.0,0.49382105783489866,0.0,0.0,13.3,0.0537280701754386,0.02412280701754386,0.0,MT
30047,Montana,Lake County,Lake County,31134,0.0,15698,0,538807.8,31134,440,1345.0,12486,608.0,10,0.0,0.0,0.0,0.014132459690370656,0.5042076186805422,0.0,17.306089805357487,0.10772064712477976,0.04869453788242832,0.0,MT
30049,Montana,Lewis and Clark County,Lewis and Clark County,70973,0.0,5027,30249,581495.0,70973,7699,2432.0,30204,1670.0,17,0.0,2165.0,0.0,0.10847787186676623,0.07082975215927184,0.4262043312245502,8.193186141208628,0.08051913653820686,0.05529068997483777,0.030504558071379258,MT
30051,Montana,Liberty County,Liberty County,1959,1959.0,1959,0,50542.200000000004,1959,1164,47.0,732,74.0,1,1.0,1959.0,1.0,0.5941807044410413,1.0,0.0,25.8,0.06420765027322405,0.10109289617486339,1.0,MT
30053,Montana,Lincoln County,Lincoln County,19677,3435.0,16288,2484,305967.8,19677,1667,1112.0,8886,578.0,6,1.0,7277.0,0.1745692940997103,0.08471819891243584,0.8277684606393251,0.12623875590791278,15.549514661787873,0.12514067071798335,0.06504613999549853,0.3698226355643645,MT
30055,Montana,McCone County,McCone County,1729,0.0,0,0,8645.0,1729,903,2.0,747,3.0,1,0.0,0.0,0.0,0.5222672064777328,0.0,0.0,5.0,0.002677376171352075,0.004016064257028112,0.0,MT
30057,Montana,Madison County,Madison County,8623,0.0,0,0,53641.4,8623,1686,132.0,4006,58.0,4,0.0,0.0,0.0,0.195523599675287,0.0,0.0,6.2207352429548886,0.032950574138791815,0.014478282576135796,0.0,MT
30059,Montana,Meagher County,Meagher County,1927,0.0,0,0,23894.8,1927,885,80.0,862,5.0,1,0.0,0.0,0.0,0.45926310326933056,0.0,0.0,12.4,0.09280742459396751,0.00580046403712297,0.0,MT
30061,Montana,Mineral County,Mineral County,4535,0.0,4535,0,61115.100000000006,4535,542,295.0,2040,59.0,2,0.0,2229.0,0.0,0.1195148842337376,1.0,0.0,13.476317530319736,0.14460784313725492,0.02892156862745098,0.49151047409040793,MT
30063,Montana,Missoula County,Missoula County,117922,0.0,23617,82031,1202491.2,117922,17892,3964.0,50645,2753.0,29,0.0,3970.0,0.0,0.15172741303573548,0.2002764539271722,0.6956377944743135,10.197344007055511,0.07827031296278014,0.05435877184322243,0.03366632180593952,MT
30065,Montana,Musselshell County,Musselshell County,4730,2787.0,2787,0,80527.8,4730,1603,220.0,2070,126.0,2,1.0,2787.0,0.5892177589852008,0.3389006342494715,0.5892177589852008,0.0,17.02490486257928,0.10628019323671498,0.06086956521739131,0.5892177589852008,MT
30067,Montana,Park County,Park County,17191,0.0,5668,9026,210921.4,17178,4432,504.0,7997,284.0,6,0.0,5668.0,0.0,0.25780931882962016,0.3297074050375196,0.5250421732301785,12.278577249970892,0.0630236338626985,0.035513317494060274,0.3297074050375196,MT
30069,Montana,Petroleum County,Petroleum County,496,496.0,496,0,4017.6,496,288,1.0,228,0.0,1,1.0,496.0,1.0,0.5806451612903226,1.0,0.0,8.1,0.0043859649122807015,0.0,1.0,MT
30071,Montana,Phillips County,Phillips County,4217,4217.0,4217,0,44278.5,4217,1952,124.0,1770,10.0,1,1.0,4217.0,1.0,0.46288830922456725,1.0,0.0,10.5,0.07005649717514124,0.005649717514124294,1.0,MT
30073,Montana,Pondera County,Pondera County,5898,2464.0,2464,0,132531.0,5898,1503,204.0,2254,158.0,2,1.0,2464.0,0.41776873516446256,0.2548321464903357,0.41776873516446256,0.0,22.470498474059003,0.09050576752440107,0.07009760425909495,0.41776873516446256,MT
30075,Montana,Powder River County,Powder River County,1694,0.0,0,0,13721.4,1694,1125,38.0,749,23.0,1,0.0,0.0,0.0,0.6641086186540732,0.0,0.0,8.1,0.050734312416555405,0.030707610146862484,0.0,MT
30077,Montana,Powell County,Powell County,6946,0.0,5564,0,39043.0,6946,1201,163.0,2374,58.0,2,0.0,0.0,0.0,0.1729052692196948,0.8010365678088108,0.0,5.620932911027929,0.06866048862679022,0.02443133951137321,0.0,MT
30079,Montana,Prairie County,Prairie County,1088,1088.0,1088,0,22412.800000000003,1088,555,79.0,498,52.0,1,1.0,1088.0,1.0,0.5101102941176471,1.0,0.0,20.6,0.15863453815261044,0.10441767068273092,1.0,MT
30081,Montana,Ravalli County,Ravalli County,44174,6107.0,8133,9683,388685.6,44174,4598,1209.0,18750,765.0,13,2.0,6107.0,0.1382487436048354,0.1040883777787839,0.18411282654955405,0.21920134015484222,8.798967718567482,0.06448,0.0408,0.1382487436048354,MT
30083,Montana,Richland County,Richland County,11491,0.0,3427,2915,77737.7,11491,2683,193.0,4827,225.0,5,0.0,0.0,0.0,0.2334870768427465,0.29823340005221477,0.2536767905317205,6.765094421721347,0.0399834265589393,0.04661280298321939,0.0,MT
30085,Montana,Roosevelt County,Roosevelt County,10794,8856.0,8856,0,326483.6,10794,3634,392.0,3610,322.0,3,2.0,8856.0,0.820455808782657,0.336668519547897,0.820455808782657,0.0,30.246766722253103,0.10858725761772853,0.08919667590027701,0.820455808782657,MT
30087,Montana,Rosebud County,Rosebud County,8329,3455.0,6233,0,204705.0,8329,1143,414.0,3145,244.0,4,2.0,3455.0,0.4148157041661664,0.13723136030735983,0.7483491415536079,0.0,24.577380237723617,0.131637519872814,0.07758346581875994,0.4148157041661664,MT
30089,Montana,Sanders County,Sanders County,12400,0.0,12400,0,190247.8,12400,429,610.0,5533,247.0,4,0.0,1975.0,0.0,0.03459677419354839,1.0,0.0,15.34256451612903,0.11024760527742634,0.04464124344840051,0.1592741935483871,MT
30091,Montana,Sheridan County,Sheridan County,3539,0.0,0,0,36694.8,3539,1336,62.0,1631,77.0,2,0.0,0.0,0.0,0.3775077705566544,0.0,0.0,10.368691720825092,0.03801348865726548,0.04721030042918455,0.0,MT
30093,Montana,Silver Bow County,Silver Bow County,35133,0.0,11755,29061,529863.5,35133,563,2028.0,15450,1001.0,9,0.0,3997.0,0.0,0.016024819969828935,0.3345857171320411,0.8271710357783281,15.081646884695301,0.1312621359223301,0.06478964401294499,0.1137676828053397,MT
30095,Montana,Stillwater County,Stillwater County,8963,0.0,0,0,74160.1,8963,1730,214.0,3777,123.0,3,0.0,0.0,0.0,0.19301573133995314,0.0,0.0,8.274026553609284,0.0566587238549113,0.03256552819698173,0.0,MT
30097,Montana,Sweet Grass County,Sweet Grass County,3678,0.0,0,0,29056.2,3678,1256,72.0,1594,39.0,1,0.0,0.0,0.0,0.3414899401848831,0.0,0.0,7.9,0.0451693851944793,0.024466750313676285,0.0,MT
30099,Montana,Teton County,Teton County,6226,0.0,0,0,84448.3,6226,2109,119.0,2490,154.0,3,0.0,0.0,0.0,0.33874076453581753,0.0,0.0,13.563813042081593,0.04779116465863454,0.061847389558232935,0.0,MT
30101,Montana,Toole County,Toole County,4971,0.0,0,0,53337.5,4270,1583,144.0,1748,135.0,3,0.0,0.0,0.0,0.3184469925568296,0.0,0.0,12.491217798594848,0.08237986270022883,0.07723112128146453,0.0,MT
30103,Montana,Treasure County,Treasure County,762,0.0,0,0,9372.6,762,762,25.0,349,27.0,1,0.0,0.0,0.0,1.0,0.0,0.0,12.3,0.07163323782234957,0.07736389684813753,0.0,MT
30105,Montana,Valley County,Valley County,7578,0.0,0,0,78028.5,7578,2863,247.0,3221,170.0,3,0.0,0.0,0.0,0.37780416996569016,0.0,0.0,10.29671417260491,0.07668425954672461,0.05277864017385905,0.0,MT
30107,Montana,Wheatland County,Wheatland County,2069,2069.0,2069,0,47587.0,2069,931,54.0,799,20.0,1,1.0,2069.0,1.0,0.4499758337361044,1.0,0.0,23.0,0.06758448060075094,0.025031289111389236,1.0,MT
30109,Montana,Wibaux County,Wibaux County,937,0.0,0,0,14804.6,937,277,21.0,405,14.0,1,0.0,0.0,0.0,0.29562433297758806,0.0,0.0,15.8,0.05185185185185185,0.0345679012345679,0.0,MT
30111,Montana,Yellowstone County,Yellowstone County,164731,0.0,49176,125205,1548029.9,164731,13935,5532.0,67578,2997.0,36,0.0,6347.0,0.0,0.08459245679319619,0.2985230466639552,0.7600573055466184,9.397319873005081,0.08186096066767291,0.044348752552605876,0.03852948139694411,MT
31001,Nebraska,Adams County,Adams County,31205,4642.0,10148,24426,399390.0,31205,2659,1189.0,12690,600.0,9,1.0,4642.0,0.14875821182502805,0.08521070341291459,0.3252042941836244,0.7827591732094216,12.79891043102067,0.09369582348305752,0.04728132387706856,0.14875821182502805,NE
31003,Nebraska,Antelope County,Antelope County,6295,0.0,3706,0,57730.1,6295,117,124.0,2670,108.0,3,0.0,0.0,0.0,0.01858617950754567,0.5887212073073869,0.0,9.170786338363781,0.04644194756554307,0.04044943820224719,0.0,NE
31005,Nebraska,Arthur County,Arthur County,434,0.0,0,0,3124.8,434,434,11.0,174,8.0,1,0.0,0.0,0.0,1.0,0.0,0.0,7.2,0.06321839080459771,0.04597701149425287,0.0,NE
31007,Nebraska,Banner County,Banner County,674,0.0,0,0,5189.8,674,645,4.0,267,3.0,1,0.0,0.0,0.0,0.956973293768546,0.0,0.0,7.7,0.0149812734082397,0.011235955056179775,0.0,NE
31009,Nebraska,Blaine County,Blaine County,431,431.0,431,0,3879.0,431,431,0.0,199,5.0,1,1.0,431.0,1.0,1.0,1.0,0.0,9.0,0.0,0.02512562814070352,1.0,NE
31011,Nebraska,Boone County,Boone County,5379,0.0,0,0,52162.09999999999,5379,518,86.0,2253,62.0,2,0.0,0.0,0.0,0.09630042758877115,0.0,0.0,9.697360104108569,0.03817132711939636,0.027518863737239236,0.0,NE
31013,Nebraska,Box Butte County,Box Butte County,10842,3889.0,3889,8625,115481.4,10842,3442,321.0,4566,290.0,3,1.0,3889.0,0.3586976572588083,0.3174691016417635,0.3586976572588083,0.7955174322080797,10.651300498063087,0.07030223390275953,0.06351292159439334,0.3586976572588083,NE
31015,Nebraska,Boyd County,Boyd County,1810,0.0,0,0,17557.0,1810,297,51.0,833,6.0,1,0.0,0.0,0.0,0.16408839779005524,0.0,0.0,9.7,0.061224489795918366,0.007202881152460984,0.0,NE
31017,Nebraska,Brown County,Brown County,2903,0.0,2903,0,38900.200000000004,2903,392,77.0,1350,60.0,1,0.0,2903.0,0.0,0.1350327247674819,1.0,0.0,13.400000000000002,0.05703703703703704,0.044444444444444446,1.0,NE
31019,Nebraska,Buffalo County,Buffalo County,50084,0.0,7808,36815,511254.0,50084,5068,1306.0,19590,891.0,11,0.0,2348.0,0.0,0.10119000079865825,0.15589809120677262,0.7350650906477119,10.20793067646354,0.06666666666666667,0.04548238897396631,0.04688123951761042,NE
31021,Nebraska,Burt County,Burt County,6722,0.0,1948,0,88399.0,6722,7,302.0,2851,171.0,3,0.0,0.0,0.0,0.0010413567390657541,0.2897947039571556,0.0,13.150699196667658,0.10592774465099965,0.05997895475271835,0.0,NE
31023,Nebraska,Butler County,Butler County,8369,0.0,0,0,83049.4,8369,993,205.0,3424,140.0,3,0.0,0.0,0.0,0.11865216871788745,0.0,0.0,9.923455609989245,0.05987149532710281,0.04088785046728972,0.0,NE
31025,Nebraska,Cass County,Cass County,26598,0.0,0,8325,138611.7,26598,2541,462.0,10315,366.0,6,0.0,0.0,0.0,0.09553349875930521,0.0,0.3129934581547485,5.211357996841868,0.044789142026175476,0.03548230731943771,0.0,NE
31027,Nebraska,Cedar County,Cedar County,8380,0.0,0,0,58781.59999999999,8380,179,186.0,3380,60.0,2,0.0,0.0,0.0,0.02136038186157518,0.0,0.0,7.014510739856801,0.05502958579881657,0.01775147928994083,0.0,NE
31029,Nebraska,Chase County,Chase County,3893,0.0,0,0,29197.5,3893,1572,69.0,1575,26.0,1,0.0,0.0,0.0,0.4038016953506293,0.0,0.0,7.5,0.04380952380952381,0.01650793650793651,0.0,NE
31031,Nebraska,Cherry County,Cherry County,5455,5455.0,5455,0,44912.4,5455,2415,99.0,2427,168.0,2,2.0,5455.0,1.0,0.4427131072410632,1.0,0.0,8.233253895508708,0.0407911001236094,0.069221260815822,1.0,NE
31033,Nebraska,Cheyenne County,Cheyenne County,9468,0.0,6460,6460,135366.8,9468,2099,548.0,4168,192.0,3,0.0,6460.0,0.0,0.22169412758766371,0.6822982678495987,0.6822982678495987,14.29729615547106,0.13147792706333974,0.046065259117082535,0.6822982678495987,NE
31035,Nebraska,Clay County,Clay County,6104,0.0,0,0,42284.0,6104,175,151.0,2509,116.0,2,0.0,0.0,0.0,0.028669724770642203,0.0,0.0,6.927260812581913,0.06018333997608609,0.046233559186927065,0.0,NE
31037,Nebraska,Colfax County,Colfax County,10582,6841.0,6841,6841,72704.70000000001,10582,940,329.0,3615,15.0,3,1.0,6841.0,0.6464751464751465,0.08883008883008883,0.6464751464751465,0.6464751464751465,6.870601020601022,0.09100968188105117,0.004149377593360996,0.6464751464751465,NE
31039,Nebraska,Cuming County,Cuming County,9013,0.0,0,0,60686.0,9013,0,97.0,3668,134.0,3,0.0,0.0,0.0,0.0,0.0,0.0,6.733163208698547,0.02644492911668484,0.03653217011995638,0.0,NE
31041,Nebraska,Custer County,Custer County,10545,1387.0,5261,0,74368.9,10545,1538,350.0,4551,187.0,4,1.0,1387.0,0.13153153153153152,0.1458511142721669,0.498909435751541,0.0,7.052527264106211,0.07690617446715008,0.04108987035816304,0.13153153153153152,NE
31043,Nebraska,Dakota County,Dakota County,21582,0.0,7048,13918,249485.0,21582,46,743.0,7400,338.0,5,0.0,0.0,0.0,0.002131405801130572,0.32656843666017976,0.6448892595681587,11.559864702066537,0.1004054054054054,0.045675675675675674,0.0,NE
31045,Nebraska,Dawes County,Dawes County,8199,0.0,0,5565,106806.59999999999,8199,1393,344.0,3325,137.0,2,0.0,0.0,0.0,0.16989876814245639,0.0,0.6787413099158434,13.026783754116355,0.10345864661654135,0.04120300751879699,0.0,NE
31047,Nebraska,Dawson County,Dawson County,24111,0.0,15069,10985,260209.99999999997,24111,1185,571.0,8868,475.0,7,0.0,5436.0,0.0,0.04914769192484758,0.6249844469329352,0.4556011778856124,10.792169549168428,0.06438881371222373,0.05356337392873252,0.22545726017170586,NE
31049,Nebraska,Deuel County,Deuel County,1838,0.0,0,0,17277.2,1838,98,70.0,834,28.0,1,0.0,0.0,0.0,0.05331882480957562,0.0,0.0,9.4,0.08393285371702638,0.03357314148681055,0.0,NE
31051,Nebraska,Dixon County,Dixon County,5606,0.0,0,0,41089.0,5606,483,172.0,2206,36.0,2,0.0,0.0,0.0,0.08615768819122369,0.0,0.0,7.329468426685694,0.07796917497733455,0.016319129646418858,0.0,NE
31053,Nebraska,Dodge County,Dodge County,37167,0.0,4154,26620,415956.60000000003,37167,1581,1245.0,14813,590.0,9,0.0,0.0,0.0,0.04253773508757769,0.11176581375951786,0.7162267602981139,11.191557026394383,0.08404779585499224,0.039829879160197125,0.0,NE
31055,Nebraska,Douglas County,Douglas County,584526,0.0,219148,561703,7039392.7,584526,20997,22724.0,229416,16137.0,163,0.0,14153.0,0.0,0.035921413247657075,0.374915743696602,0.9609546880720446,12.04290775773875,0.09905150469016982,0.07033947065592636,0.02421278095414062,NE
31057,Nebraska,Dundy County,Dundy County,1654,0.0,0,0,23156.0,1654,314,62.0,773,36.0,1,0.0,0.0,0.0,0.18984280532043532,0.0,0.0,14.0,0.08020698576972833,0.04657179818887452,0.0,NE
31059,Nebraska,Fillmore County,Fillmore County,5551,0.0,0,0,48822.200000000004,5551,0,140.0,2386,65.0,2,0.0,0.0,0.0,0.0,0.0,0.0,8.795208070617907,0.0586756077116513,0.027242246437552388,0.0,NE
31061,Nebraska,Franklin County,Franklin County,2889,0.0,0,0,35420.0,2889,580,85.0,1285,27.0,2,0.0,0.0,0.0,0.20076150917272412,0.0,0.0,12.260297680858429,0.06614785992217899,0.021011673151750974,0.0,NE
31063,Nebraska,Frontier County,Frontier County,2519,2519.0,2519,0,28716.600000000002,2519,759,124.0,1048,21.0,1,1.0,2519.0,1.0,0.30131004366812225,1.0,0.0,11.4,0.1183206106870229,0.020038167938931296,1.0,NE
31065,Nebraska,Furnas County,Furnas County,4636,0.0,0,0,60268.0,4636,289,102.0,2049,85.0,1,0.0,0.0,0.0,0.06233822260569456,0.0,0.0,13.0,0.04978038067349927,0.04148365056124939,0.0,NE
31067,Nebraska,Gage County,Gage County,21704,0.0,8228,12867,273321.1,21704,2921,1016.0,9284,776.0,7,0.0,3771.0,0.0,0.13458348691485442,0.37910062661260596,0.592840029487652,12.593121083671212,0.10943558810857389,0.08358466178371392,0.1737467747880575,NE
31069,Nebraska,Garden County,Garden County,1874,1874.0,1874,0,30921.0,1874,955,95.0,883,18.0,1,1.0,1874.0,1.0,0.5096051227321238,1.0,0.0,16.5,0.10758776896942242,0.020385050962627407,1.0,NE
31071,Nebraska,Garfield County,Garfield County,1813,0.0,1813,0,15954.400000000001,1813,333,35.0,776,43.0,1,0.0,0.0,0.0,0.1836734693877551,1.0,0.0,8.8,0.045103092783505154,0.055412371134020616,0.0,NE
31073,Nebraska,Gosper County,Gosper County,1893,0.0,0,0,19497.9,1893,12,62.0,789,8.0,1,0.0,0.0,0.0,0.006339144215530904,0.0,0.0,10.3,0.07858048162230671,0.010139416983523447,0.0,NE
31075,Nebraska,Grant County,Grant County,611,0.0,0,0,7454.2,611,59,6.0,263,11.0,1,0.0,0.0,0.0,0.09656301145662848,0.0,0.0,12.2,0.022813688212927757,0.04182509505703422,0.0,NE
31077,Nebraska,Greeley County,Greeley County,2188,0.0,0,0,28662.8,2188,712,58.0,948,21.0,1,0.0,0.0,0.0,0.32541133455210236,0.0,0.0,13.1,0.06118143459915612,0.022151898734177215,0.0,NE
31079,Nebraska,Hall County,Hall County,62895,14335.0,30699,55609,873152.0,62895,6412,2556.0,23805,1622.0,14,3.0,14335.0,0.22791954845377216,0.10194769059543683,0.48809921297400427,0.8841561332379363,13.882693377851975,0.10737240075614367,0.06813694601974375,0.22791954845377216,NE
31081,Nebraska,Hamilton County,Hamilton County,9429,0.0,0,0,49329.9,9429,80,175.0,3715,50.0,3,0.0,0.0,0.0,0.008484462827447237,0.0,0.0,5.231721285396119,0.047106325706594884,0.013458950201884253,0.0,NE
31083,Nebraska,Harlan County,Harlan County,3073,0.0,0,0,20589.100000000002,3073,176,63.0,1355,13.0,1,0.0,0.0,0.0,0.057273023104458184,0.0,0.0,6.700000000000001,0.04649446494464945,0.00959409594095941,0.0,NE
31085,Nebraska,Hayes County,Hayes County,856,856.0,856,0,10871.199999999999,856,495,19.0,354,12.0,1,1.0,856.0,1.0,0.5782710280373832,1.0,0.0,12.7,0.05367231638418079,0.03389830508474576,1.0,NE
31087,Nebraska,Hitchcock County,Hitchcock County,2616,2616.0,2616,0,33484.8,2616,558,82.0,1137,44.0,1,1.0,2616.0,1.0,0.21330275229357798,1.0,0.0,12.8,0.07211961301671065,0.03869832893579595,1.0,NE
31089,Nebraska,Holt County,Holt County,10127,0.0,4200,0,120059.3,10127,610,335.0,4257,152.0,4,0.0,0.0,0.0,0.060235015305618644,0.41473289226819393,0.0,11.855366841117805,0.07869391590321823,0.03570589617101245,0.0,NE
31091,Nebraska,Hooker County,Hooker County,711,0.0,0,0,4408.2,711,173,1.0,323,20.0,1,0.0,0.0,0.0,0.24331926863572434,0.0,0.0,6.2,0.0030959752321981426,0.06191950464396285,0.0,NE
31093,Nebraska,Howard County,Howard County,6475,0.0,0,0,31468.5,6475,622,169.0,2616,74.0,2,0.0,0.0,0.0,0.09606177606177606,0.0,0.0,4.86,0.06460244648318043,0.028287461773700305,0.0,NE
31095,Nebraska,Jefferson County,Jefferson County,7240,0.0,4289,4289,74814.90000000001,7240,1772,392.0,3179,237.0,3,0.0,2959.0,0.0,0.2447513812154696,0.592403314917127,0.592403314917127,10.333549723756907,0.12330921673482227,0.07455174583202265,0.4087016574585635,NE
31097,Nebraska,Johnson County,Johnson County,5290,0.0,3346,0,54008.6,5290,162,204.0,1797,127.0,2,0.0,0.0,0.0,0.03062381852551985,0.6325141776937618,0.0,10.209565217391305,0.11352253756260434,0.07067334446299388,0.0,NE
31099,Nebraska,Kearney County,Kearney County,6688,0.0,0,0,48029.799999999996,6688,88,111.0,2727,26.0,2,0.0,0.0,0.0,0.013157894736842105,0.0,0.0,7.18148923444976,0.0407040704070407,0.009534286762009535,0.0,NE
31101,Nebraska,Keith County,Keith County,8335,3410.0,5029,4925,87062.29999999999,8335,1509,360.0,3672,228.0,3,1.0,3410.0,0.4091181763647271,0.18104379124175166,0.6033593281343731,0.590881823635273,10.445386922615475,0.09803921568627451,0.06209150326797386,0.4091181763647271,NE
31103,Nebraska,Keya Paha County,Keya Paha County,769,769.0,769,0,5536.8,769,427,4.0,353,4.0,1,1.0,769.0,1.0,0.5552665799739922,1.0,0.0,7.2,0.0113314447592068,0.0113314447592068,1.0,NE
31105,Nebraska,Kimball County,Kimball County,3434,3434.0,3434,0,41894.799999999996,3434,628,168.0,1501,56.0,1,1.0,3434.0,1.0,0.18287711124053582,1.0,0.0,12.2,0.11192538307794804,0.037308461025982675,1.0,NE
31107,Nebraska,Knox County,Knox County,8391,0.0,2886,0,115263.9,8391,372,254.0,3435,157.0,3,0.0,2886.0,0.0,0.044333214158026456,0.34393993564533426,0.0,13.736610654272434,0.07394468704512373,0.04570596797671034,0.34393993564533426,NE
31109,Nebraska,Lancaster County,Lancaster County,322608,9351.0,108699,289440,4135575.8,321247,20783,11241.0,127884,8343.0,81,3.0,18779.0,0.02898564201755691,0.06442183702822,0.336938327629817,0.8971879184645142,12.873507923809404,0.0878999718494886,0.06523881017171812,0.05820996379507018,NE
31111,Nebraska,Lincoln County,Lincoln County,34676,0.0,14740,18925,428994.3,34676,4205,1730.0,14683,606.0,8,0.0,5471.0,0.0,0.12126542853847042,0.42507786365209366,0.5457665243972777,12.371504787172684,0.11782333310631342,0.04127221957365661,0.15777482985350097,NE
31113,Nebraska,Logan County,Logan County,716,0.0,0,0,4009.6,716,80,6.0,286,0.0,1,0.0,0.0,0.0,0.11173184357541899,0.0,0.0,5.6,0.02097902097902098,0.0,0.0,NE
31115,Nebraska,Loup County,Loup County,607,0.0,0,0,4188.3,607,267,15.0,272,4.0,1,0.0,0.0,0.0,0.43986820428336076,0.0,0.0,6.9,0.05514705882352941,0.014705882352941176,0.0,NE
31117,Nebraska,McPherson County,McPherson County,399,399.0,399,0,4867.799999999999,399,399,2.0,168,15.0,1,1.0,399.0,1.0,1.0,1.0,0.0,12.199999999999998,0.011904761904761904,0.08928571428571429,1.0,NE
31119,Nebraska,Madison County,Madison County,35585,0.0,10618,25322,466166.5,35585,3488,1236.0,14024,994.0,9,0.0,0.0,0.0,0.09801882815793171,0.29838415062526347,0.7115919629057187,13.100084305184769,0.0881346263548203,0.0708784940102681,0.0,NE
31121,Nebraska,Merrick County,Merrick County,7668,0.0,1779,0,60559.8,7668,22,184.0,3072,61.0,3,0.0,0.0,0.0,0.0028690662493479394,0.23200312989045382,0.0,7.89773082942097,0.059895833333333336,0.019856770833333332,0.0,NE
31123,Nebraska,Morrill County,Morrill County,4555,0.0,0,0,63314.5,4555,1172,223.0,1905,88.0,1,0.0,0.0,0.0,0.25729967069154774,0.0,0.0,13.9,0.11706036745406824,0.046194225721784776,0.0,NE
31125,Nebraska,Nance County,Nance County,3380,0.0,0,0,56108.00000000001,3380,145,93.0,1414,30.0,1,0.0,0.0,0.0,0.042899408284023666,0.0,0.0,16.6,0.06577086280056577,0.021216407355021217,0.0,NE
31127,Nebraska,Nemaha County,Nemaha County,7074,0.0,3662,0,93843.0,7074,103,378.0,2814,136.0,2,0.0,0.0,0.0,0.014560361888606163,0.517670342097823,0.0,13.26590330788804,0.13432835820895522,0.048329779673063254,0.0,NE
31129,Nebraska,Nuckolls County,Nuckolls County,4095,0.0,1965,0,23325.0,4095,910,109.0,1894,55.0,2,0.0,0.0,0.0,0.2222222222222222,0.47985347985347987,0.0,5.695970695970696,0.05755015839493136,0.02903907074973601,0.0,NE
31131,Nebraska,Otoe County,Otoe County,15912,0.0,2938,7534,147046.9,15912,2369,382.0,6390,193.0,5,0.0,0.0,0.0,0.14888134741075917,0.184640522875817,0.4734791352438411,9.24125816993464,0.05978090766823161,0.030203442879499217,0.0,NE
31133,Nebraska,Pawnee County,Pawnee County,2544,2544.0,2544,0,34344.0,2544,576,64.0,1108,63.0,1,1.0,2544.0,1.0,0.22641509433962265,1.0,0.0,13.5,0.05776173285198556,0.05685920577617329,1.0,NE
31135,Nebraska,Perkins County,Perkins County,2858,0.0,0,0,20577.600000000002,2858,1002,61.0,1172,31.0,1,0.0,0.0,0.0,0.35059482155353394,0.0,0.0,7.200000000000001,0.05204778156996587,0.026450511945392493,0.0,NE
31137,Nebraska,Phelps County,Phelps County,8968,0.0,0,5980,110285.8,8968,750,389.0,3706,243.0,3,0.0,0.0,0.0,0.0836306868867083,0.0,0.6668153434433541,12.297702943800179,0.10496492174851592,0.06556934700485699,0.0,NE
31139,Nebraska,Pierce County,Pierce County,7317,0.0,3387,0,55606.5,7317,61,209.0,2887,92.0,2,0.0,0.0,0.0,0.008336750034167008,0.46289462894628947,0.0,7.599630996309963,0.07239348804987877,0.03186698995497056,0.0,NE
31141,Nebraska,Platte County,Platte County,34296,3456.0,13480,19181,326142.5,34296,1543,969.0,13313,698.0,8,1.0,3456.0,0.10076976906927922,0.044990669465826916,0.39304875204105433,0.5592780499183578,9.509636692325635,0.07278599864793811,0.05242995568241569,0.10076976906927922,NE
31143,Nebraska,Polk County,Polk County,5214,0.0,0,0,41033.5,5214,119,104.0,2146,44.0,2,0.0,0.0,0.0,0.022823168392788647,0.0,0.0,7.869869581894898,0.048462255358807084,0.02050326188257223,0.0,NE
31145,Nebraska,Red Willow County,Red Willow County,10702,0.0,3221,8224,149703.3,10702,2778,415.0,4532,420.0,3,0.0,0.0,0.0,0.2595776490375631,0.3009717809755186,0.7684544944870118,13.988347972341618,0.09157105030891438,0.09267431597528684,0.0,NE
31147,Nebraska,Richardson County,Richardson County,7871,4414.0,6168,4414,82493.8,7871,1132,268.0,3460,285.0,3,1.0,4414.0,0.5607927836361326,0.14381908270867744,0.7836361326388006,0.5607927836361326,10.480726718333122,0.07745664739884393,0.08236994219653179,0.5607927836361326,NE
31149,Nebraska,Rock County,Rock County,1262,0.0,1262,0,13629.6,1262,55,32.0,583,35.0,1,0.0,0.0,0.0,0.043581616481774964,1.0,0.0,10.8,0.0548885077186964,0.060034305317324184,0.0,NE
31151,Nebraska,Saline County,Saline County,14292,0.0,3463,4242,125740.70000000001,14292,917,230.0,5222,164.0,5,0.0,0.0,0.0,0.06416176882171844,0.24230338650993563,0.2968094038623006,8.79797788972852,0.04404442742244351,0.031405591727307544,0.0,NE
31153,Nebraska,Sarpy County,Sarpy County,190604,0.0,23328,179164,1080652.5,190604,19589,3519.0,70173,2251.0,47,0.0,841.0,0.0,0.10277328912299846,0.12238987639294034,0.9399802732366582,5.669621309101593,0.05014749262536873,0.03207786470579853,0.0044122893538435706,NE
31155,Nebraska,Saunders County,Saunders County,22278,0.0,0,5230,143864.6,22278,3996,407.0,8667,390.0,5,0.0,0.0,0.0,0.1793697818475626,0.0,0.23476075051620432,6.457698177574289,0.04695973231798777,0.04499826929733472,0.0,NE
31157,Nebraska,Scotts Bluff County,Scotts Bluff County,36084,0.0,12109,23131,468969.2,36084,2054,1799.0,14689,1053.0,11,0.0,4890.0,0.0,0.056922735838598824,0.33557809555481655,0.6410320363596054,12.996596829619776,0.12247259854312752,0.07168629586765607,0.1355171267043565,NE
31159,Nebraska,Seward County,Seward County,17609,0.0,0,8032,130298.70000000001,17609,1468,364.0,6558,294.0,4,0.0,0.0,0.0,0.08336646033278437,0.0,0.4561303878698393,7.399551365778864,0.05550472705093016,0.04483074107959744,0.0,NE
31161,Nebraska,Sheridan County,Sheridan County,5127,3046.0,5127,0,57883.9,5127,1306,215.0,2163,77.0,2,1.0,3046.0,0.5941096157597036,0.2547298615174566,1.0,0.0,11.290013653208504,0.09939898289412853,0.03559870550161812,0.5941096157597036,NE
31163,Nebraska,Sherman County,Sherman County,2959,0.0,2959,0,25447.399999999998,2959,121,69.0,1305,91.0,1,0.0,0.0,0.0,0.040892193308550186,1.0,0.0,8.6,0.052873563218390804,0.06973180076628352,0.0,NE
31165,Nebraska,Sioux County,Sioux County,1135,1135.0,1135,0,16911.5,1135,438,11.0,515,29.0,1,1.0,1135.0,1.0,0.3859030837004405,1.0,0.0,14.9,0.021359223300970873,0.05631067961165048,1.0,NE
31167,Nebraska,Stanton County,Stanton County,5842,0.0,0,0,54757.899999999994,5842,31,112.0,2239,37.0,2,0.0,0.0,0.0,0.005306401917151661,0.0,0.0,9.373142759328996,0.05002233139794551,0.01652523447967843,0.0,NE
31169,Nebraska,Thayer County,Thayer County,5034,0.0,2657,0,45278.0,5034,700,151.0,2143,72.0,2,0.0,2657.0,0.0,0.1390544298768375,0.5278108859753675,0.0,8.994437822804926,0.07046196920205319,0.03359776014932338,0.5278108859753675,NE
31171,Nebraska,Thomas County,Thomas County,669,669.0,669,0,5954.1,669,260,13.0,305,14.0,1,1.0,669.0,1.0,0.38863976083707025,1.0,0.0,8.9,0.04262295081967213,0.04590163934426229,1.0,NE
31173,Nebraska,Thurston County,Thurston County,6773,0.0,2592,0,93768.3,6773,0,293.0,2068,108.0,2,0.0,0.0,0.0,0.0,0.38269599881883953,0.0,13.844426398936957,0.14168278529980657,0.05222437137330754,0.0,NE
31175,Nebraska,Valley County,Valley County,4059,0.0,0,0,37849.5,4059,750,176.0,1806,63.0,2,0.0,0.0,0.0,0.18477457501847747,0.0,0.0,9.324833702882483,0.09745293466223699,0.03488372093023256,0.0,NE
31177,Nebraska,Washington County,Washington County,20865,0.0,0,8456,132664.3,20865,1629,395.0,8115,257.0,5,0.0,0.0,0.0,0.07807332854061826,0.0,0.4052719865803978,6.358221902707884,0.04867529266789895,0.031669747381392485,0.0,NE
31179,Nebraska,Wayne County,Wayne County,9697,0.0,0,6215,134525.3,9697,1151,256.0,3524,207.0,2,0.0,0.0,0.0,0.11869650407342477,0.0,0.6409198721253996,13.872878209755592,0.07264472190692395,0.058740068104426786,0.0,NE
31181,Nebraska,Webster County,Webster County,3395,0.0,1694,0,32573.8,3395,535,142.0,1454,49.0,2,0.0,0.0,0.0,0.15758468335787923,0.49896907216494846,0.0,9.594639175257731,0.09766162310866575,0.03370013755158184,0.0,NE
31183,Nebraska,Wheeler County,Wheeler County,774,0.0,0,0,4024.8,774,653,10.0,343,13.0,1,0.0,0.0,0.0,0.8436692506459949,0.0,0.0,5.2,0.029154518950437316,0.037900874635568516,0.0,NE
31185,Nebraska,York County,York County,14125,4617.0,4617,8903,130538.8,14125,2287,420.0,5663,363.0,4,1.0,4617.0,0.32686725663716815,0.16191150442477875,0.32686725663716815,0.6303008849557522,9.241684955752213,0.07416563658838071,0.06410030019424333,0.32686725663716815,NE
32001,Nevada,Churchill County,Churchill County,25516,0.0,4441,9676,211981.6,25516,145,1012.0,10017,369.0,7,0.0,0.0,0.0,0.005682708888540524,0.1740476563724722,0.3792130427966766,8.307791189841668,0.10102825197164819,0.036837376460017966,0.0,NV
32003,Nevada,Clark County,Clark County,2265461,6539.0,788682,2200202,30322913.7,2265461,109060,117447.0,845888,65483.0,535,2.0,30955.0,0.0028863882450415167,0.04814031228081172,0.34813311727723406,0.9711939424249634,13.384875616927415,0.13884462245592796,0.07741332185821291,0.01366388562857626,NV
32005,Nevada,Douglas County,Douglas County,49488,0.0,1861,35371,449196.4,49488,11361,1200.0,21400,702.0,17,0.0,0.0,0.0,0.22957080504364694,0.03760507597801487,0.7147389266084707,9.07687520206919,0.056074766355140186,0.03280373831775701,0.0,NV
32007,Nevada,Elko County,Elko County,53702,2324.0,7282,14999,522961.9,53702,4670,1781.0,19631,1097.0,15,1.0,2324.0,0.043275855647834344,0.08696137946445198,0.1356001638672675,0.2793005847082045,9.738220178019441,0.0907238551270949,0.055881004533645764,0.043275855647834344,NV
32009,Nevada,Esmeralda County,Esmeralda County,729,0.0,0,0,9039.6,729,704,140.0,365,115.0,1,0.0,0.0,0.0,0.9657064471879286,0.0,0.0,12.4,0.3835616438356164,0.3150684931506849,0.0,NV
32011,Nevada,Eureka County,Eureka County,1855,1855.0,1855,0,46189.5,1855,826,16.0,802,66.0,1,1.0,1855.0,1.0,0.44528301886792454,1.0,0.0,24.9,0.0199501246882793,0.08229426433915212,1.0,NV
32013,Nevada,Humboldt County,Humboldt County,17285,2133.0,2133,8581,185976.3,17285,3208,778.0,6575,222.0,5,1.0,2133.0,0.12340179346253978,0.18559444605148973,0.12340179346253978,0.49644200173560893,10.759404107607752,0.11832699619771864,0.03376425855513308,0.12340179346253978,NV
32015,Nevada,Lander County,Lander County,5734,0.0,2460,0,65222.8,5734,774,244.0,2292,59.0,2,0.0,0.0,0.0,0.13498430415068016,0.4290198814091385,0.0,11.374747122427625,0.10645724258289703,0.02574171029668412,0.0,NV
32017,Nevada,Lincoln County,Lincoln County,4499,0.0,0,0,23402.1,4499,697,79.0,1719,32.0,2,0.0,0.0,0.0,0.15492331629250944,0.0,0.0,5.201622582796176,0.04595695171611402,0.01861547411285631,0.0,NV
32019,Nevada,Lyon County,Lyon County,59235,4645.0,29361,29477,700243.9,59235,10263,2603.0,22704,540.0,18,2.0,8233.0,0.07841647674516755,0.17325905292479107,0.49566978982020765,0.4976280914999578,11.821455220730988,0.11464940098661029,0.023784355179704016,0.1389887735291635,NV
32021,Nevada,Mineral County,Mineral County,4554,1317.0,4554,0,79752.0,4554,1136,255.0,2102,93.0,2,1.0,1317.0,0.28919631093544135,0.2494510320597277,1.0,0.0,17.512516469038207,0.12131303520456709,0.044243577545195055,0.28919631093544135,NV
32023,Nevada,Nye County,Nye County,51591,13896.0,29757,31680,716906.6,51591,14205,3307.0,21763,1251.0,15,4.0,20174.0,0.26934930511135663,0.2753387218700936,0.576786648834099,0.6140605919637147,13.895962474074935,0.15195515324174058,0.05748288379359463,0.3910371964102266,NV
32027,Nevada,Pershing County,Pershing County,6650,0.0,0,0,78470.0,6650,1182,161.0,1929,59.0,1,0.0,0.0,0.0,0.17774436090225565,0.0,0.0,11.8,0.08346293416277864,0.030585795749092794,0.0,NV
32029,Nevada,Storey County,Storey County,4104,0.0,0,0,29138.399999999998,4104,0,83.0,1807,31.0,1,0.0,0.0,0.0,0.0,0.0,0.0,7.1,0.045932484781405644,0.01715550636413946,0.0,NV
32031,Nevada,Washoe County,Washoe County,486492,16442.0,155122,449551,5325011.5,486492,83435,20928.0,191885,12773.0,139,3.0,35535.0,0.03379706141108178,0.17150333407332494,0.3188582751617704,0.9240665828009504,10.945732920582456,0.10906532558563722,0.06656591187429971,0.07304333884215979,NV
32033,Nevada,White Pine County,White Pine County,9080,0.0,0,0,73168.2,9080,1578,284.0,3351,63.0,3,0.0,0.0,0.0,0.1737885462555066,0.0,0.0,8.058171806167401,0.08475082065055208,0.018800358102059087,0.0,NV
32510,Nevada,Carson City,Carson City,58639,0.0,19867,49225,600794.9,58639,3326,2432.0,23419,1620.0,15,0.0,0.0,0.0,0.05671993042173298,0.3388018213134603,0.839458380941012,10.245653916335545,0.1038473034715402,0.06917460181903583,0.0,NV
33001,New Hampshire,Belknap County,Belknap County,63705,8286.0,16453,16871,541159.9,63705,2995,1812.0,27027,1050.0,18,2.0,8286.0,0.13006828349423122,0.047013578212071264,0.25826858174397616,0.26483007613217174,8.494779059728437,0.06704406704406704,0.03885003885003885,0.13006828349423122,NH
33003,New Hampshire,Carroll County,Carroll County,50107,2311.0,18524,2311,385366.5,50107,817,1091.0,22667,679.0,19,1.0,2311.0,0.04612130041710739,0.01630510707086834,0.36968886582712995,0.04612130041710739,7.690871534915281,0.04813164512286584,0.029955441831737768,0.04612130041710739,NH
33005,New Hampshire,Cheshire County,Cheshire County,76458,0.0,25509,23047,686221.0,76458,2830,1943.0,31372,1442.0,18,0.0,9579.0,0.0,0.03701378534620314,0.33363415208349684,0.3014334667399095,8.975136676345183,0.06193420884865485,0.04596455437970164,0.1252844699050459,NH
33007,New Hampshire,Coos County,Coos County,31268,3947.0,25858,0,419156.2,31268,2048,1770.0,13908,1261.0,11,2.0,3947.0,0.12623129077651274,0.06549827299475502,0.8269796597160036,0.0,13.405276960470768,0.1272648835202761,0.09066724187517976,0.12623129077651274,NH
33009,New Hampshire,Grafton County,Grafton County,91118,3338.0,28013,24596,962601.7,91118,7162,2364.0,37683,2348.0,28,1.0,3338.0,0.036633815491999386,0.07860137404245045,0.3074365108979565,0.2699356877894598,10.564341842446058,0.06273385876920627,0.06230926412440623,0.036633815491999386,NH
33011,New Hampshire,Hillsborough County,Hillsborough County,422937,3057.0,116737,303418,2868305.8,422937,62451,11060.0,167875,8825.0,103,1.0,13067.0,0.00722802686925003,0.14766028983040028,0.276015103904364,0.7174070842702341,6.781874841879523,0.06588235294117648,0.05256887565152643,0.030895854465322257,NH
33013,New Hampshire,Merrimack County,Merrimack County,153808,9604.0,29363,55771,1167225.1,153808,12376,4269.0,60420,2571.0,39,2.0,13298.0,0.06244148548840112,0.08046395506085509,0.1909068448975346,0.3626014251534381,7.588845183605534,0.07065541211519365,0.042552135054617676,0.08645844169354,NH
33015,New Hampshire,Rockingham County,Rockingham County,314176,17949.0,49147,215169,1509555.9,314170,82689,4216.0,125787,3935.0,72,5.0,27389.0,0.05713039824811571,0.2631932420044816,0.15643142697086984,0.6848677174577307,4.804901486456377,0.033516977112102206,0.031283041967770917,0.08717725096761052,NH
33017,New Hampshire,Strafford County,Strafford County,130889,19251.0,62751,81566,1322067.2,130889,13624,3816.0,51454,2537.0,30,4.0,31106.0,0.147078822513733,0.10408819686910283,0.47942149454881616,0.6231692502807723,10.100674617423923,0.0741633303533253,0.049306176390562444,0.2376517507200758,NH
33019,New Hampshire,Sullivan County,Sullivan County,43063,9143.0,20861,9143,432934.4,43063,3611,1371.0,18164,879.0,11,2.0,12249.0,0.21231683812089264,0.08385388848895804,0.4844297889139168,0.21231683812089264,10.053512295938509,0.0754789693900022,0.048392424576084565,0.2844437219887142,NH
34001,New Jersey,Atlantic County,Atlantic County,274534,33638.0,136557,209115,3650098.9,274534,35241,13416.0,106716,12057.0,73,7.0,46050.0,0.12252762863616164,0.12836661397131138,0.4974137993836829,0.7617089322269737,13.295616936335755,0.12571685595412121,0.11298212076914427,0.1677387864526798,NJ
34003,New Jersey,Bergen County,Bergen County,955732,0.0,162593,951463,6484755.3,955732,61917,18954.0,350664,26572.0,203,0.0,6326.0,0.0,0.06478489785839545,0.17012405151234866,0.9955332666479725,6.785118945478439,0.05405174183834097,0.07577624164442315,0.00661901035018185,NJ
34005,New Jersey,Burlington County,Burlington County,461860,17793.0,71823,385211,3065083.2,461860,62491,8705.0,174560,7699.0,117,5.0,29630.0,0.03852466115273027,0.13530290564240247,0.15550816264668949,0.8340427835274759,6.636390248127139,0.04986824014665445,0.04410517873510541,0.06415363963105702,NJ
34007,New Jersey,Camden County,Camden County,523485,10406.0,207739,517321,6492212.9,523485,17058,26941.0,199373,21376.0,129,2.0,19773.0,0.01987831552002445,0.032585460901458495,0.39683849584992886,0.9882250685310945,12.401908173109067,0.13512862824956237,0.10721612254417599,0.03777185592710393,NJ
34009,New Jersey,Cape May County,Cape May County,95263,11214.0,43999,72723,832481.3,95263,17370,3380.0,41012,2544.0,32,2.0,18855.0,0.1177162172091998,0.18233731879113613,0.46186872132937234,0.763391873025204,8.738768462047176,0.08241490295523261,0.062030625182873306,0.1979257424183576,NJ
34011,New Jersey,Cumberland County,Cumberland County,154152,9515.0,104455,106463,2256007.0,146151,8458,9464.0,52649,5451.0,41,2.0,35870.0,0.061724791115262856,0.05486792256993098,0.6776104105039182,0.6906365146089574,15.43613796689725,0.17975650059830195,0.10353473000436855,0.23269240749390213,NJ
34013,New Jersey,Essex County,Essex County,863728,0.0,473044,863728,13144314.3,863728,37767,47471.0,312913,67128.0,211,0.0,11261.0,0.0,0.043725571013096716,0.5476770464775949,1.0,15.218117624993054,0.15170670441943926,0.21452608232959322,0.013037669266250487,NJ
34015,New Jersey,Gloucester County,Gloucester County,302294,0.0,64249,253388,2393797.7,302294,22773,7447.0,110471,5817.0,69,0.0,14147.0,0.0,0.07533394642301865,0.21253812513645656,0.8382170999093598,7.918773445718407,0.0674113568266785,0.052656353251079466,0.046798811752796945,NJ
34017,New Jersey,Hudson County,Hudson County,724854,6009.0,428904,724854,10784386.9,724849,5989,44096.0,289408,100117.0,183,1.0,6009.0,0.008289945285533363,0.008262353522226545,0.5917108824673658,1.0,14.878115166055276,0.15236620964175143,0.34593722357364,0.008289945285533363,NJ
34019,New Jersey,Hunterdon County,Hunterdon County,128947,0.0,0,36144,513796.2,128947,16537,1825.0,48978,1692.0,30,0.0,0.0,0.0,0.12824648886751921,0.0,0.2803012090238625,3.984553343621798,0.03726162766956593,0.03454612274898934,0.0,NJ
34021,New Jersey,Mercer County,Mercer County,387340,15615.0,147609,369073,3935395.7,385861,50795,13377.0,139361,16114.0,84,3.0,21045.0,0.04031341973460009,0.131138018278515,0.38108380234419376,0.9528398822739712,10.198998343963241,0.09598811719204081,0.11562775812458292,0.05433211132338514,NJ
34023,New Jersey,Middlesex County,Middlesex County,863162,11368.0,209088,837822,7525595.5,863162,80244,24330.0,300547,24726.0,192,3.0,42581.0,0.013170181263772038,0.09296516760469066,0.24223494546794228,0.9706428225524293,8.718636246730046,0.0809523967965077,0.08226999437691941,0.04933141171645647,NJ
34025,New Jersey,Monmouth County,Monmouth County,643615,4136.0,73524,594673,4159138.2,643615,102853,13702.0,244630,16104.0,154,1.0,9891.0,0.006426201999642643,0.15980516302447892,0.114235995121307,0.9239576454868206,6.46215237370167,0.056011118832522584,0.06583002902342312,0.015367882973516777,NJ
34027,New Jersey,Morris County,Morris County,509285,0.0,39489,454754,2501718.8,509285,104511,7093.0,188496,9840.0,110,0.0,5282.0,0.0,0.2052112275052279,0.07753811716425969,0.8929263575404734,4.9122177169953956,0.03762944571768101,0.05220269926152279,0.010371403045446067,NJ
34029,New Jersey,Ocean County,Ocean County,637229,50261.0,231475,608411,6698822.8,637221,109908,15692.0,238812,14730.0,144,12.0,143585.0,0.078874313629794,0.17247802595299336,0.3632524571229495,0.9547760695134716,10.512558123476785,0.06570859085808084,0.06168031757198131,0.22532715868235753,NJ
34031,New Jersey,Passaic County,Passaic County,524118,0.0,281347,502321,6836598.4,524118,18998,34016.0,177075,24809.0,120,0.0,3612.0,0.0,0.03624756257178727,0.5368008730858318,0.958412036984038,13.044006120759066,0.19209939291260766,0.14010447550472963,0.0068915778507893264,NJ
34033,New Jersey,Salem County,Salem County,64837,5765.0,30804,30613,824228.3,64837,3486,3099.0,25225,2396.0,24,1.0,10470.0,0.08891527985563799,0.053765596804293846,0.4750990946527446,0.47215324583185525,12.712313956537162,0.12285431119920713,0.09498513379583746,0.1614818699199531,NJ
34035,New Jersey,Somerset County,Somerset County,345361,0.0,28692,325203,1852312.8,345361,97027,4857.0,125598,5274.0,74,0.0,0.0,0.0,0.2809437081778197,0.08307828619907864,0.9416320893210293,5.363410460358871,0.038670997945827165,0.0419911145081928,0.0,NJ
34037,New Jersey,Sussex County,Sussex County,144221,3084.0,12363,74765,806446.7999999999,144221,30989,1808.0,55915,1928.0,42,1.0,6366.0,0.021383848399331582,0.2148716206377712,0.08572260627786522,0.5184057800181666,5.591743227407936,0.03233479388357328,0.03448090852186354,0.044140589789281724,NJ
34039,New Jersey,Union County,Union County,575345,0.0,226216,575345,5291898.0,575345,30638,17870.0,200372,20643.0,120,0.0,1423.0,0.0,0.05325152734446289,0.3931832205024811,1.0,9.19778220024507,0.08918411754137305,0.1030233765196734,0.0024732986295179413,NJ
34041,New Jersey,Warren County,Warren County,109632,0.0,15370,61200,919922.2,109632,12625,3363.0,43327,2542.0,23,0.0,3012.0,0.0,0.11515798307063631,0.14019629305312317,0.558231173380035,8.391000802685348,0.07761903662843031,0.058670113324255084,0.027473730297723292,NJ
35001,New Mexico,Bernalillo County,Bernalillo County,676444,13092.0,239217,645456,10370458.9,675128,41178,48464.0,279298,18362.0,176,2.0,37677.0,0.019354152006670174,0.06087421870842228,0.35363902998622204,0.9541898516359077,15.360729965280658,0.17352075560870467,0.06574339952309004,0.055698623980699066,NM
35003,New Mexico,Catron County,Catron County,3579,1612.0,1612,0,81780.9,3579,1964,166.0,1835,105.0,2,1.0,1612.0,0.45040514110086616,0.5487566359318246,0.45040514110086616,0.0,22.850209555741827,0.09046321525885559,0.05722070844686648,0.45040514110086616,NM
35005,New Mexico,Chaves County,Chaves County,65157,14421.0,40554,53868,1594584.8,65157,8309,5927.0,23521,1302.0,17,3.0,14421.0,0.2213269487545467,0.12752275273569993,0.6224043464247894,0.8267415626870482,24.472962229691362,0.25198758556183837,0.05535478933718804,0.2213269487545467,NM
35006,New Mexico,Cibola County,Cibola County,27172,12897.0,25413,11166,786020.6,27172,5704,2009.0,9080,775.0,9,3.0,19092.0,0.4746430148682467,0.20992197850728692,0.9352642426026793,0.41093773001619316,28.927594582658617,0.2212555066079295,0.08535242290748898,0.7026350655086118,NM
35007,New Mexico,Colfax County,Colfax County,12387,0.0,7131,0,228523.3,12387,666,1255.0,5519,352.0,3,0.0,0.0,0.0,0.05376604504722693,0.5756841850326956,0.0,18.448639702914345,0.22739626743975358,0.06377967023011415,0.0,NM
35009,New Mexico,Curry County,Curry County,48430,0.0,24260,36204,999367.7,48430,2055,4738.0,18563,1141.0,14,0.0,4214.0,0.0,0.04243237662605823,0.5009291761304976,0.7475531695230229,20.635302498451374,0.25523891612347144,0.06146635780854388,0.08701218253148875,NM
35011,New Mexico,De Baca County,De Baca County,1698,0.0,0,0,26319.0,1698,380,153.0,770,46.0,1,0.0,0.0,0.0,0.22379269729093051,0.0,0.0,15.5,0.1987012987012987,0.05974025974025974,0.0,NM
35013,New Mexico,Doña Ana County,Doña Ana County,219561,3912.0,120040,154285,4780694.1,219561,18918,20500.0,82366,5164.0,61,1.0,45074.0,0.017817371937639197,0.0861628431278779,0.5467273331784789,0.7026976557767545,21.773876508123024,0.2488891047276789,0.06269577252749921,0.20529146797473138,NM
35015,New Mexico,Eddy County,Eddy County,62314,3338.0,8843,44430,870223.2,62314,5536,3345.0,22751,1120.0,13,1.0,3338.0,0.05356741663189652,0.08884038899765703,0.14191032512757967,0.7130018936354591,13.965131431139069,0.14702650432948003,0.049228605336029185,0.05356741663189652,NM
35017,New Mexico,Grant County,Grant County,28185,8356.0,17373,10384,550630.6,28185,6304,2162.0,12269,360.0,10,2.0,8356.0,0.29646975341493703,0.22366507007273373,0.6163916977115487,0.36842291999290405,19.53629945006209,0.1762164805607629,0.02934224468171815,0.29646975341493703,NM
35019,New Mexico,Guadalupe County,Guadalupe County,4452,4452.0,4452,0,113526.0,4452,556,606.0,1659,71.0,1,1.0,4452.0,1.0,0.12488769092542677,1.0,0.0,25.5,0.36528028933092227,0.04279686558167571,1.0,NM
35021,New Mexico,Harding County,Harding County,657,0.0,0,0,12745.8,657,342,25.0,331,22.0,1,0.0,0.0,0.0,0.5205479452054794,0.0,0.0,19.4,0.0755287009063444,0.06646525679758308,0.0,NM
35023,New Mexico,Hidalgo County,Hidalgo County,4178,1912.0,4178,0,96653.4,4178,1074,314.0,1714,147.0,2,1.0,1912.0,0.45763523216850166,0.25706079463858306,1.0,0.0,23.133891814265198,0.18319719953325556,0.08576429404900816,0.45763523216850166,NM
35025,New Mexico,Lea County,Lea County,74455,0.0,41267,54235,1384457.0,74455,3315,4886.0,25049,1051.0,18,0.0,24462.0,0.0,0.04452353770734,0.5542542475320663,0.7284265663823786,18.59454704183735,0.1950576869336101,0.04195776278494152,0.32854744476529446,NM
35027,New Mexico,Lincoln County,Lincoln County,20269,0.0,10228,4080,386872.4,20269,2043,1466.0,9148,388.0,9,0.0,4204.0,0.0,0.10079431644383048,0.5046129557452267,0.20129261433716514,19.08690117914056,0.16025360734586794,0.04241364232619152,0.2074103310474123,NM
35028,New Mexico,Los Alamos County,Los Alamos County,19419,0.0,0,15163,67009.3,19419,2713,350.0,8147,181.0,4,0.0,0.0,0.0,0.1397085328801689,0.0,0.7808332045934394,3.450708069416551,0.04296059899349454,0.022216766908064317,0.0,NM
35029,New Mexico,Luna County,Luna County,25427,14327.0,25427,15390,729998.0,25427,4945,2776.0,9822,482.0,7,3.0,14327.0,0.563456168639635,0.1944783104573878,1.0,0.6052621229401817,28.709560703189524,0.2826308287517817,0.04907350845041743,0.563456168639635,NM
35031,New Mexico,McKinley County,McKinley County,72902,3827.0,64846,17833,2410153.9,72895,3622,8047.0,22659,2280.0,33,2.0,13385.0,0.052495130449096046,0.049683136265123044,0.8894954870922609,0.24461605991605168,33.06336374236916,0.35513482501434307,0.10062226929696809,0.1836026446462374,NM
35033,New Mexico,Mora County,Mora County,4189,2133.0,2133,0,88983.9,4189,1692,400.0,1895,49.0,2,1.0,2133.0,0.5091907376462163,0.4039150155168298,0.5091907376462163,0.0,21.242277393172593,0.21108179419525067,0.025857519788918207,0.5091907376462163,NM
35035,New Mexico,Otero County,Otero County,67839,10692.0,32282,31542,1292367.3,67839,6803,5283.0,25932,1232.0,21,2.0,10692.0,0.15760845531331535,0.10028154896151181,0.47586196730494257,0.4649537876442754,19.050506345907223,0.20372512725590006,0.04750886935060929,0.15760845531331535,NM
35037,New Mexico,Quay County,Quay County,8746,5727.0,8746,5965,231227.7,8746,1317,1340.0,3922,512.0,3,2.0,5727.0,0.6548136290875829,0.1505831237136977,1.0,0.6820260690601417,26.438108849759892,0.34166241713411527,0.13054563997960225,0.6548136290875829,NM
35039,New Mexico,Rio Arriba County,Rio Arriba County,40363,6598.0,18987,6734,739737.3,40363,4525,2948.0,16122,587.0,11,2.0,11952.0,0.1634665411391621,0.11210762331838565,0.4704060649604836,0.16683596363005723,18.32711394098556,0.18285572509614192,0.03640987470537154,0.2961127765527835,NM
35041,New Mexico,Roosevelt County,Roosevelt County,19191,7484.0,15727,12554,433499.9,19191,2362,1579.0,7159,549.0,5,2.0,11027.0,0.3899744671981658,0.12307852639257985,0.8194987233599083,0.6541608045437965,22.588708248658225,0.22056153094007544,0.07668668808492807,0.5745922567870356,NM
35043,New Mexico,Sandoval County,Sandoval County,148834,12836.0,29597,114626,1454922.2,148834,44499,7867.0,54856,1804.0,35,3.0,22176.0,0.08624373463052797,0.29898410309472295,0.1988591316500262,0.7701600440759504,9.7754693148071,0.1434118419133732,0.03288610179378737,0.14899821277396294,NM
35045,New Mexico,San Juan County,San Juan County,121661,20007.0,72705,66363,2808043.7,121661,11055,9643.0,42536,2778.0,36,6.0,36268.0,0.16444875514750001,0.09086724587172554,0.597603176038336,0.545474720740418,23.08088623305743,0.22670208764340793,0.06530938499153659,0.2981070351221838,NM
35047,New Mexico,San Miguel County,San Miguel County,27201,2350.0,22562,11016,675233.2,27201,2105,3486.0,11351,1039.0,10,1.0,13218.0,0.0863938825778464,0.07738686077717731,0.8294547994559024,0.4049851108415132,24.823837358920628,0.3071095057704167,0.09153378556955334,0.4859380169846697,NM
35049,New Mexico,Santa Fe County,Santa Fe County,154823,10859.0,49924,98687,1813565.7,153857,18734,7774.0,68020,2938.0,57,3.0,13830.0,0.0701381577672568,0.1210026933982677,0.32245854944032865,0.6374182130561996,11.787346042104032,0.11428991473096148,0.04319317847691855,0.08932781305103248,NM
35051,New Mexico,Sierra County,Sierra County,11576,3294.0,6510,5651,246071.1,11576,2156,863.0,5741,397.0,4,1.0,3294.0,0.28455425017277125,0.18624740843123705,0.5623704215618521,0.4881651693158258,21.25700587422253,0.15032224351158335,0.06915171572896708,0.28455425017277125,NM
35053,New Mexico,Socorro County,Socorro County,16595,6351.0,11876,9708,499942.19999999995,16595,4928,1307.0,6471,354.0,6,2.0,10261.0,0.38270563422717685,0.2969569147333534,0.71563724013257,0.5849954805664357,30.126074118710452,0.2019780559418946,0.054705609643022714,0.6183187707140705,NM
35055,New Mexico,Taos County,Taos County,34489,3761.0,10339,6626,532660.5,34489,1725,2689.0,15747,474.0,10,1.0,6827.0,0.10904926208356287,0.05001594711357244,0.2997767404099858,0.19211922642001797,15.444359071008147,0.1707626849558646,0.030100971613640694,0.1979471715619473,NM
35057,New Mexico,Torrance County,Torrance County,15045,0.0,3004,0,271946.4,14784,863,1641.0,5953,263.0,5,0.0,0.0,0.0,0.057361249584579596,0.19966766367563973,0.0,18.39464285714286,0.2756593314295313,0.04417940534184445,0.0,NM
35059,New Mexico,Union County,Union County,4079,4079.0,4079,0,67711.40000000001,4079,1660,290.0,1552,68.0,1,1.0,4079.0,1.0,0.40696249080657027,1.0,0.0,16.6,0.18685567010309279,0.04381443298969072,1.0,NM
35061,New Mexico,Valencia County,Valencia County,76205,21005.0,50059,46710,1388686.0,75434,12347,6612.0,27756,817.0,25,5.0,32965.0,0.27563808149071584,0.16202348927235746,0.6568991535988452,0.6129519060429106,18.409284937826445,0.2382187635105923,0.02943507710044675,0.43258316383439405,NM
36001,New York,Albany County,Albany County,314848,0.0,87769,277994,4076715.0,314848,26921,14841.0,132812,17005.0,85,0.0,16500.0,0.0,0.0855047514991361,0.2787662618152251,0.8829466917369652,12.948200401463563,0.11174442068487787,0.12803812908472126,0.05240624047159264,NY
36003,New York,Allegany County,Allegany County,46456,0.0,34202,0,769130.4,46449,0,2813.0,17668,1362.0,16,0.0,0.0,0.0,0.0,0.7362235233339074,0.0,16.558599754569528,0.15921439891328956,0.07708852162100974,0.0,NY
36005,New York,Bronx County,Bronx County,1472654,0.0,1267337,1472654,40732509.9,1468643,3733,206275.0,522450,326220.0,361,0.0,33839.0,0.0,0.0025348792044838776,0.8605802856611261,1.0,27.734793207062573,0.39482247104986123,0.6244042492104508,0.022978242003892292,NY
36007,New York,Broome County,Broome County,198683,10881.0,106018,144689,3772384.2,198683,14263,12589.0,82088,11088.0,57,1.0,18521.0,0.05476563168464338,0.07178772215036013,0.5336037808972082,0.7282404634518304,18.986950066185834,0.153359808985479,0.13507455413702368,0.09321884610157889,NY
36009,New York,Cattaraugus County,Cattaraugus County,77042,0.0,60808,13937,1464704.5,77029,11,5729.0,31863,3403.0,24,0.0,0.0,0.0,0.0001427792632590016,0.7892837672957608,0.180901326549155,19.014974879590802,0.1798010231302765,0.10680099174591219,0.0,NY
36011,New York,Cayuga County,Cayuga County,76248,0.0,35514,26866,1061099.2,76248,176,4663.0,31328,2854.0,24,0.0,4799.0,0.0,0.002308257265764348,0.4657695939565628,0.3523502255796873,13.916420102822368,0.1488444841675179,0.0911006128702758,0.06293935578638128,NY
36013,New York,Chautauqua County,Chautauqua County,127657,8465.0,98289,67908,2358238.9,127657,5068,10617.0,53223,5913.0,36,2.0,12193.0,0.0663105039284959,0.03970013395270138,0.7699460272448828,0.5319567277940105,18.47324392708586,0.19948142720252524,0.11109858519812862,0.09551375952748381,NY
36015,New York,Chemung County,Chemung County,84148,0.0,56492,54449,1392733.2,82677,1073,5824.0,35242,3444.0,25,0.0,3009.0,0.0,0.012751342872082521,0.671340970670723,0.647062318771688,16.845473348089552,0.16525736337324784,0.09772430622552636,0.03575842563103104,NY
36017,New York,Chenango County,Chenango County,47220,0.0,29552,7051,562721.7,47220,0,2874.0,19897,1549.0,16,0.0,0.0,0.0,0.0,0.6258365099534096,0.14932232105040238,11.917020330368487,0.1444438860129668,0.07785093230135197,0.0,NY
36019,New York,Clinton County,Clinton County,79843,0.0,26272,26146,1062291.0,77611,2926,5663.0,32583,3485.0,22,0.0,2841.0,0.0,0.036646919579675113,0.3290457522888669,0.3274676552734742,13.68737678937264,0.17380228953748889,0.10695761593468987,0.035582330323259394,NY
36021,New York,Columbia County,Columbia County,61570,0.0,15798,10367,752098.6,61570,817,2592.0,26590,1623.0,21,0.0,0.0,0.0,0.013269449407178821,0.2565859996751665,0.16837745655351632,12.215341887282767,0.09748025573523882,0.06103798420458819,0.0,NY
36023,New York,Cortland County,Cortland County,46809,0.0,24223,26192,623644.7,46809,1030,2947.0,18378,2223.0,13,0.0,0.0,0.0,0.02200431540942981,0.5174859535559401,0.5595505137900831,13.323179303125466,0.16035477201001197,0.12095984329089128,0.0,NY
36025,New York,Delaware County,Delaware County,44308,0.0,32939,3707,619097.4,43041,0,2390.0,19193,1644.0,18,0.0,0.0,0.0,0.0,0.7434097679877223,0.0836643495531281,14.383899072976929,0.12452456624811128,0.08565622883342885,0.0,NY
36027,New York,Dutchess County,Dutchess County,295911,0.0,46324,189592,2543297.8,295144,43023,9145.0,111927,8348.0,82,0.0,10357.0,0.0,0.14539168871721564,0.15654706989601602,0.6407061582705611,8.617142140785514,0.0817050398920725,0.07458432728474809,0.03500038863036521,NY
36029,New York,Erie County,Erie County,954236,6916.0,360937,826913,13114320.6,944995,53798,63474.0,404064,47159.0,260,2.0,24723.0,0.007247682963124427,0.0563780867626038,0.3782471002980395,0.8665707435057994,13.877661363287636,0.15708897600380137,0.11671170903619228,0.025908685063233832,NY
36031,New York,Essex County,Essex County,37381,0.0,14814,3593,415641.7,37381,545,1711.0,16088,1203.0,18,0.0,0.0,0.0,0.014579599261656992,0.39629758433428747,0.09611834889382306,11.119063160429095,0.10635256091496768,0.07477623073097961,0.0,NY
36033,New York,Franklin County,Franklin County,47555,0.0,29159,9800,839564.3,47555,3374,3410.0,18974,2066.0,15,0.0,5492.0,0.0,0.07094942697928715,0.6131637051834717,0.20607717379875934,17.654595731258542,0.17971961631706546,0.1088858437862338,0.11548733045946799,NY
36035,New York,Fulton County,Fulton County,53324,0.0,38158,27334,697181.3,53324,2571,3521.0,22390,2331.0,17,0.0,0.0,0.0,0.04821468757032481,0.7155877278523741,0.5126022053859426,13.074437401545271,0.1572577043322912,0.1041089772219741,0.0,NY
36037,New York,Genesee County,Genesee County,58388,0.0,15059,23678,623844.4,58388,1748,3374.0,24213,2182.0,18,0.0,0.0,0.0,0.02993765842296362,0.257912584777694,0.40552853326025895,10.684462560800165,0.13934663197455913,0.09011687936232603,0.0,NY
36039,New York,Greene County,Greene County,47931,0.0,4973,9354,450024.5,45771,2815,1477.0,20073,1354.0,18,0.0,0.0,0.0,0.05873025807932236,0.10375331205274248,0.19515553608311947,9.83208800332088,0.07358142778857171,0.06745379365316595,0.0,NY
36041,New York,Hamilton County,Hamilton County,5107,0.0,1317,0,54683.5,5107,273,119.0,2478,84.0,4,0.0,0.0,0.0,0.05345604072841199,0.2578813393381633,0.0,10.707558253377718,0.0480225988700565,0.03389830508474576,0.0,NY
36043,New York,Herkimer County,Herkimer County,60139,5799.0,17553,26560,800107.0,60139,1573,3806.0,25318,2477.0,20,1.0,5799.0,0.09642661168293454,0.026156071767072946,0.29187382563727365,0.4416435258318229,13.304295049801294,0.15032783000236985,0.09783553203254601,0.09642661168293454,NY
36045,New York,Jefferson County,Jefferson County,116721,16635.0,65226,45663,1583976.1,116523,12221,7529.0,45480,4623.0,36,3.0,16635.0,0.14251934099262342,0.10470266704363397,0.5588197496594444,0.39121494846685684,13.593677643040431,0.1655452946350044,0.1016490765171504,0.14251934099262342,NY
36047,New York,Kings County,Kings County,2736074,0.0,1772323,2736074,52398187.9,2733351,21,231177.0,1009804,569113.0,804,0.0,9813.0,0.0,7.675231006178926e-06,0.647761354407812,1.0,19.16994484060042,0.22893254532562754,0.563587587294168,0.003586525803030181,NY
36049,New York,Lewis County,Lewis County,26582,0.0,22076,0,327030.9,26582,446,1394.0,10754,595.0,9,0.0,4952.0,0.0,0.016778271010458205,0.8304867955759536,0.0,12.302719885636899,0.12962618560535616,0.05532824995350567,0.18629147543450456,NY
36051,New York,Livingston County,Livingston County,61834,0.0,21333,10778,684830.2,59025,9,2552.0,24276,1413.0,18,0.0,0.0,0.0,0.00014555099136397451,0.3450043665297409,0.17430539832454636,11.602375264718338,0.10512440270225737,0.058205635195254575,0.0,NY
36053,New York,Madison County,Madison County,68016,0.0,16997,20411,688213.9,68016,2855,3056.0,26626,1577.0,19,0.0,0.0,0.0,0.041975417548812045,0.24989708303928487,0.3000911550223477,10.118411844271936,0.11477503192368362,0.05922782242920454,0.0,NY
36055,New York,Monroe County,Monroe County,759443,11455.0,274371,682337,10607698.8,758790,108103,47855.0,316961,34301.0,210,2.0,48138.0,0.015083422982369974,0.14234511345815287,0.36127925334751915,0.8984703262786016,13.979755663622347,0.1509807200254921,0.10821836124949126,0.06338592889788963,NY
36057,New York,Montgomery County,Montgomery County,49532,0.0,17595,23776,727071.9,49532,1971,3014.0,19968,2230.0,16,0.0,0.0,0.0,0.03979245740127594,0.3552249051118469,0.48001292093999837,14.678831866268272,0.15094150641025642,0.1116786858974359,0.0,NY
36059,New York,Nassau County,Nassau County,1395774,883.0,43521,1391276,7622003.0,1394835,47312,22835.0,455482,31006.0,281,1.0,883.0,0.000632623906162459,0.033896605037778325,0.031180549286632362,0.9967774152549052,5.464447766223245,0.05013370451521685,0.06807294250925393,0.000632623906162459,NY
36061,New York,New York County,New York County,1694251,0.0,628452,1694251,27357196.1,1693541,0,112139.0,817782,607348.0,310,0.0,1302.0,0.0,0.0,0.3709320519804917,1.0,16.153843396764533,0.1371257865788193,0.7426771437864859,0.0007684811754574735,NY
36063,New York,Niagara County,Niagara County,212666,0.0,88689,141257,2901211.1,212666,8242,13529.0,91392,9118.0,65,0.0,12818.0,0.0,0.03875560738434917,0.41703422267781404,0.6642199505327603,13.64210122915746,0.14803265056022408,0.09976803221288516,0.060272916216038294,NY
36065,New York,Oneida County,Oneida County,232125,0.0,98039,141829,3624349.7,231329,10564,15855.0,93846,11412.0,75,0.0,7023.0,0.0,0.04550996230479268,0.4223543349488422,0.6110026925148089,15.667511206982264,0.16894699827376766,0.12160347803848859,0.03025525040387722,NY
36067,New York,Onondaga County,Onondaga County,476516,1188.0,176866,395634,7043757.3,476516,34761,28395.0,195566,23723.0,142,1.0,10222.0,0.002493095719765968,0.07294823258820271,0.37116487169371015,0.8302638316446876,14.781785501431221,0.14519394986858655,0.1213043167012671,0.021451535730174852,NY
36069,New York,Ontario County,Ontario County,112458,4335.0,18894,59543,1015264.6,112458,13153,4174.0,46693,2971.0,40,2.0,8692.0,0.03854772448380729,0.11695922033114585,0.168009390172331,0.5294687794554411,9.027944654893382,0.08939241428051314,0.06362838112779218,0.07729107755784381,NY
36071,New York,Orange County,Orange County,401310,3927.0,101875,273187,4899180.2,401310,33579,14898.0,135746,13012.0,92,1.0,17965.0,0.0097854526425955,0.0836734693877551,0.25385612120306,0.6807380827788991,12.2079694002143,0.10974909021260294,0.0958554948212102,0.044765891704667216,NY
36073,New York,Orleans County,Orleans County,40343,0.0,16863,13429,490385.8,38871,355,2498.0,15969,1277.0,13,0.0,3192.0,0.0,0.008799543910963489,0.41799072949458393,0.332870634310785,12.615723804378586,0.15642807940384496,0.0799674369090112,0.07912153285576184,NY
36075,New York,Oswego County,Oswego County,117525,0.0,65020,34554,1915472.3,117525,1360,7542.0,46419,3962.0,44,0.0,4525.0,0.0,0.011572005956179536,0.5532439906402893,0.29401403956604977,16.29842416507126,0.16247657209332386,0.08535298046058726,0.03850244628802382,NY
36077,New York,Otsego County,Otsego County,58524,5065.0,27280,18144,718650.3,58524,1584,2285.0,23414,1683.0,22,1.0,5065.0,0.08654569065682455,0.02706581915111749,0.46613355204702345,0.31002665573098215,12.279582735288088,0.09759118476125395,0.07188007175194328,0.08654569065682455,NY
36079,New York,Putnam County,Putnam County,97668,0.0,3627,53486,708752.7,97668,22583,1152.0,35329,1641.0,24,0.0,0.0,0.0,0.23122209935700536,0.03713601179506082,0.5476307490682721,7.256754515296719,0.0326077726513629,0.04644909281326955,0.0,NY
36081,New York,Queens County,Queens County,2405464,0.0,1293094,2405452,31525704.7,2405284,4867,133891.0,847210,314790.0,724,0.0,5176.0,0.0,0.0020233102636331287,0.5375653096450415,0.9999950113574761,13.106853369498154,0.15803755857461552,0.37156077005701066,0.0021517678086223698,NY
36083,New York,Rensselaer County,Rensselaer County,161130,0.0,50203,95688,1995805.4,161130,8339,7264.0,66904,6513.0,48,0.0,0.0,0.0,0.05175324272326693,0.31156829888909576,0.5938558927574008,12.386305467634829,0.10857347841683607,0.09734843955518355,0.0,NY
36085,New York,Richmond County,Richmond County,495747,0.0,129504,495747,5799741.6,495722,1472,22803.0,173202,27235.0,125,0.0,4612.0,0.0,0.002969256495752874,0.2612300225719974,1.0,11.699584847959137,0.13165552360827243,0.1572441426773363,0.009303132444573543,NY
36087,New York,Rockland County,Rockland County,338329,0.0,102780,338329,5423399.6,338329,42848,12398.0,102948,10131.0,80,0.0,11489.0,0.0,0.12664595704181433,0.3037871421013274,1.0,16.029957822119886,0.12042973151493958,0.09840890546683763,0.033958070398931214,NY
36089,New York,St. Lawrence County,St. Lawrence County,108505,10064.0,71721,31078,1725141.2,105430,4937,6467.0,41235,4214.0,30,2.0,16653.0,0.09275148610663103,0.04550020736371596,0.6609925809870513,0.2864199806460532,16.362906193683013,0.15683278768036862,0.10219473748029587,0.15347679830422561,NY
36091,New York,Saratoga County,Saratoga County,235509,0.0,23462,152331,1645085.9,235509,40123,6660.0,98756,4780.0,65,0.0,998.0,0.0,0.17036716218913078,0.09962251973385305,0.6468160452466785,6.98523580839798,0.06743894041880999,0.04840212240268946,0.004237629984416731,NY
36093,New York,Schenectady County,Schenectady County,158061,0.0,66877,143640,2112841.6999999997,158061,10971,9338.0,64957,8292.0,45,0.0,0.0,0.0,0.06940991136333441,0.42310879976717847,0.9087630724846736,13.367255047102066,0.1437566390073433,0.1276536785873732,0.0,NY
36095,New York,Schoharie County,Schoharie County,29714,4996.0,21050,6086,335490.7,28624,1006,1764.0,12610,844.0,8,1.0,4996.0,0.1681362320791546,0.03385609477014202,0.7084202732718584,0.20481927710843373,11.72060858021241,0.13988897700237907,0.0669310071371927,0.1681362320791546,NY
36097,New York,Schuyler County,Schuyler County,17898,0.0,8239,0,264630.5,17898,0,1111.0,7699,501.0,5,0.0,0.0,0.0,0.0,0.4603307632137669,0.0,14.78547882444966,0.14430445512404208,0.06507338615404598,0.0,NY
36099,New York,Seneca County,Seneca County,33814,6351.0,8752,9245,445133.3,32823,1360,1637.0,13414,1201.0,11,2.0,6351.0,0.18782161234991424,0.04022002720766547,0.2588277045010942,0.273407464363873,13.561627517289706,0.12203667809751007,0.0895333233934695,0.18782161234991424,NY
36101,New York,Steuben County,Steuben County,93584,0.0,44163,34522,1287795.1,93584,3936,4761.0,39737,3947.0,31,0.0,0.0,0.0,0.04205847153359549,0.4719075910412036,0.3688878440759104,13.760846939647804,0.11981276895588494,0.09932808214007097,0.0,NY
36103,New York,Suffolk County,Suffolk County,1525920,15926.0,76142,1478609,8998716.7,1439006,241393,33009.0,516872,23672.0,384,5.0,33186.0,0.010436982279542832,0.15819505609730522,0.04989907727797001,0.9689950980392157,6.253425420046893,0.06386300670185269,0.04579857295423238,0.02174819125511167,NY
36105,New York,Sullivan County,Sullivan County,78624,8743.0,42945,12544,1250890.7,78624,1944,5383.0,30183,2692.0,31,3.0,8743.0,0.11120014245014245,0.024725274725274724,0.5462072649572649,0.15954415954415954,15.909782000407,0.17834542623331015,0.08918927873306166,0.11120014245014245,NY
36107,New York,Tioga County,Tioga County,48455,0.0,26722,11887,644926.3,48455,584,2730.0,19878,1456.0,11,0.0,0.0,0.0,0.012052419770921474,0.5514807553400062,0.2453204003714787,13.3097987823754,0.1373377603380622,0.07324680551363316,0.0,NY
36109,New York,Tompkins County,Tompkins County,105740,11130.0,44349,53640,1993452.3,105740,9042,3869.0,42273,6098.0,26,2.0,14454.0,0.10525818044259505,0.08551163230565538,0.4194155475695101,0.50728201248345,18.852395498392283,0.09152414070446857,0.14425283277742293,0.13669377718933232,NY
36111,New York,Ulster County,Ulster County,181851,5192.0,64174,67384,2562184.5,181851,6686,7262.0,73321,5448.0,50,1.0,13675.0,0.02855084657219372,0.03676636367135732,0.352893302758852,0.37054511660645256,14.089471600376132,0.09904393011551943,0.07430340557275542,0.07519892659374983,NY
36113,New York,Warren County,Warren County,65737,0.0,15866,40710,692843.5,65737,10711,2940.0,29064,2350.0,23,0.0,6228.0,0.0,0.16293715867776137,0.2413557053105557,0.6192859424677123,10.539627606979327,0.10115606936416185,0.08085604183870079,0.09474116555364559,NY
36115,New York,Washington County,Washington County,61302,0.0,17554,16507,644360.5,61302,1236,2955.0,24510,2007.0,21,0.0,0.0,0.0,0.02016247430752667,0.2863528106750188,0.26927343316694397,10.511247593879482,0.12056303549571604,0.08188494492044064,0.0,NY
36117,New York,Wayne County,Wayne County,91283,9617.0,36777,22171,1046076.9,91283,4551,4368.0,37485,2759.0,25,2.0,9617.0,0.10535368031287315,0.049855942508462696,0.4028899137846039,0.24288202622613192,11.459712104115772,0.1165266106442577,0.07360277444311057,0.10535368031287315,NY
36119,New York,Westchester County,Westchester County,1004457,4270.0,222800,954107,9084156.8,1000957,119258,34921.0,367296,53196.0,241,3.0,11367.0,0.0042510530565270585,0.11872882562419297,0.22181138664970226,0.949873414192942,9.075471573703966,0.09507590608119881,0.14483141662310506,0.011316562082796975,NY
36121,New York,Wyoming County,Wyoming County,40531,0.0,16394,0,427981.1,38441,0,1816.0,15810,1193.0,12,0.0,0.0,0.0,0.0,0.4044805210826281,0.0,11.13345386436357,0.1148640101201771,0.07545857052498418,0.0,NY
36123,New York,Yates County,Yates County,24774,1815.0,15825,1815,313444.9,24774,521,1012.0,9461,1327.0,8,1.0,1815.0,0.07326229111164931,0.02103011221441834,0.6387745216759506,0.07326229111164931,12.652171631549205,0.10696543705739352,0.1402600147975901,0.07326229111164931,NY
37001,North Carolina,Alamance County,Alamance County,171415,3587.0,58335,103975,2296938.0,171415,7134,9499.0,67925,3325.0,37,1.0,14108.0,0.020925823294344136,0.041618294781670215,0.3403144415599568,0.6065688533675583,13.399865822710964,0.13984541774015458,0.04895104895104895,0.0823031823352682,NC
37003,North Carolina,Alexander County,Alexander County,36444,0.0,13628,6846,461559.6,36444,3658,1902.0,14408,432.0,7,0.0,0.0,0.0,0.1003731752826254,0.37394358467786193,0.1878498518274613,12.664899571945998,0.13200999444752914,0.029983342587451417,0.0,NC
37005,North Carolina,Alleghany County,Alleghany County,10888,0.0,7820,0,173770.4,10888,0,725.0,4844,313.0,3,0.0,0.0,0.0,0.0,0.7182218956649522,0.0,15.95980896399706,0.14966969446738232,0.06461601981833195,0.0,NC
37007,North Carolina,Anson County,Anson County,22055,0.0,15598,4442,444815.4,20689,1160,2889.0,8554,805.0,9,0.0,0.0,0.0,0.05259578326909998,0.7072319201995012,0.20140557696667422,21.50009183624148,0.33773673135375265,0.09410801963993454,0.0,NC
37009,North Carolina,Ashe County,Ashe County,26577,0.0,10677,0,363652.9,26577,0,1709.0,11708,532.0,9,0.0,0.0,0.0,0.0,0.40173834518568685,0.0,13.68299281333484,0.14596856850017081,0.04543901605739665,0.0,NC
37011,North Carolina,Avery County,Avery County,17806,0.0,6381,0,171365.0,17806,0,946.0,6860,347.0,5,0.0,0.0,0.0,0.0,0.3583623497697405,0.0,9.6240031450073,0.13790087463556852,0.050583090379008745,0.0,NC
37013,North Carolina,Beaufort County,Beaufort County,44652,9568.0,28544,13460,773565.1,44652,2235,3243.0,19430,1198.0,13,2.0,9568.0,0.2142793155961659,0.050053748992206396,0.6392546806414047,0.301442264624205,17.324310221266686,0.16690684508492024,0.06165723108594956,0.2142793155961659,NC
37015,North Carolina,Bertie County,Bertie County,17934,0.0,13185,0,292315.30000000005,17934,0,1706.0,7264,620.0,5,0.0,0.0,0.0,0.0,0.7351957176313149,0.0,16.2995037359206,0.2348568281938326,0.08535242290748898,0.0,NC
37017,North Carolina,Bladen County,Bladen County,29606,0.0,17316,0,650641.5,29606,0,3093.0,12410,922.0,11,0.0,0.0,0.0,0.0,0.5848814429507532,0.0,21.97667702492738,0.2492344883158743,0.07429492344883158,0.0,NC
37019,North Carolina,Brunswick County,Brunswick County,136693,5869.0,51974,74764,1274332.3,136693,33257,5908.0,61496,1693.0,43,2.0,14412.0,0.04293562947627164,0.2432970232564945,0.38022429824497234,0.5469482709429159,9.32258637969757,0.09607128918954079,0.02753024586965006,0.10543334333140687,NC
37021,North Carolina,Buncombe County,Buncombe County,269452,20393.0,66753,205472,3222155.4,269452,44662,9660.0,116237,4822.0,65,5.0,39835.0,0.07568323857310393,0.16575122841916184,0.24773614595549487,0.7625551118566573,11.958179564449326,0.0831060677753211,0.041484208986811426,0.14783709157846295,NC
37023,North Carolina,Burke County,Burke County,87570,5946.0,52039,35877,1384159.6,87570,5007,5202.0,35140,1740.0,21,1.0,17421.0,0.06789996574169237,0.057177115450496745,0.5942560237524266,0.4096951010620075,15.806321799703095,0.14803642572566875,0.04951622083096187,0.19893799246317231,NC
37025,North Carolina,Cabarrus County,Cabarrus County,225804,7255.0,47557,174795,2080112.5,225804,35991,8695.0,82596,3373.0,47,2.0,16834.0,0.032129634550317976,0.15939044481054365,0.21061185807160193,0.7741005473773716,9.21202680200528,0.10527144171630587,0.04083732868419778,0.07455138084356344,NC
37027,North Carolina,Caldwell County,Caldwell County,80652,10798.0,46521,36045,1077891.5,80652,2720,4717.0,33166,1545.0,19,2.0,17682.0,0.1338838466498041,0.033725140108118834,0.5768114863859545,0.4469201011754203,13.364721271636165,0.14222396430078996,0.046583850931677016,0.21923820859991072,NC
37029,North Carolina,Camden County,Camden County,10355,0.0,0,0,63970.4,10355,0,426.0,3875,55.0,2,0.0,0.0,0.0,0.0,0.0,0.0,6.177730564944471,0.10993548387096774,0.014193548387096775,0.0,NC
37031,North Carolina,Carteret County,Carteret County,67686,2619.0,12284,42675,704265.2,67686,11503,2886.0,30112,1195.0,31,1.0,4693.0,0.038693378246609345,0.16994651774369884,0.18148509292911386,0.6304848860916585,10.404887273586857,0.09584218916046759,0.03968517534537726,0.0693348698401442,NC
37033,North Carolina,Caswell County,Caswell County,22736,0.0,15542,0,431103.2,22736,0,1778.0,9124,532.0,6,0.0,0.0,0.0,0.0,0.6835855031667839,0.0,18.961259676284307,0.19487067075843928,0.05830775975449364,0.0,NC
37035,North Carolina,Catawba County,Catawba County,160610,5177.0,60033,78674,2048128.8,160610,5157,7896.0,64471,3438.0,34,1.0,36786.0,0.032233360313803625,0.032108835066309696,0.37378120914015317,0.48984496606687006,12.752187285972232,0.12247367033239752,0.05332630174807278,0.22903928771558432,NC
37037,North Carolina,Chatham County,Chatham County,76285,5835.0,22442,23848,843419.5,76285,12194,1675.0,31288,846.0,19,1.0,5835.0,0.07648948023857902,0.15984793865111097,0.29418627515238904,0.3126171593366979,11.056164383561644,0.0535349015597034,0.027039120429557657,0.07648948023857902,NC
37039,North Carolina,Cherokee County,Cherokee County,28774,0.0,18927,0,358222.9,28774,40,1577.0,12705,765.0,12,0.0,2333.0,0.0,0.0013901438798915688,0.657781330367693,0.0,12.449534301800238,0.12412436048799685,0.0602125147579693,0.08108014179467575,NC
37041,North Carolina,Chowan County,Chowan County,13708,4905.0,4905,4905,260528.6,13708,802,1359.0,5884,599.0,4,1.0,4905.0,0.35782025094835135,0.05850598190837467,0.35782025094835135,0.35782025094835135,19.00558797782317,0.23096532970768185,0.10180149558123726,0.35782025094835135,NC
37043,North Carolina,Clay County,Clay County,11089,0.0,0,0,145533.2,11089,0,570.0,4880,327.0,4,0.0,0.0,0.0,0.0,0.0,0.0,13.124104968888089,0.1168032786885246,0.06700819672131147,0.0,NC
37045,North Carolina,Cleveland County,Cleveland County,99519,0.0,53346,34722,1646888.3,99519,2117,8280.0,39887,1949.0,24,0.0,19637.0,0.0,0.02127231985851948,0.5360383444367407,0.348898200343653,16.548481194545765,0.20758643166946625,0.0488630380825833,0.19731910489454274,NC
37047,North Carolina,Columbus County,Columbus County,50623,0.0,40760,0,928513.8,50623,0,4531.0,20368,1110.0,15,0.0,0.0,0.0,0.0,0.8051676115599629,0.0,18.341737945202773,0.2224567949725059,0.05449725058915947,0.0,NC
37049,North Carolina,Craven County,Craven County,100720,4682.0,39995,57806,1421224.5,100720,11110,6015.0,40932,2709.0,26,2.0,17982.0,0.04648530579825258,0.11030579825258141,0.39709094519459887,0.5739277204130262,14.110648332009532,0.14695104075051305,0.06618293755496922,0.17853455123113582,NC
37051,North Carolina,Cumberland County,Cumberland County,334728,37366.0,177109,283671,5559678.9,331632,42563,24156.0,128978,8840.0,81,9.0,111411.0,0.11163093616309362,0.12715697521569752,0.529113190411319,0.8474671972467197,16.764603234910986,0.18728775450076757,0.06853882057405139,0.33284039578403957,NC
37053,North Carolina,Currituck County,Currituck County,28100,0.0,1734,1457,217314.59999999998,28100,776,686.0,10723,244.0,9,0.0,0.0,0.0,0.027615658362989324,0.061708185053380785,0.05185053380782918,7.7336156583629885,0.06397463396437564,0.0227548260747925,0.0,NC
37055,North Carolina,Dare County,Dare County,36915,0.0,1161,26216,243427.9,36915,10432,851.0,15966,449.0,10,0.0,0.0,0.0,0.2825951510226195,0.03145062982527428,0.7101720167953407,6.59428145740214,0.05330076412376299,0.02812225980207942,0.0,NC
37057,North Carolina,Davidson County,Davidson County,168930,12521.0,51141,84695,2158069.9,168930,24400,9151.0,68126,2749.0,42,4.0,21086.0,0.0741194577635707,0.14443852483277098,0.3027348605931451,0.5013615106848991,12.774935772213341,0.13432463376684378,0.04035170125943106,0.1248209317468774,NC
37059,North Carolina,Davie County,Davie County,42712,0.0,2769,10354,402710.80000000005,42712,4560,2020.0,17256,1045.0,10,0.0,0.0,0.0,0.10676156583629894,0.06482955609664731,0.24241430979584191,9.428516576137854,0.11706073249884098,0.06055864626796477,0.0,NC
37061,North Carolina,Duplin County,Duplin County,48715,0.0,36643,0,994579.6,48715,0,3290.0,19195,1209.0,21,0.0,0.0,0.0,0.0,0.7521913168428616,0.0,20.416290670224775,0.1713988017712946,0.06298515238343319,0.0,NC
37063,North Carolina,Durham County,Durham County,324833,14671.0,119299,296278,3782789.9,319533,41570,12872.0,134653,9512.0,68,2.0,54943.0,0.045164746192659,0.12797345097326934,0.3672625626090945,0.9120932910141519,11.838495241493053,0.09559385977289775,0.07064083236170007,0.1691422977345282,NC
37065,North Carolina,Edgecombe County,Edgecombe County,48900,5084.0,37805,22885,1050941.7,48900,2145,4642.0,19971,1971.0,14,1.0,14791.0,0.10396728016359919,0.04386503067484662,0.7731083844580777,0.4679959100204499,21.491650306748465,0.23243703369886334,0.09869310500225327,0.30247443762781184,NC
37067,North Carolina,Forsyth County,Forsyth County,382590,23599.0,132746,339911,5827738.7,382590,70303,22305.0,156635,9963.0,95,5.0,71893.0,0.06168221856295251,0.18375545623252046,0.34696672678324053,0.8884471627590894,15.232334091324917,0.1424011236313723,0.06360647364892903,0.1879113411223503,NC
37069,North Carolina,Franklin County,Franklin County,68573,0.0,43865,2423,767556.8,68573,2075,3551.0,26300,1090.0,16,0.0,0.0,0.0,0.03025972321467633,0.6396832572586878,0.03533460691525819,11.193280153996472,0.1350190114068441,0.04144486692015209,0.0,NC
37071,North Carolina,Gaston County,Gaston County,227943,24398.0,125600,184866,3105610.5,227943,29671,15034.0,90799,4793.0,85,8.0,57004.0,0.10703553081252769,0.13016850703904045,0.551014946719136,0.8110185441097116,13.62450481041313,0.16557451073249704,0.05278692496613399,0.25008006387561804,NC
37073,North Carolina,Gates County,Gates County,10478,0.0,7593,0,98563.0,10478,0,585.0,4244,98.0,3,0.0,0.0,0.0,0.0,0.72466119488452,0.0,9.406661576636763,0.1378416588124411,0.023091423185673893,0.0,NC
37075,North Carolina,Graham County,Graham County,8030,0.0,8030,0,54640.7,8030,21,518.0,3317,372.0,3,0.0,0.0,0.0,0.00261519302615193,1.0,0.0,6.804570361145704,0.15616520952668073,0.11214953271028037,0.0,NC
37077,North Carolina,Granville County,Granville County,60992,4945.0,24954,9004,887125.4,58960,2847,3131.0,22461,800.0,15,1.0,4945.0,0.08107620671563484,0.04667825288562434,0.4091356243441763,0.14762591815320042,15.046224559023067,0.13939717732959353,0.03561729219536085,0.08107620671563484,NC
37079,North Carolina,Greene County,Greene County,20451,0.0,17000,0,430138.0,20451,0,1513.0,6984,403.0,5,0.0,0.0,0.0,0.0,0.8312551953449709,0.0,21.032614542076182,0.2166380297823597,0.057703321878579614,0.0,NC
37081,North Carolina,Guilford County,Guilford County,541299,4621.0,216817,416312,8260902.4,541299,52236,33985.0,216022,14751.0,126,1.0,28598.0,0.008536871488770532,0.09650119434914899,0.4005494190826142,0.7690980400850547,15.261255609191963,0.15732193943209488,0.06828471174232253,0.0528321685427093,NC
37083,North Carolina,Halifax County,Halifax County,48622,2908.0,37354,19893,1095461.4,48622,1026,5922.0,20707,1847.0,16,1.0,6721.0,0.059808317222656414,0.021101558965077538,0.7682530541730082,0.4091357821562256,22.530159187199207,0.2859902448447385,0.0891968899405998,0.13822960799638023,NC
37085,North Carolina,Harnett County,Harnett County,133568,11343.0,42622,34620,1858286.0,133568,11157,7587.0,48083,1929.0,28,2.0,17905.0,0.08492303545759464,0.0835304863440345,0.31910337805462385,0.25919381887877335,13.912658720651653,0.157789655387559,0.04011812906848574,0.13405156923814088,NC
37087,North Carolina,Haywood County,Haywood County,62089,10412.0,20666,27833,827068.9,62080,6595,3675.0,27193,1078.0,21,3.0,13032.0,0.1676947607466701,0.10621849280871008,0.3328447873214257,0.4482758620689655,13.322630476804123,0.1351450740999522,0.03964255506931931,0.20989225144550563,NC
37089,North Carolina,Henderson County,Henderson County,116281,15744.0,37098,65631,1336667.2,116281,20033,4687.0,49317,1806.0,30,4.0,15744.0,0.13539615242386976,0.17228094013639372,0.31903750397743397,0.5644172306739708,11.49514710055813,0.09503822211407831,0.03662023237423201,0.13539615242386976,NC
37091,North Carolina,Hertford County,Hertford County,21552,0.0,15522,0,462760.5,20337,0,2305.0,8351,656.0,8,0.0,0.0,0.0,0.0,0.7202115812917594,0.0,22.754609824457884,0.27601484852113517,0.07855346665070051,0.0,NC
37093,North Carolina,Hoke County,Hoke County,52082,0.0,23048,24391,892356.5,52074,3310,3864.0,18590,917.0,12,0.0,0.0,0.0,0.06355362697285051,0.4425329288429784,0.46831918897123764,17.136315627760496,0.2078536847767617,0.04932759548144164,0.0,NC
37095,North Carolina,Hyde County,Hyde County,4589,0.0,4589,0,100803.1,4589,251,436.0,1804,215.0,2,0.0,2284.0,0.0,0.054696012203094356,1.0,0.0,21.966245369361516,0.24168514412416853,0.11917960088691797,0.4977119198082371,NC
37097,North Carolina,Iredell County,Iredell County,186693,0.0,57215,104700,1870759.2,186693,25193,6163.0,72706,2790.0,46,0.0,10467.0,0.0,0.13494346333285126,0.30646569501802423,0.5608137423470617,10.020510677957931,0.08476604406788986,0.03837372431436195,0.05606530507303434,NC
37099,North Carolina,Jackson County,Jackson County,43109,15853.0,29931,15853,820577.3999999999,43109,7759,2242.0,16876,573.0,9,2.0,15853.0,0.3677422348001577,0.17998561785242062,0.6943097729012503,0.3677422348001577,19.034943979215473,0.1328513865844987,0.03395354349371889,0.3677422348001577,NC
37101,North Carolina,Johnston County,Johnston County,215999,13911.0,104023,87588,2251321.6,215999,34789,9747.0,79053,3175.0,53,2.0,20818.0,0.0644030759401664,0.16106093083764278,0.4815901925471877,0.4055018773235061,10.4228334390437,0.12329702857576562,0.040162928668108736,0.09638007583368441,NC
37103,North Carolina,Jones County,Jones County,9172,0.0,5741,0,168579.9,9172,0,641.0,3873,271.0,3,0.0,0.0,0.0,0.0,0.6259267335368512,0.0,18.37984081988661,0.16550477665892074,0.0699715982442551,0.0,NC
37105,North Carolina,Lee County,Lee County,63285,11977.0,29918,31268,1049173.7,63285,7524,3822.0,24575,977.0,16,2.0,13362.0,0.1892549577308999,0.1188907324010429,0.4727502567749072,0.49408232598562063,16.57855257960022,0.1555239064089522,0.0397558494404883,0.21114008058781703,NC
37107,North Carolina,Lenoir County,Lenoir County,55122,4952.0,34692,25863,1210197.9,55122,6605,6384.0,22930,2128.0,17,1.0,4952.0,0.08983708863974457,0.1198251151990131,0.6293675846304561,0.4691956024817677,21.95489822575378,0.2784125599651112,0.09280418665503706,0.08983708863974457,NC
37109,North Carolina,Lincoln County,Lincoln County,86810,0.0,23489,12955,972130.9,86810,861,4204.0,34306,1229.0,18,0.0,4736.0,0.0,0.009918212187535998,0.27057942633337173,0.14923395922128788,11.198374611219906,0.12254416137118872,0.03582463708972192,0.05455592673655109,NC
37111,North Carolina,McDowell County,McDowell County,44578,0.0,21787,6446,667045.1,44578,128,3419.0,18058,1150.0,12,0.0,3877.0,0.0,0.0028713715285566873,0.4887388397864417,0.1446004755709094,14.963549284400376,0.18933436703953926,0.0636836859009857,0.08697115168917403,NC
37113,North Carolina,Macon County,Macon County,37014,2126.0,13419,4313,439306.6,37014,1117,1640.0,16379,1124.0,10,1.0,2126.0,0.05743772626573729,0.03017777057329659,0.3625384989463446,0.11652347760306911,11.868660506835251,0.1001282129556139,0.06862445814762806,0.05743772626573729,NC
37115,North Carolina,Madison County,Madison County,21193,0.0,9384,0,256663.0,21193,53,1017.0,8920,378.0,7,0.0,4953.0,0.0,0.0025008257443495494,0.4427877129240787,0.0,12.110744113622422,0.11401345291479821,0.04237668161434978,0.2337092436181758,NC
37117,North Carolina,Martin County,Martin County,22031,4168.0,13010,4168,450419.1,22031,1080,1912.0,9554,813.0,6,1.0,4168.0,0.1891879624165948,0.049021832871862375,0.5905315237619718,0.1891879624165948,20.444786891198763,0.20012560184216036,0.08509524806363827,0.1891879624165948,NC
37119,North Carolina,Mecklenburg County,Mecklenburg County,1115482,39409.0,342588,1089552,11811204.2,1115476,151629,40445.0,448814,27225.0,305,9.0,174488.0,0.03532912229870137,0.1359313731642465,0.30712104722442857,0.9767544433706684,10.588487963882683,0.09011528160886247,0.060659872463871445,0.15642385982023915,NC
37121,North Carolina,Mitchell County,Mitchell County,14903,0.0,6446,0,194912.4,14903,0,1117.0,6612,532.0,4,0.0,0.0,0.0,0.0,0.4325303630141582,0.0,13.078735825001678,0.16893526920750151,0.08045977011494253,0.0,NC
37123,North Carolina,Montgomery County,Montgomery County,25751,0.0,21672,0,397240.7,25751,0,1984.0,10333,506.0,10,0.0,0.0,0.0,0.0,0.8415983845287561,0.0,15.426224224301968,0.19200619374818542,0.04896932159101906,0.0,NC
37125,North Carolina,Moore County,Moore County,99727,0.0,8951,46817,989107.8,99727,22194,3772.0,41881,1847.0,29,0.0,0.0,0.0,0.22254755482467134,0.08975503123527229,0.4694516028758511,9.918154561954136,0.09006470714643872,0.044101143716721185,0.0,NC
37127,North Carolina,Nash County,Nash County,94970,0.0,37298,43242,1104634.2,94970,3817,7087.0,39093,2677.0,25,0.0,12422.0,0.0,0.04019163946509424,0.3927345477519217,0.4553227334947878,11.631401495209014,0.1812856521627913,0.06847773258639654,0.13079919974728862,NC
37129,North Carolina,New Hanover County,New Hanover County,225702,3657.0,63889,217759,2760730.1,225700,39540,9694.0,98109,5887.0,54,1.0,14420.0,0.016202780657681368,0.17518675067123907,0.2830679391409912,0.9648075781339996,12.231856889676562,0.09880846813238336,0.060004688662609953,0.06388955348202498,NC
37131,North Carolina,Northampton County,Northampton County,17471,0.0,14286,0,376503.0,17471,0,2078.0,7801,547.0,10,0.0,0.0,0.0,0.0,0.8176978993761089,0.0,21.550168851239196,0.26637610562748365,0.0701192154851942,0.0,NC
37133,North Carolina,Onslow County,Onslow County,204576,23590.0,76511,114236,2271071.2,201227,28281,9138.0,69576,3209.0,45,6.0,33525.0,0.11531166901298295,0.13824202252463633,0.37399792742061627,0.5584037228218364,11.286115680301352,0.1313383925491549,0.04612222605496148,0.16387552792116378,NC
37135,North Carolina,Orange County,Orange County,148696,12289.0,33256,98278,2139508.9,146582,19204,3352.0,57059,2812.0,42,2.0,22657.0,0.08264512831548933,0.12914940549846668,0.22365093882821327,0.6609323720880185,14.595986546779276,0.05874621006326784,0.049282321807252144,0.15237128100285147,NC
37137,North Carolina,Pamlico County,Pamlico County,12276,0.0,3585,0,184224.5,12276,0,591.0,5193,189.0,6,0.0,0.0,0.0,0.0,0.2920332355816227,0.0,15.006883349625285,0.11380704794916234,0.036395147313691506,0.0,NC
37139,North Carolina,Pasquotank County,Pasquotank County,40568,0.0,8220,12481,453214.5,40568,92,2771.0,15616,897.0,10,0.0,0.0,0.0,0.002267797278643266,0.20262275685269177,0.30765628081246305,11.171724018931178,0.17744620901639344,0.05744108606557377,0.0,NC
37141,North Carolina,Pender County,Pender County,60203,0.0,6846,24921,584334.9,60203,14745,2977.0,22962,821.0,15,0.0,0.0,0.0,0.24492134943441357,0.11371526335896882,0.41394947095659684,9.706076109163995,0.12964898528002788,0.035754725198153474,0.0,NC
37143,North Carolina,Perquimans County,Perquimans County,13005,0.0,3122,0,128047.1,13005,0,770.0,5566,323.0,4,0.0,0.0,0.0,0.0,0.24006151480199922,0.0,9.845990003844676,0.1383399209486166,0.05803090190441969,0.0,NC
37145,North Carolina,Person County,Person County,39097,0.0,20864,8858,663995.9,39097,425,3298.0,16176,780.0,7,0.0,6168.0,0.0,0.01087039926337059,0.533647082896386,0.22656469805867457,16.983295393508453,0.20388229475766567,0.04821958456973294,0.1577614650740466,NC
37147,North Carolina,Pitt County,Pitt County,170243,10272.0,72668,116540,3225087.5,170243,13043,11320.0,70016,6699.0,42,2.0,22739.0,0.06033728259017992,0.07661401643533068,0.42684868100303686,0.6845509066452071,18.944024130213872,0.16167733089579525,0.09567813071297988,0.1335679000017622,NC
37149,North Carolina,Polk County,Polk County,19328,0.0,5133,2652,280162.3,19328,1071,873.0,8538,360.0,8,0.0,0.0,0.0,0.05541183774834437,0.265573261589404,0.13721026490066227,14.495152110927151,0.1022487702037948,0.0421644413211525,0.0,NC
37151,North Carolina,Randolph County,Randolph County,144171,6559.0,75857,52114,2102628.5,144171,10053,8752.0,57470,2116.0,34,1.0,21674.0,0.045494586289891864,0.06972969598601661,0.5261599073322651,0.36147352796332133,14.584267987320612,0.15228815033930745,0.0368192100226205,0.1503353656421888,NC
37153,North Carolina,Richmond County,Richmond County,42946,9536.0,35645,22738,1098910.8,42946,4702,4868.0,17454,1830.0,11,2.0,13526.0,0.22204629069063475,0.1094863316723327,0.8299958086899828,0.529455595398873,25.588199133795932,0.2789045491004927,0.10484702646957718,0.31495366273925396,NC
37155,North Carolina,Robeson County,Robeson County,116530,0.0,109003,27217,3212666.6999999997,116530,2428,14065.0,43402,3425.0,35,0.0,8318.0,0.0,0.020835836265339396,0.9354071912812152,0.23356217283103065,27.569438771131896,0.3240634072162573,0.07891341412838118,0.0713807603192311,NC
37157,North Carolina,Rockingham County,Rockingham County,91096,3534.0,40777,39227,1489987.1,91096,2773,7022.0,38740,2641.0,22,1.0,23580.0,0.038794239044524455,0.03044041450777202,0.44762667954685165,0.4306116624220602,16.356229691753754,0.18125967991739803,0.06817243159525038,0.25884780890489156,NC
37159,North Carolina,Rowan County,Rowan County,146875,26943.0,91360,67151,2330736.4,146875,8763,9438.0,57433,3805.0,31,5.0,42533.0,0.18344170212765956,0.05966297872340426,0.6220255319148936,0.4571982978723404,15.868843574468084,0.16433061132101753,0.0662511099890307,0.2895863829787234,NC
37161,North Carolina,Rutherford County,Rutherford County,64444,4109.0,49217,11413,1093307.8,64444,624,5183.0,26652,1350.0,22,1.0,11413.0,0.06376078455713488,0.009682825398795853,0.7637173359816275,0.177099497237912,16.965238036124386,0.19446945820201111,0.05065285907248987,0.177099497237912,NC
37163,North Carolina,Sampson County,Sampson County,59036,4640.0,39788,8520,1270827.2,59036,629,4361.0,22562,1028.0,20,1.0,4640.0,0.0785961108476184,0.01065451588861034,0.6739616505183278,0.1443187207805407,21.52630937055356,0.19328960198563958,0.045563336583636205,0.0785961108476184,NC
37165,North Carolina,Scotland County,Scotland County,34174,5031.0,27441,16319,891883.2,34174,1769,3980.0,12870,1357.0,9,1.0,9176.0,0.14721718265347924,0.051764499326973724,0.8029788728272956,0.47752677474103117,26.09829695089834,0.30924630924630925,0.10543900543900545,0.2685082226253877,NC
37167,North Carolina,Stanly County,Stanly County,62504,0.0,17987,13518,949839.8,62504,2288,3880.0,24742,1383.0,17,0.0,6834.0,0.0,0.036605657237936774,0.2877735824907206,0.21627415845385894,15.196464226289518,0.15681836553229328,0.05589685554926845,0.10933700243184437,NC
37169,North Carolina,Stokes County,Stokes County,44520,2804.0,15275,2804,497313.2,44520,726,2889.0,18893,887.0,13,1.0,2804.0,0.06298292902066487,0.016307277628032343,0.34310422282120395,0.06298292902066487,11.170557053009883,0.15291377758958344,0.04694860530355158,0.06298292902066487,NC
37171,North Carolina,Surry County,Surry County,71359,2771.0,27129,14500,1197019.1,71359,2674,5839.0,29659,1425.0,23,1.0,6287.0,0.038831822194817754,0.037472498213259715,0.3801762917081237,0.203197914768985,16.774605866113596,0.19687110152061768,0.048046124279308135,0.08810381311397301,NC
37173,North Carolina,Swain County,Swain County,14117,0.0,10920,0,271418.9,14117,5,882.0,5734,396.0,5,0.0,0.0,0.0,0.0003541829000495856,0.773535453708295,0.0,19.226386626053696,0.153819323334496,0.06906173700732474,0.0,NC
37175,North Carolina,Transylvania County,Transylvania County,32986,0.0,8329,9900,449762.3,32986,1341,1647.0,14385,666.0,12,0.0,0.0,0.0,0.040653610622688414,0.2525010610562057,0.30012732674467957,13.634945128236222,0.11449426485922837,0.04629822732012513,0.0,NC
37177,North Carolina,Tyrrell County,Tyrrell County,3245,0.0,3245,0,60681.5,3245,298,423.0,1444,166.0,1,0.0,0.0,0.0,0.09183359013867488,1.0,0.0,18.7,0.29293628808864264,0.1149584487534626,0.0,NC
37179,North Carolina,Union County,Union County,238267,23609.0,44333,162310,1845277.4000000001,238267,68359,6424.0,80167,1986.0,48,5.0,23609.0,0.09908631912938007,0.28690082974142456,0.1860643731612015,0.6812105746914177,7.744578141328846,0.08013272294086095,0.024773285765963552,0.09908631912938007,NC
37181,North Carolina,Vance County,Vance County,42578,0.0,23904,15919,830753.6,42578,249,3920.0,17038,1299.0,12,0.0,4226.0,0.0,0.005848090563201653,0.5614166940673587,0.3738785288176993,19.511334491991168,0.23007395234182415,0.07624134288061979,0.09925313542204894,NC
37183,North Carolina,Wake County,Wake County,1129410,77117.0,305834,1063441,9477000.8,1129410,189234,28628.0,437043,20156.0,230,13.0,173630.0,0.06828078377205797,0.1675511992987489,0.27079094394418324,0.9415898566508177,8.391107569438912,0.06550385202371391,0.04611903176575303,0.1537351360444834,NC
37185,North Carolina,Warren County,Warren County,18642,0.0,15111,0,404621.5,18642,0,1882.0,7894,621.0,7,0.0,0.0,0.0,0.0,0.8105889925973608,0.0,21.704833172406396,0.23840891816569545,0.07866734228527995,0.0,NC
37187,North Carolina,Washington County,Washington County,11003,0.0,9707,0,266705.5,11003,140,1608.0,4871,668.0,4,0.0,0.0,0.0,0.012723802599291102,0.8822139416522766,0.0,24.239343815323092,0.3301170190925888,0.13713816464791623,0.0,NC
37189,North Carolina,Watauga County,Watauga County,54086,8327.0,32901,30629,1471549.4,54086,9123,1589.0,21413,926.0,13,1.0,16756.0,0.1539585105202825,0.1686758125947565,0.6083089893872721,0.5663018156269645,27.207584217727323,0.07420725727361883,0.04324475785737636,0.309802906482269,NC
37191,North Carolina,Wayne County,Wayne County,117333,6650.0,56763,50848,2054465.7,117333,11058,9310.0,45997,3246.0,30,2.0,21056.0,0.05667629737584482,0.0942445859221191,0.48377694254813225,0.4333648675138282,17.509700595740327,0.20240450464160706,0.07056981977085462,0.17945505527004338,NC
37193,North Carolina,Wilkes County,Wilkes County,65969,10512.0,56881,17244,1086796.6,65969,4609,4180.0,27612,1562.0,18,3.0,17244.0,0.1593475723445861,0.06986614925192136,0.8622383240613015,0.26139550394882444,16.474353105246404,0.15138345646820223,0.05656960741706504,0.26139550394882444,NC
37195,North Carolina,Wilson County,Wilson County,78784,6059.0,46557,50050,1526080.9,78784,4195,6000.0,32222,2319.0,25,1.0,9442.0,0.07690647847278635,0.05324685215272137,0.5909448619008936,0.6352812753858651,19.370441967912264,0.18620818074607412,0.07196946185835765,0.11984666937449229,NC
37197,North Carolina,Yadkin County,Yadkin County,37214,0.0,7425,0,506567.7,37214,0,2145.0,15225,773.0,9,0.0,0.0,0.0,0.0,0.19952168538721987,0.0,13.612288386091256,0.14088669950738916,0.05077175697865353,0.0,NC
37199,North Carolina,Yancey County,Yancey County,18470,0.0,0,0,278805.3,18470,0,1120.0,8120,376.0,5,0.0,0.0,0.0,0.0,0.0,0.0,15.095035192203573,0.13793103448275862,0.04630541871921182,0.0,NC
38001,North Dakota,Adams County,Adams County,2200,0.0,0,0,32560.0,2200,756,130.0,1011,97.0,1,0.0,0.0,0.0,0.34363636363636363,0.0,0.0,14.8,0.12858555885262116,0.09594460929772503,0.0,ND
38003,North Dakota,Barnes County,Barnes County,10853,0.0,2796,6597,135629.8,10853,2239,308.0,4772,313.0,4,0.0,2796.0,0.0,0.20630240486501428,0.25762461992075925,0.607850363954667,12.496987008200497,0.06454316848281642,0.06559094719195306,0.25762461992075925,ND
38005,North Dakota,Benson County,Benson County,5964,2134.0,5964,0,152204.3,5964,1218,416.0,2015,178.0,3,1.0,4139.0,0.357813547954393,0.20422535211267606,1.0,0.0,25.520506371562707,0.2064516129032258,0.08833746898263027,0.6939973172367538,ND
38007,North Dakota,Billings County,Billings County,945,0.0,0,0,10206.0,945,697,0.0,406,8.0,1,0.0,0.0,0.0,0.7375661375661375,0.0,0.0,10.8,0.0,0.019704433497536946,0.0,ND
38009,North Dakota,Bottineau County,Bottineau County,6379,1725.0,1725,0,50252.3,6379,1850,138.0,2779,46.0,3,1.0,1725.0,0.27041856090296285,0.2900141087944819,0.27041856090296285,0.0,7.877770810471861,0.04965815041381792,0.016552716804605974,0.27041856090296285,ND
38011,North Dakota,Bowman County,Bowman County,2993,0.0,0,0,40333.1,2993,495,66.0,1294,43.0,2,0.0,0.0,0.0,0.1653859004343468,0.0,0.0,13.475810223855662,0.05100463678516229,0.03323029366306028,0.0,ND
38013,North Dakota,Burke County,Burke County,2201,0.0,0,0,12985.900000000001,2201,1471,67.0,954,43.0,1,0.0,0.0,0.0,0.6683325761017719,0.0,0.0,5.9,0.07023060796645703,0.04507337526205451,0.0,ND
38015,North Dakota,Burleigh County,Burleigh County,98458,0.0,14292,62117,776102.9,98458,6240,2377.0,39927,2509.0,19,0.0,0.0,0.0,0.0633772776209145,0.14515834162790225,0.6308984541631965,7.882578358284751,0.0595336489092594,0.06283968242041726,0.0,ND
38017,North Dakota,Cass County,Cass County,184525,5239.0,43350,162929,2038226.2,184525,16626,5219.0,78672,5742.0,44,1.0,7575.0,0.028391816826988214,0.09010161224766292,0.2349275165966671,0.8829643679718195,11.045799756130606,0.06633872279845435,0.07298657718120806,0.041051348055819,ND
38019,North Dakota,Cavalier County,Cavalier County,3704,0.0,0,0,32009.399999999998,3704,1249,73.0,1661,59.0,2,0.0,0.0,0.0,0.33720302375809935,0.0,0.0,8.641846652267818,0.04394942805538832,0.03552077062010837,0.0,ND
38021,North Dakota,Dickey County,Dickey County,4999,0.0,0,0,58691.4,4999,552,108.0,1985,25.0,3,0.0,0.0,0.0,0.11042208441688338,0.0,0.0,11.740628125625125,0.054408060453400506,0.012594458438287154,0.0,ND
38023,North Dakota,Divide County,Divide County,2195,0.0,0,0,20413.5,2195,1016,18.0,965,37.0,1,0.0,0.0,0.0,0.46287015945330295,0.0,0.0,9.3,0.01865284974093264,0.0383419689119171,0.0,ND
38025,North Dakota,Dunn County,Dunn County,4095,0.0,0,0,30303.0,4095,1737,58.0,1558,32.0,1,0.0,0.0,0.0,0.42417582417582417,0.0,0.0,7.4,0.037227214377406934,0.02053915275994865,0.0,ND
38027,North Dakota,Eddy County,Eddy County,2347,0.0,0,0,33327.4,2347,498,77.0,1026,45.0,1,0.0,0.0,0.0,0.2121857690668939,0.0,0.0,14.200000000000001,0.07504873294346978,0.043859649122807015,0.0,ND
38029,North Dakota,Emmons County,Emmons County,3301,0.0,0,0,30039.1,3301,618,139.0,1492,91.0,1,0.0,0.0,0.0,0.18721599515298395,0.0,0.0,9.1,0.09316353887399464,0.06099195710455764,0.0,ND
38031,North Dakota,Foster County,Foster County,3397,0.0,0,0,29893.600000000002,3397,1042,146.0,1458,123.0,1,0.0,0.0,0.0,0.3067412422725935,0.0,0.0,8.8,0.10013717421124829,0.08436213991769548,0.0,ND
38033,North Dakota,Golden Valley County,Golden Valley County,1736,0.0,0,0,34372.8,1736,717,114.0,721,26.0,1,0.0,0.0,0.0,0.4130184331797235,0.0,0.0,19.8,0.15811373092926492,0.036061026352288486,0.0,ND
38035,North Dakota,Grand Forks County,Grand Forks County,73170,0.0,40916,57006,1116511.4,73170,2110,1892.0,30658,2216.0,22,0.0,0.0,0.0,0.02883695503621703,0.5591909252425857,0.779089790897909,15.25914172475058,0.06171309283058256,0.07228129688825102,0.0,ND
38037,North Dakota,Grant County,Grant County,2301,2301.0,2301,0,38196.600000000006,2301,1073,123.0,1028,47.0,1,1.0,2301.0,1.0,0.46631899174272057,1.0,0.0,16.6,0.11964980544747082,0.04571984435797665,1.0,ND
38039,North Dakota,Griggs County,Griggs County,2306,0.0,0,0,26980.199999999997,2306,262,57.0,1015,59.0,1,0.0,0.0,0.0,0.11361665221162186,0.0,0.0,11.7,0.0561576354679803,0.05812807881773399,0.0,ND
38041,North Dakota,Hettinger County,Hettinger County,2489,0.0,0,0,27382.7,2489,617,47.0,1064,43.0,2,0.0,0.0,0.0,0.247890719164323,0.0,0.0,11.00148654077943,0.044172932330827065,0.040413533834586464,0.0,ND
38043,North Dakota,Kidder County,Kidder County,2394,0.0,0,0,24418.8,2394,1003,63.0,1043,13.0,1,0.0,0.0,0.0,0.4189640768588137,0.0,0.0,10.2,0.06040268456375839,0.012464046021093002,0.0,ND
38045,North Dakota,LaMoure County,LaMoure County,4093,0.0,0,0,35444.9,4093,676,100.0,1720,55.0,2,0.0,0.0,0.0,0.1651600293183484,0.0,0.0,8.659882726606401,0.05813953488372093,0.03197674418604651,0.0,ND
38047,North Dakota,Logan County,Logan County,1876,1876.0,1876,0,23262.4,1876,698,40.0,791,24.0,1,1.0,1876.0,1.0,0.3720682302771855,1.0,0.0,12.4,0.05056890012642225,0.03034134007585335,1.0,ND
38049,North Dakota,McHenry County,McHenry County,5345,0.0,0,0,52104.0,5345,1804,141.0,2292,72.0,2,0.0,0.0,0.0,0.337511693171188,0.0,0.0,9.748175865294668,0.061518324607329845,0.031413612565445025,0.0,ND
38051,North Dakota,McIntosh County,McIntosh County,2530,0.0,2530,0,30866.0,2530,263,77.0,1177,67.0,1,0.0,0.0,0.0,0.10395256916996047,1.0,0.0,12.2,0.06542056074766354,0.05692438402718777,0.0,ND
38053,North Dakota,McKenzie County,McKenzie County,14704,1878.0,1878,5654,194630.7,14704,2496,205.0,5416,297.0,5,1.0,1878.0,0.12772034820457018,0.16974972796517954,0.12772034820457018,0.38452121871599565,13.236581882480959,0.03785081240768094,0.05483751846381093,0.12772034820457018,ND
38055,North Dakota,McLean County,McLean County,9771,0.0,0,0,89165.9,9771,2455,166.0,4129,144.0,3,0.0,0.0,0.0,0.2512537099580391,0.0,0.0,9.125565448776992,0.04020343908936789,0.03487527246306612,0.0,ND
38057,North Dakota,Mercer County,Mercer County,8350,0.0,0,0,81164.0,8350,817,98.0,3475,89.0,3,0.0,0.0,0.0,0.09784431137724552,0.0,0.0,9.720239520958083,0.028201438848920863,0.025611510791366907,0.0,ND
38059,North Dakota,Morton County,Morton County,33291,0.0,0,26415,264827.4,33291,14461,592.0,13827,347.0,7,0.0,0.0,0.0,0.43438166471418704,0.0,0.7934576912679102,7.954924754438137,0.04281478267158458,0.02509582700513488,0.0,ND
38061,North Dakota,Mountrail County,Mountrail County,9809,0.0,4781,0,139986.9,9809,1036,183.0,3715,168.0,3,0.0,0.0,0.0,0.1056172902436538,0.48740952186767256,0.0,14.271271281476194,0.04925975773889637,0.04522207267833109,0.0,ND
38063,North Dakota,Nelson County,Nelson County,3015,0.0,0,0,21708.0,3015,922,66.0,1386,42.0,1,0.0,0.0,0.0,0.30580431177446105,0.0,0.0,7.2,0.047619047619047616,0.030303030303030304,0.0,ND
38065,North Dakota,Oliver County,Oliver County,1877,0.0,1877,0,9760.4,1877,332,9.0,760,17.0,1,0.0,1877.0,0.0,0.1768779968034097,1.0,0.0,5.2,0.011842105263157895,0.02236842105263158,1.0,ND
38067,North Dakota,Pembina County,Pembina County,6844,0.0,0,0,62416.600000000006,6844,1590,256.0,3003,95.0,4,0.0,0.0,0.0,0.23232028053769727,0.0,0.0,9.119900642898891,0.08524808524808525,0.03163503163503163,0.0,ND
38069,North Dakota,Pierce County,Pierce County,3990,0.0,0,0,44158.2,3990,1308,133.0,1719,44.0,2,0.0,0.0,0.0,0.32781954887218046,0.0,0.0,11.067218045112782,0.07737056428155904,0.025596276905177427,0.0,ND
38071,North Dakota,Ramsey County,Ramsey County,11605,0.0,8730,4393,172828.59999999998,11605,1179,590.0,4947,580.0,3,0.0,0.0,0.0,0.1015941404566997,0.7522619560534253,0.3785437311503662,14.892598018095647,0.11926420052557106,0.117242773398019,0.0,ND
38073,North Dakota,Ransom County,Ransom County,5703,0.0,0,0,61489.5,5703,763,136.0,2246,93.0,3,0.0,0.0,0.0,0.13378923373662985,0.0,0.0,10.781956864807995,0.060552092609082814,0.04140694568121104,0.0,ND
38075,North Dakota,Renville County,Renville County,2282,2282.0,2282,0,20766.2,2282,806,64.0,982,26.0,1,1.0,2282.0,1.0,0.3531989482909728,1.0,0.0,9.1,0.06517311608961303,0.026476578411405296,1.0,ND
38077,North Dakota,Richland County,Richland County,16529,0.0,0,8100,165407.2,16529,3080,426.0,6710,434.0,6,0.0,0.0,0.0,0.18633916147377336,0.0,0.49004779478492344,10.007090568092444,0.06348733233979136,0.0646795827123696,0.0,ND
38079,North Dakota,Rolette County,Rolette County,12187,4121.0,10641,0,294078.89999999997,12187,710,965.0,4114,408.0,4,1.0,4121.0,0.3381472060392221,0.058258800361040454,0.8731435135800443,0.0,24.130540740132925,0.23456490034030142,0.09917355371900827,0.3381472060392221,ND
38081,North Dakota,Sargent County,Sargent County,3862,0.0,0,0,26600.1,3862,891,94.0,1734,52.0,2,0.0,0.0,0.0,0.23070947695494562,0.0,0.0,6.88764888658726,0.05420991926182238,0.029988465974625143,0.0,ND
38083,North Dakota,Sheridan County,Sheridan County,1265,0.0,0,0,12776.5,1265,623,48.0,585,20.0,1,0.0,0.0,0.0,0.4924901185770751,0.0,0.0,10.1,0.08205128205128205,0.03418803418803419,0.0,ND
38085,North Dakota,Sioux County,Sioux County,3898,1509.0,3898,0,169473.8,3898,1141,409.0,1103,141.0,2,1.0,1509.0,0.38712160082093383,0.29271421241662393,1.0,0.0,43.4771164699846,0.37080689029918407,0.12783318223028106,0.38712160082093383,ND
38087,North Dakota,Slope County,Slope County,706,0.0,0,0,3530.0,706,541,9.0,303,3.0,1,0.0,0.0,0.0,0.7662889518413598,0.0,0.0,5.0,0.0297029702970297,0.009900990099009901,0.0,ND
38089,North Dakota,Stark County,Stark County,33646,0.0,0,26020,404337.8,33646,3828,1021.0,13561,1064.0,9,0.0,0.0,0.0,0.113772811032515,0.0,0.7733460143850681,12.017410687748916,0.07528943293267458,0.0784602905390458,0.0,ND
38091,North Dakota,Steele County,Steele County,1798,0.0,0,0,23194.2,1798,218,27.0,788,6.0,1,0.0,0.0,0.0,0.12124582869855395,0.0,0.0,12.9,0.03426395939086294,0.007614213197969543,0.0,ND
38093,North Dakota,Stutsman County,Stutsman County,21593,3589.0,5319,13428,281245.5,21593,2600,885.0,9084,626.0,7,1.0,3589.0,0.16621127217153708,0.12040939193257075,0.24632982911128606,0.6218681980271384,13.02484601491224,0.09742404227212681,0.06891237340378688,0.16621127217153708,ND
38095,North Dakota,Towner County,Towner County,2162,0.0,0,0,18377.0,2162,1002,45.0,965,26.0,1,0.0,0.0,0.0,0.46345975948196116,0.0,0.0,8.5,0.046632124352331605,0.02694300518134715,0.0,ND
38097,North Dakota,Traill County,Traill County,7997,0.0,0,0,73753.3,7997,906,147.0,3230,153.0,4,0.0,0.0,0.0,0.11329248468175566,0.0,0.0,9.222620982868577,0.045510835913312696,0.04736842105263158,0.0,ND
38099,North Dakota,Walsh County,Walsh County,10563,0.0,4152,0,118339.90000000001,10563,1106,182.0,4493,142.0,6,0.0,0.0,0.0,0.10470510271703115,0.39307015052541894,0.0,11.203247183565276,0.04050745604273314,0.031604718450923656,0.0,ND
38101,North Dakota,Ward County,Ward County,69919,5924.0,21102,53633,585670.5,69919,10164,2025.0,28847,1383.0,16,1.0,5924.0,0.08472661222271485,0.14536821178792603,0.30180637594931276,0.7670733277077761,8.376414136357786,0.07019794086040143,0.04794259368391861,0.08472661222271485,ND
38103,North Dakota,Wells County,Wells County,3982,0.0,1681,0,36066.8,3982,708,117.0,1852,85.0,2,0.0,0.0,0.0,0.17780010045203415,0.422149673530889,0.0,9.057458563535912,0.06317494600431965,0.0458963282937365,0.0,ND
38105,North Dakota,Williams County,Williams County,40950,0.0,0,30304,350015.1,40950,6561,902.0,16095,997.0,8,0.0,0.0,0.0,0.16021978021978023,0.0,0.74002442002442,8.54737728937729,0.05604224914569742,0.06194470332401367,0.0,ND
39001,Ohio,Adams County,Adams County,27477,0.0,23489,0,568158.6,27477,0,2153.0,10938,771.0,7,0.0,0.0,0.0,0.0,0.854860428722204,0.0,20.67760672562507,0.19683671603583835,0.07048820625342841,0.0,OH
39003,Ohio,Allen County,Allen County,102206,0.0,36935,62970,1379371.5,102206,5521,5691.0,40935,3115.0,35,0.0,8280.0,0.0,0.05401835508678551,0.3613780012915093,0.6161086433281804,13.495993385906894,0.13902528398680836,0.07609625015268108,0.08101285638807898,OH
39005,Ohio,Ashland County,Ashland County,52447,3614.0,9782,24465,694106.3,52447,5600,1854.0,20700,1347.0,12,1.0,3614.0,0.0689076591606765,0.10677445802429118,0.1865120979274315,0.46647091349362213,13.234432856026084,0.08956521739130435,0.06507246376811594,0.0689076591606765,OH
39007,Ohio,Ashtabula County,Ashtabula County,97574,13833.0,61633,45844,1709761.2,97574,7039,7161.0,39329,3064.0,28,4.0,13833.0,0.14176932379527332,0.07214011929407424,0.6316539242011191,0.4698382765900752,17.522713017812123,0.18207938162678938,0.07790688804698823,0.14176932379527332,OH
39009,Ohio,Athens County,Athens County,62431,0.0,49609,17462,1724062.9,62431,0,3314.0,23696,1574.0,15,0.0,0.0,0.0,0.0,0.7946212618731079,0.2797007896717977,27.615493905271418,0.13985482781904118,0.06642471303173532,0.0,OH
39011,Ohio,Auglaize County,Auglaize County,46422,0.0,0,23484,331201.9,46422,3115,1289.0,18602,762.0,11,0.0,0.0,0.0,0.06710180517857912,0.0,0.5058808323639654,7.134589203394943,0.06929362434146866,0.04096333727556177,0.0,OH
39013,Ohio,Belmont County,Belmont County,66497,3516.0,37868,25858,1015995.9,66497,3132,4138.0,27333,1939.0,22,1.0,11106.0,0.052874565769884356,0.047099869167030094,0.5694692993668887,0.38885964780366034,15.27882310480172,0.15139209014744082,0.07093988951084769,0.16701505331067568,OH
39015,Ohio,Brown County,Brown County,43676,0.0,28946,0,858730.8999999999,43676,0,2904.0,17153,1007.0,10,0.0,0.0,0.0,0.0,0.6627438410110816,0.0,19.661390695118598,0.16929983093336443,0.05870693173205853,0.0,OH
39017,Ohio,Butler County,Butler County,390357,14213.0,127787,341165,5153317.8,390357,42085,14429.0,145159,6863.0,86,3.0,45537.0,0.036410260351421905,0.10781156736013445,0.3273593146786147,0.8739820215853693,13.201550888033262,0.09940134611012752,0.04727919040500417,0.11665475449396322,OH
39019,Ohio,Carroll County,Carroll County,26721,0.0,11598,0,343912.1,26721,0,1344.0,11065,764.0,7,0.0,0.0,0.0,0.0,0.43404064219153476,0.0,12.870480146701096,0.12146407591504745,0.06904654315408947,0.0,OH
39021,Ohio,Champaign County,Champaign County,38714,3893.0,7052,11603,310840.3,38714,781,1599.0,15638,869.0,10,1.0,3893.0,0.10055793769695717,0.02017358061683112,0.18215632587694375,0.29971069897194813,8.029144495531332,0.10225092722854585,0.05556976595472567,0.10055793769695717,OH
39023,Ohio,Clark County,Clark County,136001,0.0,47999,98865,2109192.7,136001,10556,10097.0,55844,4025.0,45,0.0,7125.0,0.0,0.07761707634502688,0.35293122844684965,0.7269431842412923,15.508655818707217,0.18080724876441515,0.07207578253706755,0.0523893206667598,OH
39025,Ohio,Clermont County,Clermont County,208601,5352.0,57283,141029,1892585.5,208601,30482,6700.0,81944,3866.0,48,1.0,25174.0,0.02565663635361288,0.14612585749828622,0.2746055867421537,0.6760705845130177,9.072753726012818,0.08176315532558821,0.04717856096846627,0.12068015014309615,OH
39027,Ohio,Clinton County,Clinton County,42018,5762.0,14528,14994,550931.6,42018,1616,1888.0,16464,799.0,10,1.0,5762.0,0.13713170545956496,0.03845970774430006,0.3457565805131134,0.35684706554333856,13.11179970488838,0.11467444120505345,0.048530126336248786,0.13713170545956496,OH
39029,Ohio,Columbiana County,Columbiana County,101877,9801.0,31333,37107,1554723.0,101877,2142,6288.0,41706,3163.0,25,2.0,13135.0,0.0962042462970052,0.021025354103477722,0.30755715225222574,0.3642333402043641,15.260785064342295,0.1507696734282837,0.07584040665611663,0.12892998419662927,OH
39031,Ohio,Coshocton County,Coshocton County,36612,5402.0,29005,10802,690300.6,36612,2060,2702.0,14621,1749.0,10,2.0,5402.0,0.1475472522670163,0.05626570523325686,0.792226592374085,0.29503987763574785,18.854490331039003,0.18480268107516587,0.11962246084399152,0.1475472522670163,OH
39033,Ohio,Crawford County,Crawford County,42025,3263.0,19148,30679,497412.8,42025,3269,2496.0,18069,957.0,13,1.0,6610.0,0.07764425936942296,0.07778703152885187,0.4556335514574658,0.7300178465199286,11.836116597263533,0.13813714095965465,0.05296363938236759,0.15728732897085068,OH
39035,Ohio,Cuyahoga County,Cuyahoga County,1264817,4483.0,532512,1250542,20556621.3,1264755,83656,90557.0,555988,67457.0,427,1.0,21685.0,0.0035443862629929864,0.06614079349028358,0.42101900907403994,0.9887137823100101,16.25344141750774,0.16287581746368626,0.12132815816168695,0.017144772722061767,OH
39037,Ohio,Darke County,Darke County,51881,0.0,17636,13435,568661.3,51881,588,1728.0,20925,1099.0,14,0.0,0.0,0.0,0.011333628881478769,0.3399317669281625,0.25895800003854974,10.960877777991945,0.08258064516129032,0.052520908004778974,0.0,OH
39039,Ohio,Defiance County,Defiance County,38286,4318.0,7852,12489,399470.7,38286,671,1431.0,15482,765.0,9,1.0,4318.0,0.11278274042731025,0.017525988612025284,0.2050880217311811,0.3262027895314214,10.433858329415452,0.092429918615166,0.04941222064332774,0.11278274042731025,OH
39041,Ohio,Delaware County,Delaware County,214124,0.0,5881,148153,995288.3,214124,51627,3002.0,77713,2667.0,40,0.0,3192.0,0.0,0.24110795613756514,0.02746539388391773,0.6919028226635033,4.648186564794232,0.03862931555852946,0.03431858247654832,0.014907250004670192,OH
39043,Ohio,Erie County,Erie County,75622,0.0,21688,47529,968995.7,75622,4321,3695.0,32360,2245.0,19,0.0,3805.0,0.0,0.05713945677183888,0.2867948480600883,0.6285075771600857,12.813674592049932,0.11418417799752781,0.06937577255871447,0.050316045595197166,OH
39045,Ohio,Fairfield County,Fairfield County,158921,0.0,35972,99682,1300689.6,158921,18612,5469.0,58691,2465.0,36,0.0,15925.0,0.0,0.11711479288451494,0.22635145764247644,0.6272424663826681,8.184504250539577,0.09318294116644801,0.041999625155475284,0.10020702109853323,OH
39047,Ohio,Fayette County,Fayette County,28951,0.0,8266,17211,442938.1,28951,2556,1653.0,11752,553.0,7,0.0,4769.0,0.0,0.08828710579945424,0.2855169078788298,0.5944872370557148,15.2995785983213,0.1406569094622192,0.04705582028590878,0.16472660702566405,OH
39049,Ohio,Franklin County,Franklin County,1323807,12037.0,559176,1300618,20213777.7,1323802,84057,60349.0,540369,40786.0,328,3.0,80379.0,0.00909271517675915,0.06349641601834709,0.4223999419855009,0.9824830961008667,15.269487204279793,0.11168109199454447,0.07547805296010689,0.06071806539775058,OH
39051,Ohio,Fulton County,Fulton County,42713,0.0,0,7865,406676.6,42713,790,1633.0,16801,483.0,10,0.0,0.0,0.0,0.018495539999531758,0.0,0.18413597733711048,9.521143445789338,0.09719659544074757,0.02874828879233379,0.0,OH
39053,Ohio,Gallia County,Gallia County,29220,0.0,22090,3509,482226.8,29220,495,2206.0,11665,948.0,8,0.0,3509.0,0.0,0.016940451745379878,0.7559890485968515,0.1200889801505818,16.50331279945243,0.18911273039005572,0.08126875267895414,0.1200889801505818,OH
39055,Ohio,Geauga County,Geauga County,95397,0.0,0,22369,534471.5,95397,9168,1572.0,35460,2897.0,21,0.0,0.0,0.0,0.09610365105820938,0.0,0.23448326467289327,5.60260280721616,0.04433164128595601,0.08169768753525099,0.0,OH
39057,Ohio,Greene County,Greene County,167966,8996.0,40170,117077,1706218.2,167966,18196,5229.0,66831,3026.0,42,2.0,14222.0,0.05355845825940964,0.10833144803114916,0.23915554338378006,0.6970279699462987,10.158116523582153,0.07824213314180545,0.045278388771677815,0.08467189788409558,OH
39059,Ohio,Guernsey County,Guernsey County,38438,0.0,22758,14205,594280.6,38438,1654,2790.0,16100,1438.0,10,0.0,7249.0,0.0,0.04303033456475363,0.592070347052396,0.3695561683750455,15.460757583641188,0.17329192546583852,0.08931677018633541,0.1885894167230345,OH
39061,Ohio,Hamilton County,Hamilton County,830639,6831.0,301804,808768,12442019.0,830639,48651,43374.0,347126,36435.0,226,1.0,44117.0,0.008223789155096257,0.05857057036811419,0.36333954943122104,0.9736696687730771,14.978852425662652,0.12495174662802556,0.10496188703813601,0.053112122113216455,OH
39063,Ohio,Hancock County,Hancock County,74920,0.0,16850,44883,756437.1,74920,1967,2838.0,31107,1620.0,15,0.0,6916.0,0.0,0.026254671649759743,0.22490656700480513,0.5990790176187933,10.096597704217832,0.09123348442472755,0.05207831034815315,0.09231179925253603,OH
39065,Ohio,Hardin County,Hardin County,30696,4215.0,14028,14443,548013.8,30696,1447,1448.0,11638,775.0,8,1.0,8072.0,0.13731430805316652,0.047139692468074014,0.45699765441751367,0.47051733124837114,17.852938493614804,0.12442000343701667,0.06659219797216016,0.2629658587438103,OH
39067,Ohio,Harrison County,Harrison County,14483,0.0,6645,0,192005.5,14483,0,811.0,6032,364.0,5,0.0,0.0,0.0,0.0,0.4588137816750673,0.0,13.257301664019886,0.13444960212201593,0.0603448275862069,0.0,OH
39069,Ohio,Henry County,Henry County,27662,0.0,0,8618,242078.5,27662,839,701.0,11262,427.0,7,0.0,0.0,0.0,0.030330417178801243,0.0,0.3115465259200347,8.751301424336635,0.06224471674658143,0.03791511276860238,0.0,OH
39071,Ohio,Highland County,Highland County,43317,3648.0,21687,7909,599687.0,43317,784,2555.0,16876,1145.0,11,1.0,7909.0,0.0842163584735785,0.018099129671953276,0.5006579403005749,0.1825842048156613,13.844148948449801,0.1513984356482579,0.06784783123963024,0.1825842048156613,OH
39073,Ohio,Hocking County,Hocking County,28050,4480.0,23712,4480,448180.8,28050,1361,1923.0,11429,662.0,7,1.0,4480.0,0.15971479500891267,0.048520499108734405,0.8453475935828877,0.15971479500891267,15.977925133689839,0.16825619039286027,0.057922827893953976,0.15971479500891267,OH
39075,Ohio,Holmes County,Holmes County,44223,0.0,4473,0,408295.0,44223,0,645.0,13490,4144.0,10,0.0,0.0,0.0,0.0,0.10114646224815141,0.0,9.23263912443751,0.04781319495922906,0.3071905114899926,0.0,OH
39077,Ohio,Huron County,Huron County,58565,0.0,9366,25879,767609.5,58565,1401,2665.0,23406,1017.0,13,0.0,0.0,0.0,0.023922137795611715,0.15992486980278323,0.441885084948348,13.106966618287373,0.11385969409553107,0.04345039733401692,0.0,OH
39079,Ohio,Jackson County,Jackson County,32653,10615.0,27247,10615,603610.6,32653,1240,2588.0,12936,980.0,7,2.0,10615.0,0.325084984534346,0.037975071203258506,0.8344409395767617,0.325084984534346,18.48560928551741,0.20006184291898577,0.07575757575757576,0.325084984534346,OH
39081,Ohio,Jefferson County,Jefferson County,65249,0.0,25029,38074,1134260.7,65249,2094,4493.0,27464,2308.0,22,0.0,1221.0,0.0,0.03209244586123925,0.3835920857024629,0.5835185213566492,17.38357216202547,0.1635959801922517,0.0840372851733178,0.0187129304663673,OH
39083,Ohio,Knox County,Knox County,62721,5329.0,8947,16685,737303.4,62721,2583,2462.0,23429,1486.0,14,1.0,5329.0,0.08496356882065018,0.041182379107475964,0.14264759809314265,0.2660193555587443,11.755287702683312,0.10508344359554399,0.06342566904263947,0.08496356882065018,OH
39085,Ohio,Lake County,Lake County,232603,9845.0,42577,214423,1949484.0,232603,24359,7547.0,99590,5141.0,59,2.0,9845.0,0.042325335442793086,0.10472349883707432,0.1830457904670189,0.9218410768562745,8.381164473373087,0.07578070087358169,0.05162164875991566,0.042325335442793086,OH
39087,Ohio,Lawrence County,Lawrence County,58240,3003.0,40058,24438,1039964.1,58240,3118,4751.0,23872,1538.0,18,1.0,3003.0,0.0515625,0.05353708791208791,0.687809065934066,0.4196085164835165,17.856526442307693,0.19901977211796246,0.0644269436997319,0.0515625,OH
39089,Ohio,Licking County,Licking County,178519,9162.0,48945,102466,1829710.1,178519,19872,8177.0,68462,3580.0,46,2.0,27019.0,0.05132226821794879,0.11131588234305592,0.27417249704513247,0.573978119976025,10.24938577966491,0.1194385206391867,0.05229178230259122,0.15135083660562743,OH
39091,Ohio,Logan County,Logan County,46150,5542.0,14411,17071,510996.3,46150,1106,2201.0,19062,1185.0,11,1.0,5542.0,0.12008667388949079,0.023965330444203684,0.3122643553629469,0.36990249187432284,11.072509209100758,0.11546532368062114,0.06216556499842619,0.12008667388949079,OH
39093,Ohio,Lorain County,Lorain County,312964,3336.0,91720,264196,3845030.7,312964,31818,14487.0,125239,7231.0,79,1.0,19320.0,0.0106593729630245,0.1016666453649621,0.29306885136948657,0.8441737707851382,12.285856200713182,0.11567482972556473,0.057737605697905606,0.061732339821832544,OH
39095,Ohio,Lucas County,Lucas County,431279,2792.0,195899,406258,7787604.5,431279,20713,29998.0,181899,15841.0,168,1.0,6677.0,0.0064737675611379174,0.048026915291493444,0.454228005537019,0.9419841912080115,18.056999065570082,0.16491569497358424,0.08708678992187972,0.015481857451904684,OH
39097,Ohio,Madison County,Madison County,43824,0.0,3006,13212,362207.9,43824,1999,1522.0,15234,514.0,12,0.0,0.0,0.0,0.04561427528294998,0.06859255202628696,0.3014786418400876,8.265057959109164,0.09990810030195615,0.03374031771038467,0.0,OH
39099,Ohio,Mahoning County,Mahoning County,228614,13926.0,106104,186935,4376916.3,227655,20374,18645.0,97912,8281.0,75,5.0,24564.0,0.06091490459901843,0.08911965146491466,0.46411855791858764,0.8176883305484354,19.22609343084931,0.19042609690334178,0.08457594574720156,0.10744748790537763,OH
39101,Ohio,Marion County,Marion County,65359,0.0,26537,39657,1017713.4,65359,3415,4191.0,24932,1706.0,18,0.0,0.0,0.0,0.0522498814241344,0.40601906393916676,0.6067565293226641,15.571128689239432,0.16809722445050537,0.06842611904379914,0.0,OH
39103,Ohio,Medina County,Medina County,182470,0.0,8695,116899,1140893.8,182470,29338,4760.0,71647,2944.0,42,0.0,0.0,0.0,0.1607825943990793,0.047651668767468625,0.640647777716885,6.252500685044117,0.0664368361550379,0.04109034572277974,0.0,OH
39105,Ohio,Meigs County,Meigs County,22210,0.0,18146,3087,485253.2,22210,72,2282.0,9204,583.0,6,0.0,3087.0,0.0,0.0032417829806393518,0.8170193606483566,0.1389914452949122,21.848410625844213,0.24793568013906997,0.06334202520643199,0.1389914452949122,OH
39107,Ohio,Mercer County,Mercer County,42528,0.0,0,8579,310115.5,42528,845,1119.0,16288,662.0,9,0.0,0.0,0.0,0.01986926260346125,0.0,0.20172592174567344,7.292031132430399,0.06870088408644401,0.0406434184675835,0.0,OH
39109,Ohio,Miami County,Miami County,108774,10656.0,23929,65348,1029902.2000000001,108774,11311,3455.0,44086,2540.0,23,2.0,10656.0,0.09796458712559987,0.10398624671336901,0.21998823248202695,0.6007685660176145,9.468275507014544,0.07836955042417094,0.05761466225105476,0.09796458712559987,OH
39111,Ohio,Monroe County,Monroe County,13385,0.0,13385,0,201726.4,13385,0,757.0,5747,530.0,4,0.0,0.0,0.0,0.0,1.0,0.0,15.071079566679119,0.1317208978597529,0.09222202888463546,0.0,OH
39113,Ohio,Montgomery County,Montgomery County,537309,17377.0,215767,503266,8228975.4,537309,42233,31126.0,228536,19669.0,156,3.0,39552.0,0.03234079458933314,0.07860095401342616,0.4015696740609221,0.9366416717382363,15.315163900102176,0.13619736059089158,0.0860652151083418,0.07361127395967683,OH
39115,Ohio,Morgan County,Morgan County,13802,0.0,13802,0,179170.2,13802,0,935.0,5845,383.0,4,0.0,0.0,0.0,0.0,1.0,0.0,12.981466454137083,0.15996578272027373,0.06552609067579128,0.0,OH
39117,Ohio,Morrow County,Morrow County,34950,0.0,21675,0,431201.9,34950,0,1594.0,13334,708.0,9,0.0,0.0,0.0,0.0,0.6201716738197425,0.0,12.337679542203148,0.11954402279886006,0.05309734513274336,0.0,OH
39119,Ohio,Muskingum County,Muskingum County,86410,7419.0,35904,39546,1287579.1,86410,4891,6638.0,35091,2662.0,21,2.0,14427.0,0.085858118273348,0.05660224511051962,0.415507464413841,0.45765536396250434,14.90081124869807,0.18916531304323045,0.07585990709868627,0.16695984261080893,OH
39121,Ohio,Noble County,Noble County,14115,0.0,3960,0,162096.6,14115,0,456.0,4725,355.0,4,0.0,0.0,0.0,0.0,0.28055260361317746,0.0,11.483995749202975,0.09650793650793651,0.07513227513227513,0.0,OH
39123,Ohio,Ottawa County,Ottawa County,40364,0.0,7454,12050,337020.2,40364,3018,1441.0,17748,651.0,15,0.0,0.0,0.0,0.07476959667030027,0.18466950748191457,0.2985333465464275,8.349524328609652,0.08119224701374803,0.036680189317106156,0.0,OH
39125,Ohio,Paulding County,Paulding County,18806,0.0,4043,0,167606.6,18806,0,878.0,7590,247.0,5,0.0,0.0,0.0,0.0,0.21498457938955653,0.0,8.912400297777305,0.11567852437417654,0.032542819499341236,0.0,OH
39127,Ohio,Perry County,Perry County,35408,5772.0,20013,9700,521857.7,35408,2746,2145.0,13592,973.0,9,1.0,5772.0,0.16301400813375508,0.0775530953456846,0.5652112516945323,0.2739493899683687,14.73841222322639,0.15781341965862272,0.07158622719246616,0.16301400813375508,OH
39129,Ohio,Pickaway County,Pickaway County,58539,0.0,26397,18147,621941.8,55045,1972,2630.0,21005,1458.0,16,0.0,0.0,0.0,0.03368694374690377,0.4509301491313483,0.3099984625634193,11.298788264147516,0.1252082837419662,0.06941204475124971,0.0,OH
39131,Ohio,Pike County,Pike County,27088,3265.0,22954,3265,578351.3,27088,704,2583.0,10656,587.0,7,1.0,3265.0,0.1205330773774365,0.02598936798582398,0.847386296515062,0.1205330773774365,21.350830626107502,0.24239864864864866,0.05508633633633633,0.1205330773774365,OH
39133,Ohio,Portage County,Portage County,161791,5056.0,43447,89648,2102210.1,161791,22621,6649.0,65624,4291.0,38,1.0,21822.0,0.03125019315042246,0.1398161826059546,0.26853780494588697,0.5540975703222059,12.993368605175814,0.1013196391564062,0.06538766305010361,0.13487771260453302,OH
39135,Ohio,Preble County,Preble County,40999,0.0,13647,8023,517064.4,40999,312,1707.0,16412,663.0,12,0.0,5750.0,0.0,0.007609941705895266,0.33286177711651505,0.1956876996999927,12.611634430108053,0.10400926151596393,0.040397270290031685,0.1402473231054416,OH
39137,Ohio,Putnam County,Putnam County,34451,0.0,0,4442,188654.0,34451,2452,898.0,12976,278.0,8,0.0,0.0,0.0,0.07117355084032394,0.0,0.12893675074743838,5.476009404661694,0.06920468557336622,0.021424167694204684,0.0,OH
39139,Ohio,Richland County,Richland County,124936,4665.0,45957,89982,1936026.1,124936,12509,7440.0,50303,3583.0,30,1.0,19964.0,0.03733911762822565,0.10012326311071268,0.3678443363001857,0.7202247550745982,15.496142825126466,0.1479037035564479,0.07122835616166034,0.15979381443298968,OH
39141,Ohio,Ross County,Ross County,77093,3078.0,32852,25916,1193251.5,77093,1823,4916.0,29386,1870.0,17,1.0,10933.0,0.03992580389918669,0.023646764297666455,0.4261346685172454,0.336165410607967,15.478078424759707,0.16729054651875042,0.06363574491254338,0.14181572905451856,OH
39143,Ohio,Sandusky County,Sandusky County,58896,0.0,27794,32156,865979.7999999999,58896,994,3340.0,24444,854.0,15,0.0,14894.0,0.0,0.016877207280630264,0.4719165987503396,0.5459793534365661,14.703541836457482,0.13663884797905415,0.03493699885452463,0.2528864439011138,OH
39145,Ohio,Scioto County,Scioto County,74008,0.0,59097,25052,1589225.8,74008,967,6527.0,29612,2277.0,21,0.0,6049.0,0.0,0.01306615501026916,0.7985217814290347,0.3385039455194033,21.4737028429359,0.22041739835201946,0.07689450222882616,0.08173440709112528,OH
39147,Ohio,Seneca County,Seneca County,55069,7401.0,18373,27377,653209.9,55069,6132,3001.0,22017,1369.0,14,2.0,7401.0,0.1343950316875193,0.11135121393161307,0.33363598394741145,0.497139951696962,11.8616626414135,0.1363037652722896,0.06217922514420675,0.1343950316875193,OH
39149,Ohio,Shelby County,Shelby County,48230,0.0,9112,18804,555761.6,48230,681,1657.0,18803,779.0,10,0.0,0.0,0.0,0.014119842421729215,0.1889280530789965,0.38988181629691065,11.523151565415716,0.08812423549433601,0.041429559112907514,0.0,OH
39151,Ohio,Stark County,Stark County,374853,0.0,105208,301767,4735348.0,374853,46932,19848.0,155392,10438.0,90,0.0,4927.0,0.0,0.12520107882289858,0.2806646872240585,0.8050275708077567,12.632546624943645,0.12772858319604613,0.06717205518945635,0.01314381904373181,OH
39153,Ohio,Summit County,Summit County,540428,0.0,171520,497953,6973520.2,540428,57197,32721.0,228761,18225.0,138,0.0,12893.0,0.0,0.10583648515620953,0.3173780781158637,0.9214048864973687,12.903698920115168,0.1430357447292152,0.07966830010360157,0.023857017030945844,OH
39155,Ohio,Trumbull County,Trumbull County,201977,21223.0,108488,143714,3402340.0,201977,17440,12094.0,86071,7068.0,54,5.0,40837.0,0.10507632057115414,0.08634646519158122,0.5371304653500151,0.7115364620724142,16.845185342885575,0.14051190296383217,0.08211825121120934,0.2021863875589795,OH
39157,Ohio,Tuscarawas County,Tuscarawas County,93263,2695.0,35773,34391,1268869.0,93263,3526,5437.0,37711,2848.0,24,1.0,2695.0,0.028896775784609117,0.037807061750104544,0.3835711911476148,0.3687528816358041,13.605277548438288,0.1441754395269285,0.07552173105990295,0.028896775784609117,OH
39159,Ohio,Union County,Union County,62784,0.0,6018,22143,307306.2,62784,4871,1177.0,21807,581.0,13,0.0,0.0,0.0,0.07758346075433231,0.09585244648318043,0.3526853975535168,4.894657874617737,0.0539734947493924,0.026642821112486816,0.0,OH
39161,Ohio,Van Wert County,Van Wert County,28931,0.0,7876,14619,258904.3,28931,985,867.0,11589,415.0,9,0.0,0.0,0.0,0.034046524489302135,0.272233935916491,0.5053057274204141,8.949026995264594,0.07481232202951074,0.03580981965657089,0.0,OH
39163,Ohio,Vinton County,Vinton County,12800,0.0,4799,0,220425.9,12800,0,1111.0,5170,286.0,3,0.0,0.0,0.0,0.0,0.374921875,0.0,17.2207734375,0.2148936170212766,0.05531914893617021,0.0,OH
39165,Ohio,Warren County,Warren County,242337,7043.0,18507,187954,1753334.2,242337,47564,4235.0,89086,2833.0,44,2.0,7043.0,0.029062833987381208,0.19627213343401956,0.07636885824286015,0.7755893652228095,7.235107309242913,0.04753833374492064,0.031800731877062616,0.029062833987381208,OH
39167,Ohio,Washington County,Washington County,59771,4004.0,21698,24197,832635.6,59771,2472,3347.0,25254,1370.0,18,1.0,7673.0,0.06698900804738084,0.0413578491241572,0.36301885529771966,0.4048284285021164,13.930427799434508,0.1325334600459333,0.0542488318682189,0.1283732913954928,OH
39169,Ohio,Wayne County,Wayne County,116894,3064.0,7871,59520,1097693.4,116894,11853,3632.0,43983,4451.0,32,1.0,3064.0,0.02621178161411193,0.10139955857443496,0.06733450818690437,0.5091792564203467,9.39050250654439,0.0825773594343269,0.10119819020985381,0.02621178161411193,OH
39171,Ohio,Williams County,Williams County,37102,0.0,11887,9166,468242.1,37102,19,2195.0,15262,851.0,9,0.0,4867.0,0.0,0.0005121017734892998,0.3203870411298582,0.24704867662120641,12.620400517492318,0.1438212554055825,0.05575940243742629,0.13117891218802222,OH
39173,Ohio,Wood County,Wood County,132248,2384.0,31053,77876,1777217.6,132248,16005,3766.0,53202,2784.0,31,1.0,2384.0,0.018026737644425625,0.12102262416066784,0.23480884399007926,0.5888633476498699,13.438521565543525,0.0707868125258449,0.0523288598173001,0.018026737644425625,OH
39175,Ohio,Wyandot County,Wyandot County,21900,0.0,0,6775,191343.6,21900,1287,755.0,9084,409.0,6,0.0,0.0,0.0,0.05876712328767123,0.0,0.3093607305936073,8.737150684931507,0.08311316600616468,0.04502421840598855,0.0,OH
40001,Oklahoma,Adair County,Adair County,19495,0.0,11290,0,419967.2,19495,7,1805.0,7076,640.0,5,0.0,0.0,0.0,0.0003590664272890485,0.5791228520133368,0.0,21.54230315465504,0.25508762012436403,0.09044657998869418,0.0,OK
40003,Oklahoma,Alfalfa County,Alfalfa County,5699,0.0,1342,0,93961.1,5699,546,183.0,1895,35.0,3,0.0,0.0,0.0,0.09580628180382524,0.2354799087559221,0.0,16.48729601684506,0.09656992084432718,0.018469656992084433,0.0,OK
40005,Oklahoma,Atoka County,Atoka County,14143,0.0,8389,0,243394.3,14143,238,742.0,5040,371.0,4,0.0,4256.0,0.0,0.016828112847344975,0.5931556246906597,0.0,17.209524146220744,0.14722222222222223,0.07361111111111111,0.300926253270169,OK
40007,Oklahoma,Beaver County,Beaver County,5049,0.0,1395,0,65782.3,5049,1762,71.0,1962,22.0,3,0.0,0.0,0.0,0.3489799960388196,0.27629233511586454,0.0,13.0287779758368,0.03618756371049949,0.011213047910295617,0.0,OK
40009,Oklahoma,Beckham County,Beckham County,22410,0.0,15017,7393,504221.0,22410,997,1519.0,8034,423.0,4,0.0,0.0,0.0,0.04448906738063364,0.6701026327532351,0.3298973672467648,22.499821508255245,0.18907144635299974,0.05265123226288275,0.0,OK
40011,Oklahoma,Blaine County,Blaine County,8735,0.0,6112,0,149494.6,8735,79,482.0,3558,111.0,5,0.0,0.0,0.0,0.0090440755580996,0.6997137950772754,0.0,17.114436176302235,0.13546936481169197,0.031197301854974706,0.0,OK
40013,Oklahoma,Bryan County,Bryan County,46067,0.0,20857,13610,762841.5,46067,1473,2486.0,17954,1039.0,13,0.0,6876.0,0.0,0.031975166605162045,0.4527535980202748,0.29543925152495276,16.559391755486573,0.1384649660242843,0.057870112509747135,0.14926085918336338,OK
40015,Oklahoma,Caddo County,Caddo County,26945,3337.0,7363,3337,494387.80000000005,26945,922,1391.0,9284,628.0,10,1.0,3337.0,0.12384486917795509,0.03421785117832622,0.27326034514752273,0.12384486917795509,18.348034885878644,0.1498276604911676,0.06764325721671693,0.12384486917795509,OK
40017,Oklahoma,Canadian County,Canadian County,154405,0.0,13420,115463,1258933.2,154405,8501,4863.0,56361,1939.0,37,0.0,0.0,0.0,0.055056507237459924,0.08691428386386452,0.7477931414138144,8.153448398691753,0.08628306807899079,0.034403222086194354,0.0,OK
40019,Oklahoma,Carter County,Carter County,48003,0.0,17223,17386,777344.2,48003,399,3090.0,18957,908.0,16,0.0,0.0,0.0,0.008311980501218674,0.3587900756202737,0.3621856967272879,16.19365872966273,0.16300047475866433,0.047897874136202986,0.0,OK
40021,Oklahoma,Cherokee County,Cherokee County,47078,0.0,26002,18050,858110.2999999999,47078,3074,3092.0,18023,1285.0,13,0.0,7837.0,0.0,0.06529589192404095,0.5523174306470113,0.3834062619482561,18.227416202897317,0.17155856405703823,0.07129778616212618,0.1664684141212456,OK
40023,Oklahoma,Choctaw County,Choctaw County,14204,0.0,8711,8793,329491.8,14204,3340,1472.0,5963,472.0,5,0.0,8711.0,0.0,0.23514502956913547,0.6132779498732751,0.6190509715573078,23.19711348915798,0.246855609592487,0.0791547878584605,0.6132779498732751,OK
40025,Oklahoma,Cimarron County,Cimarron County,2296,0.0,1219,0,17436.5,2296,881,39.0,970,26.0,2,0.0,0.0,0.0,0.3837108013937282,0.5309233449477352,0.0,7.594294425087108,0.04020618556701031,0.026804123711340205,0.0,OK
40027,Oklahoma,Cleveland County,Cleveland County,295528,7246.0,78832,253964,3740476.9,295528,25881,11590.0,112649,4981.0,71,2.0,16037.0,0.024518827319238785,0.0875754581630167,0.26674968192523213,0.8593568122140711,12.656928954278444,0.10288595549006205,0.04421699260534936,0.054265585663625784,OK
40029,Oklahoma,Coal County,Coal County,5266,0.0,5266,0,109347.99999999999,5266,116,362.0,2116,134.0,2,0.0,0.0,0.0,0.022028104823395366,1.0,0.0,20.764906950246864,0.17107750472589792,0.06332703213610585,0.0,OK
40031,Oklahoma,Comanche County,Comanche County,121125,6587.0,58700,82532,2124926.6,118688,10308,7246.0,44720,3690.0,38,1.0,17656.0,0.054381836945304435,0.08510216718266254,0.4846233230134159,0.6813787409700722,17.90346623078997,0.1620304114490161,0.0825134168157424,0.14576676986584108,OK
40033,Oklahoma,Cotton County,Cotton County,5527,0.0,1982,0,112731.5,5527,39,363.0,2207,127.0,2,0.0,0.0,0.0,0.007056269223810386,0.35860322055364574,0.0,20.396508051384114,0.16447666515632078,0.05754417761667422,0.0,OK
40035,Oklahoma,Craig County,Craig County,14107,3733.0,9417,6428,269091.2,14107,2327,755.0,5424,287.0,5,1.0,6428.0,0.26462040121925284,0.16495356915006734,0.6675409371234139,0.4556603104841568,19.075012405188914,0.1391961651917404,0.052912979351032445,0.4556603104841568,OK
40037,Oklahoma,Creek County,Creek County,71754,0.0,22136,17231,1058842.2,71754,3090,4169.0,27662,1398.0,23,0.0,0.0,0.0,0.0430638013211807,0.30849848092092425,0.24013992251303062,14.756559913036206,0.15071216831754755,0.05053864507266286,0.0,OK
40039,Oklahoma,Custer County,Custer County,28513,8894.0,8894,21358,485312.4,28513,5239,1303.0,10859,531.0,7,2.0,8894.0,0.3119278925402448,0.18374074983340932,0.3119278925402448,0.7490618314453057,17.02074141619612,0.11999263283911962,0.048899530343493876,0.3119278925402448,OK
40041,Oklahoma,Delaware County,Delaware County,40397,3852.0,30097,3852,769045.1,40397,866,2682.0,16677,690.0,13,1.0,3852.0,0.09535361536747779,0.02143723543827512,0.7450305715770973,0.09535361536747779,19.037183454216898,0.16082029141932003,0.041374347904299336,0.09535361536747779,OK
40043,Oklahoma,Dewey County,Dewey County,4484,0.0,0,0,63494.3,4484,679,148.0,1736,41.0,3,0.0,0.0,0.0,0.1514272970561998,0.0,0.0,14.160191793041928,0.08525345622119816,0.023617511520737326,0.0,OK
40045,Oklahoma,Ellis County,Ellis County,3749,0.0,0,0,48470.5,3749,425,170.0,1581,58.0,2,0.0,0.0,0.0,0.11336356361696452,0.0,0.0,12.928914377167244,0.10752688172043011,0.036685641998734975,0.0,OK
40047,Oklahoma,Garfield County,Garfield County,62846,0.0,22688,34874,779231.3,62846,774,3734.0,24198,1172.0,17,0.0,0.0,0.0,0.012315819622569455,0.3610094516755243,0.5549120071285364,12.399059606021067,0.15431027357632862,0.048433754855773205,0.0,OK
40049,Oklahoma,Garvin County,Garvin County,25656,0.0,12993,2802,438370.5,25656,87,1438.0,10164,494.0,9,0.0,0.0,0.0,0.0033910196445275957,0.5064312441534145,0.10921421889616464,17.086471000935454,0.1414797323888233,0.048602912239275875,0.0,OK
40051,Oklahoma,Grady County,Grady County,54795,0.0,11420,14988,677063.9,54795,1138,2534.0,20416,919.0,15,0.0,942.0,0.0,0.020768318277215075,0.20841317638470663,0.27352860662469203,12.3563080573045,0.12411833855799373,0.04501371473354232,0.01719134957569121,OK
40053,Oklahoma,Grant County,Grant County,4169,0.0,0,0,72973.2,4169,1764,191.0,1762,63.0,2,0.0,0.0,0.0,0.4231230510913888,0.0,0.0,17.503765891100983,0.10839954597048808,0.03575482406356413,0.0,OK
40055,Oklahoma,Greer County,Greer County,5491,0.0,0,0,89245.40000000001,5491,385,494.0,1940,100.0,2,0.0,0.0,0.0,0.07011473319978145,0.0,0.0,16.253032234565655,0.25463917525773194,0.05154639175257732,0.0,OK
40057,Oklahoma,Harmon County,Harmon County,2488,0.0,2488,0,56477.6,2488,411,215.0,1002,94.0,1,0.0,2488.0,0.0,0.16519292604501606,1.0,0.0,22.7,0.21457085828343314,0.09381237524950099,1.0,OK
40059,Oklahoma,Harper County,Harper County,3272,0.0,1812,0,44254.4,3272,415,59.0,1344,18.0,2,0.0,0.0,0.0,0.12683374083129584,0.5537897310513448,0.0,13.52518337408313,0.04389880952380952,0.013392857142857142,0.0,OK
40061,Oklahoma,Haskell County,Haskell County,11561,0.0,11561,0,240023.40000000002,11561,0,1019.0,4556,253.0,4,0.0,4097.0,0.0,0.0,1.0,0.0,20.761473920941096,0.2236611062335382,0.05553116769095698,0.35438110890061414,OK
40063,Oklahoma,Hughes County,Hughes County,13367,0.0,8519,2511,283476.7,13367,88,638.0,4618,129.0,5,0.0,0.0,0.0,0.006583376973142815,0.6373157776614049,0.1878506770404728,21.207204309119476,0.13815504547423127,0.02793417063663924,0.0,OK
40065,Oklahoma,Jackson County,Jackson County,24785,0.0,10310,19223,382258.4,24785,1022,1494.0,9795,627.0,8,0.0,0.0,0.0,0.041234617712326005,0.4159774056889248,0.7755900746419205,15.42297357272544,0.15252679938744257,0.06401225114854518,0.0,OK
40067,Oklahoma,Jefferson County,Jefferson County,5337,0.0,5337,0,123615.0,5337,278,487.0,2168,197.0,3,0.0,0.0,0.0,0.05208918868278059,1.0,0.0,23.161888701517707,0.2246309963099631,0.09086715867158672,0.0,OK
40069,Oklahoma,Johnston County,Johnston County,10272,0.0,6314,0,241364.4,10272,697,756.0,3961,220.0,4,0.0,0.0,0.0,0.06785436137071651,0.6146806853582555,0.0,23.49731308411215,0.19086089371370865,0.055541529916687704,0.0,OK
40071,Oklahoma,Kay County,Kay County,43700,3575.0,17474,27670,696082.2000000001,43700,2175,2880.0,17571,1002.0,11,1.0,8503.0,0.08180778032036613,0.04977116704805492,0.39986270022883297,0.6331807780320367,15.928654462242564,0.16390643674235958,0.0570257811166126,0.1945766590389016,OK
40073,Oklahoma,Kingfisher County,Kingfisher County,15184,0.0,0,0,196472.6,15184,1087,466.0,5624,232.0,4,0.0,0.0,0.0,0.07158851422550053,0.0,0.0,12.939449420442571,0.08285917496443812,0.041251778093883355,0.0,OK
40075,Oklahoma,Kiowa County,Kiowa County,8509,0.0,7107,0,193076.2,8509,372,715.0,3553,166.0,3,0.0,0.0,0.0,0.043718415795040544,0.8352332824068633,0.0,22.690821483135505,0.20123839009287925,0.04672108077680833,0.0,OK
40077,Oklahoma,Latimer County,Latimer County,9444,0.0,9444,0,195634.4,9444,6,731.0,3794,144.0,3,0.0,0.0,0.0,0.0006353240152477764,1.0,0.0,20.715205421431595,0.19267264101212442,0.037954665260938325,0.0,OK
40079,Oklahoma,Le Flore County,Le Flore County,48129,3722.0,25040,11135,939540.1,48129,1525,3768.0,18325,1127.0,12,1.0,14081.0,0.07733383199318498,0.031685678073510776,0.5202684452201376,0.2313573936711754,19.521288620166636,0.2056207366984993,0.06150068212824011,0.2925678904610526,OK
40081,Oklahoma,Lincoln County,Lincoln County,33458,0.0,12821,0,585855.4,33458,0,1968.0,12954,441.0,8,0.0,0.0,0.0,0.0,0.3831968438041724,0.0,17.510173949429134,0.15192218619731357,0.034043538675312644,0.0,OK
40083,Oklahoma,Logan County,Logan County,49555,0.0,7817,13373,580982.2,49555,3343,1907.0,17565,605.0,13,0.0,0.0,0.0,0.067460397538089,0.15774392089597417,0.26986176975078197,11.723987488648975,0.1085681753487048,0.03444349558781668,0.0,OK
40085,Oklahoma,Love County,Love County,10146,0.0,3096,0,151068.3,10146,162,537.0,3976,126.0,3,0.0,0.0,0.0,0.01596688350088705,0.30514488468361917,0.0,14.889444115907747,0.13506036217303824,0.03169014084507042,0.0,OK
40087,Oklahoma,McClain County,McClain County,41662,0.0,0,5624,363089.60000000003,41662,580,1281.0,15235,258.0,9,0.0,0.0,0.0,0.01392155921463204,0.0,0.1349911190053286,8.715126494167347,0.08408270429931079,0.016934689858877583,0.0,OK
40089,Oklahoma,McCurtain County,McCurtain County,30814,5689.0,18996,5689,660469.6,30814,2119,2376.0,12009,802.0,9,1.0,5689.0,0.1846238722658532,0.0687674433698968,0.6164730317388201,0.1846238722658532,21.434075420263515,0.19785161129153137,0.06678324589890915,0.1846238722658532,OK
40091,Oklahoma,McIntosh County,McIntosh County,18941,0.0,16175,0,398475.2,18941,74,1589.0,7943,391.0,8,0.0,2803.0,0.0,0.0039068686975344494,0.853967583548915,0.0,21.037706562483503,0.2000503588064963,0.0492257333501196,0.14798585079985216,OK
40093,Oklahoma,Major County,Major County,7782,0.0,0,0,85635.9,7782,409,405.0,3082,90.0,3,0.0,0.0,0.0,0.05255718324338216,0.0,0.0,11.004356206630685,0.13140817650876055,0.029201817001946788,0.0,OK
40095,Oklahoma,Marshall County,Marshall County,15312,0.0,9946,0,246262.0,15312,0,723.0,6107,186.0,6,0.0,0.0,0.0,0.0,0.6495559038662487,0.0,16.082941483803552,0.11838873423939741,0.030456852791878174,0.0,OK
40097,Oklahoma,Mayes County,Mayes County,39046,5132.0,20528,13798,643439.4,39046,6076,2160.0,15219,687.0,10,1.0,9618.0,0.1314347180248937,0.1556113302258874,0.5257388720995748,0.35337806689545664,16.479009373559393,0.1419278533412182,0.04514094224324857,0.24632484761563284,OK
40099,Oklahoma,Murray County,Murray County,13904,0.0,3791,3656,179459.3,13904,986,605.0,5423,204.0,5,0.0,0.0,0.0,0.07091484464902187,0.2726553509781358,0.262945914844649,12.907026754890678,0.11156186612576065,0.03761755485893417,0.0,OK
40101,Oklahoma,Muskogee County,Muskogee County,66339,4584.0,27779,39127,1253150.2,66339,3639,5071.0,25525,1931.0,20,2.0,9183.0,0.06909962465518021,0.05485461041016597,0.41874312244682615,0.5898038861001824,18.89009783083857,0.198667972575906,0.07565132223310479,0.13842536064758287,OK
40103,Oklahoma,Noble County,Noble County,10924,0.0,0,3352,140696.3,10924,759,450.0,4353,97.0,4,0.0,0.0,0.0,0.06948004393994874,0.0,0.30684730867813986,12.879558769681434,0.10337698139214335,0.02228348265563979,0.0,OK
40105,Oklahoma,Nowata County,Nowata County,9320,0.0,5589,0,161754.3,9320,104,648.0,3794,146.0,4,0.0,0.0,0.0,0.011158798283261802,0.5996781115879828,0.0,17.355611587982832,0.17079599367422246,0.03848181338956247,0.0,OK
40107,Oklahoma,Okfuskee County,Okfuskee County,11310,0.0,8555,0,292495.3,11310,348,761.0,3977,337.0,4,0.0,3125.0,0.0,0.03076923076923077,0.7564102564102564,0.0,25.861653404067194,0.1913502640181041,0.08473723912496857,0.27630415561450045,OK
40109,Oklahoma,Oklahoma County,Oklahoma County,796292,14.0,379039,729057,12824719.1,794962,45987,48425.0,317334,21827.0,266,1.0,12509.0,1.7581490207109954e-05,0.05775142786816896,0.47600503332948213,0.9155648932803544,16.132493251249745,0.15259946932884594,0.06878241852433083,0.015709061500052746,OK
40111,Oklahoma,Okmulgee County,Okmulgee County,36706,4456.0,16695,12395,671065.0,36706,1285,3042.0,14134,937.0,11,1.0,9657.0,0.12139704680433716,0.03500790061570316,0.4548302729798943,0.3376832125538059,18.282160954612326,0.21522569690108956,0.06629404273383331,0.26309050291505476,OK
40113,Oklahoma,Osage County,Osage County,45818,0.0,12991,9317,605559.3,45818,1872,2418.0,17554,984.0,13,0.0,5403.0,0.0,0.040857304989305517,0.2835348552970448,0.20334802915884587,13.216624470732027,0.13774638259086247,0.05605559986327902,0.11792308699637696,OK
40115,Oklahoma,Ottawa County,Ottawa County,30285,4327.0,18360,14407,630733.8,30285,1506,2096.0,11859,726.0,9,1.0,9899.0,0.14287601122667987,0.04972758791480931,0.6062407132243685,0.4757140498596665,20.826607231302628,0.17674340163588836,0.06121932709334683,0.3268614825821364,OK
40117,Oklahoma,Pawnee County,Pawnee County,15553,0.0,8950,0,283083.3,15553,8,947.0,6056,241.0,5,0.0,0.0,0.0,0.0005143702179643798,0.57545168134765,0.0,18.20120234038449,0.15637384412153235,0.039795244385733154,0.0,OK
40119,Oklahoma,Payne County,Payne County,81646,7527.0,44768,52244,1968512.0999999999,81646,7122,3303.0,30958,1924.0,23,2.0,12605.0,0.09219067682433922,0.08723023785611053,0.5483183499497832,0.6398843789040491,24.110331185851113,0.10669293882033723,0.062148717617417144,0.15438600788771037,OK
40121,Oklahoma,Pittsburg County,Pittsburg County,43773,0.0,14478,16633,768576.6,43773,641,3243.0,17339,1261.0,14,0.0,6861.0,0.0,0.01464373015329084,0.33075183332191077,0.3799830946016951,17.55823452813378,0.18703500778591614,0.07272622411903801,0.15674045644575424,OK
40123,Oklahoma,Pontotoc County,Pontotoc County,38065,4031.0,7744,20347,492998.3,38065,5457,2330.0,15179,972.0,11,1.0,4031.0,0.10589780638381716,0.14336004203336397,0.2034414816760804,0.5345330355970052,12.951485616708261,0.15350154819158046,0.06403583898807563,0.10589780638381716,OK
40125,Oklahoma,Pottawatomie County,Pottawatomie County,72454,0.0,17081,28405,1146078.6,72454,1355,5005.0,26817,1167.0,20,0.0,4582.0,0.0,0.018701520965026086,0.23574957904325503,0.3920418472410081,15.818016948684685,0.18663534325241452,0.043517171943170375,0.06324012476881884,OK
40127,Oklahoma,Pushmataha County,Pushmataha County,10812,0.0,8241,0,224506.50000000003,10812,984,785.0,4443,298.0,4,0.0,2627.0,0.0,0.09100998890122086,0.7622086570477248,0.0,20.764567147613764,0.1766824217870808,0.0670717983344587,0.24297077321494637,OK
40129,Oklahoma,Roger Mills County,Roger Mills County,3442,0.0,0,0,50597.399999999994,3442,1481,148.0,1397,24.0,1,0.0,0.0,0.0,0.4302730970366066,0.0,0.0,14.699999999999998,0.10594130279169649,0.01717967072297781,0.0,OK
40131,Oklahoma,Rogers County,Rogers County,95240,0.0,17736,33144,847584.6,95240,4354,3941.0,35179,1012.0,28,0.0,0.0,0.0,0.04571608567828644,0.18622427551448972,0.348005039899202,8.899460310793783,0.11202706159924955,0.02876716222746525,0.0,OK
40133,Oklahoma,Seminole County,Seminole County,23556,2466.0,18350,4404,515440.8,23556,709,2014.0,8978,614.0,9,1.0,2466.0,0.10468670402445236,0.030098488707760232,0.7789947359483783,0.1869587366276108,21.881507896077434,0.22432613054132322,0.06838939630207173,0.10468670402445236,OK
40135,Oklahoma,Sequoyah County,Sequoyah County,39281,0.0,25624,8805,794287.5,39281,726,3283.0,15309,806.0,12,0.0,2099.0,0.0,0.018482217866143937,0.652325551793488,0.22415417122782005,20.220653751177412,0.2144490169181527,0.05264876869815142,0.053435503169471245,OK
40137,Oklahoma,Stephens County,Stephens County,42848,0.0,10697,24790,772473.4,42848,7344,3096.0,17268,1002.0,11,0.0,5573.0,0.0,0.1713965646004481,0.24964992531740104,0.5785567587752054,18.028225354742347,0.17929117442668518,0.05802640722724114,0.13006441374159822,OK
40139,Oklahoma,Texas County,Texas County,21384,5881.0,5881,16333,323444.2,21384,5813,458.0,7376,345.0,6,2.0,5881.0,0.2750187055742611,0.27183875794986906,0.2750187055742611,0.7637953610175833,15.125523756079312,0.062093275488069415,0.046773318872017355,0.2750187055742611,OK
40141,Oklahoma,Tillman County,Tillman County,6968,0.0,3787,0,148329.80000000002,6968,20,517.0,2815,257.0,5,0.0,0.0,0.0,0.0028702640642939152,0.5434845005740528,0.0,21.287284730195182,0.18365896980461813,0.09129662522202486,0.0,OK
40143,Oklahoma,Tulsa County,Tulsa County,669279,5157.0,245384,622527,10032714.6,669279,31548,34993.0,266836,17116.0,208,2.0,16264.0,0.0077053067554786565,0.04713729251926327,0.36663932380965186,0.930145723980582,14.990332282949263,0.13114047579786836,0.06414426838957261,0.02430077740374343,OK
40145,Oklahoma,Wagoner County,Wagoner County,80981,4346.0,10914,43487,759154.2,80981,10833,2692.0,29964,838.0,25,1.0,4346.0,0.05366690952198664,0.13377211938602881,0.13477235400896506,0.5370025067608452,9.37447302453662,0.08984114270457882,0.027966893605660126,0.05366690952198664,OK
40147,Oklahoma,Washington County,Washington County,52455,0.0,17965,39137,851799.9,52455,4806,3254.0,21071,1111.0,14,0.0,9805.0,0.0,0.0916213897626537,0.3424840339338481,0.7461061862548851,16.2386788676008,0.15443025959850032,0.05272649613212472,0.1869221237250977,OK
40149,Oklahoma,Washita County,Washita County,10924,1750.0,5526,0,149784.8,10924,719,616.0,4229,123.0,4,1.0,1750.0,0.16019772976931526,0.06581838154522153,0.5058586598315635,0.0,13.71153423654339,0.14566091274532986,0.02908489004492788,0.16019772976931526,OK
40151,Oklahoma,Woods County,Woods County,8624,2540.0,5362,2822,172211.40000000002,8624,1103,328.0,3346,282.0,4,1.0,5362.0,0.2945269016697588,0.12789888682745826,0.6217532467532467,0.32722634508348797,19.968854359925793,0.09802749551703527,0.08427973699940228,0.6217532467532467,OK
40153,Oklahoma,Woodward County,Woodward County,20470,4114.0,7540,12407,285149.9,20470,5399,731.0,7728,317.0,5,1.0,4114.0,0.2009770395701026,0.26375183194919394,0.3683439179286761,0.6061064973131411,13.930136785539815,0.09459109730848861,0.04101966873706004,0.2009770395701026,OK
41001,Oregon,Baker County,Baker County,16668,0.0,7545,6279,245972.19999999998,16668,1504,1225.0,7201,392.0,6,0.0,2051.0,0.0,0.0902327813774898,0.4526637868970482,0.37670986321094313,14.757151427885768,0.17011526176919872,0.05443688376614359,0.123050155987521,OR
41003,Oregon,Benton County,Benton County,95184,5215.0,40929,74185,1945201.7,95184,14661,5123.0,37447,2867.0,22,1.0,13295.0,0.05478861993612372,0.15402798789712557,0.42999873928391324,0.7793851907883678,20.436225626155657,0.13680668678398802,0.07656154031030524,0.1396768364430997,OR
41005,Oregon,Clackamas County,Clackamas County,421401,8940.0,52859,338095,3244100.7,421401,41926,16492.0,160503,7916.0,87,3.0,13133.0,0.021214947282991736,0.09949193286204826,0.1254363421064497,0.8023118122643278,7.69836972384973,0.10275197348336168,0.04931995040591142,0.031165089783840097,OR
41007,Oregon,Clatsop County,Clatsop County,41072,3072.0,11387,17794,510669.60000000003,41072,3333,2752.0,17533,1387.0,11,1.0,6526.0,0.07479548110634983,0.08115017530190884,0.27724483833268404,0.43323918971562136,12.433521620568758,0.15696115895739463,0.07910796783208807,0.15889170237631475,OR
41009,Oregon,Columbia County,Columbia County,52589,0.0,26084,16710,464593.1,52589,799,3258.0,20457,915.0,11,0.0,7285.0,0.0,0.015193291372720531,0.49599726178478387,0.31774705736941183,8.83441594249748,0.1592608886933568,0.044727965977416045,0.13852706839833426,OR
41011,Oregon,Coos County,Coos County,64929,3893.0,37713,34182,1025256.5,64929,1795,6711.0,27662,2006.0,21,1.0,7573.0,0.05995780005852547,0.027645582097367893,0.5808344499376241,0.5264519706140554,15.79042492568806,0.2426071867543923,0.07251825609138891,0.11663509371775324,OR
41013,Oregon,Crook County,Crook County,24738,0.0,8436,3231,278041.5,24738,1373,1579.0,9975,533.0,7,0.0,0.0,0.0,0.055501657369229525,0.34101382488479265,0.1306087800145525,11.23944943002668,0.15829573934837093,0.05343358395989975,0.0,OR
41015,Oregon,Curry County,Curry County,23446,0.0,20521,7139,356977.8,23446,905,1676.0,10953,452.0,7,0.0,7139.0,0.0,0.03859933464130342,0.8752452443913674,0.3044869060820609,15.225531007421308,0.1530174381448005,0.04126723272162878,0.3044869060820609,OR
41017,Oregon,Deschutes County,Deschutes County,198253,4385.0,32047,137124,1738874.8,198253,26565,8417.0,80217,3411.0,45,1.0,13516.0,0.022118202498827257,0.13399545025800366,0.1616469864264349,0.6916616646406359,8.77098858529253,0.10492788311704501,0.04252215864467632,0.06817551310698955,OR
41019,Oregon,Douglas County,Douglas County,111201,8663.0,64025,49886,1811912.1,111201,3498,10041.0,45817,2452.0,29,2.0,29975.0,0.07790397568367191,0.03145655164971538,0.575759210798464,0.4486110736414241,16.294027032131005,0.2191544623174804,0.0535172534212192,0.2695569284448881,OR
41021,Oregon,Gilliam County,Gilliam County,1995,0.0,0,0,30523.5,1995,448,101.0,866,45.0,1,0.0,0.0,0.0,0.22456140350877193,0.0,0.0,15.3,0.11662817551963048,0.05196304849884527,0.0,OR
41023,Oregon,Grant County,Grant County,7233,1561.0,3611,0,92875.9,7233,1038,538.0,3300,83.0,3,1.0,3611.0,0.21581639706898936,0.1435089174616342,0.4992395962947601,0.0,12.840577906815982,0.16303030303030303,0.02515151515151515,0.4992395962947601,OR
41025,Oregon,Harney County,Harney County,7495,2165.0,5026,2469,102229.8,7495,1869,723.0,3174,245.0,3,1.0,2165.0,0.28885923949299536,0.2493662441627752,0.6705803869246164,0.3294196130753836,13.639733155436959,0.2277882797731569,0.07718966603654695,0.28885923949299536,OR
41027,Oregon,Hood River County,Hood River County,23977,0.0,0,14009,194371.0,23977,2711,1202.0,8965,516.0,6,0.0,0.0,0.0,0.11306668891020562,0.0,0.5842682570797014,8.106560453768195,0.13407696597880647,0.05755716675962075,0.0,OR
41029,Oregon,Jackson County,Jackson County,223259,18580.0,79655,168206,2778322.0,223259,15523,16488.0,90467,5299.0,52,4.0,22679.0,0.08322172902324207,0.06952911192829853,0.35678292924361393,0.7534119565168705,12.444389699855325,0.1822543026739032,0.058573844606320535,0.1015815711796613,OR
41031,Oregon,Jefferson County,Jefferson County,24502,6282.0,15025,9970,337900.69999999995,24502,1694,2176.0,8680,397.0,8,1.0,10534.0,0.25638723369520855,0.06913721328871113,0.6132152477348788,0.4069055587298996,13.790739531466818,0.25069124423963135,0.045737327188940094,0.4299240878295649,OR
41033,Oregon,Josephine County,Josephine County,88090,9796.0,71851,46918,1380721.1,88090,4083,8836.0,36024,1763.0,22,2.0,15524.0,0.11120444999432398,0.0463503235327506,0.8156544443183108,0.5326143716653423,15.673982290838916,0.24528092382855873,0.04893959582500555,0.17622885685094788,OR
41035,Oregon,Klamath County,Klamath County,69413,2478.0,45513,43573,1257446.2,69413,3210,6861.0,28634,1921.0,22,1.0,13030.0,0.03569936467232363,0.0462449397087001,0.6556840937576535,0.6277354386066011,18.115427945773845,0.23961025354473703,0.06708807711112663,0.18771699825681068,OR
41037,Oregon,Lake County,Lake County,8160,2761.0,2761,0,120345.6,8160,1806,591.0,3387,178.0,2,1.0,2761.0,0.3383578431372549,0.2213235294117647,0.3383578431372549,0.0,14.748235294117647,0.1744906997342781,0.05255388249188072,0.3383578431372549,OR
41039,Oregon,Lane County,Lane County,382971,10006.0,158800,297341,6038775.4,382971,15373,30686.0,156594,12300.0,92,2.0,33575.0,0.026127304678422125,0.04014142062976048,0.41465280660937776,0.7764060464108249,15.768231537113778,0.19595897671686016,0.07854707076899498,0.0876698235636641,OR
41041,Oregon,Lincoln County,Lincoln County,50395,3401.0,28704,21307,809754.0,50395,5061,4876.0,22707,1033.0,18,1.0,3401.0,0.06748685385454906,0.10042662962595496,0.5695803155074908,0.42279988094056953,16.068141680722295,0.21473554410534196,0.04549257938080768,0.06748685385454906,OR
41043,Oregon,Linn County,Linn County,128610,8008.0,50791,76124,1683485.0,128610,5590,10009.0,49344,2150.0,28,2.0,15905.0,0.06226576471502993,0.0434647383562709,0.39492263432081487,0.5918979861597077,13.08984526864163,0.2028412775616083,0.04357166018158236,0.12366845501904984,OR
41045,Oregon,Malheur County,Malheur County,31571,5670.0,22148,9526,542004.8,31571,1950,2916.0,10505,694.0,8,1.0,15196.0,0.1795951981248614,0.061765544328656045,0.7015298850210636,0.3017326027050141,17.16780589781762,0.2775821037601142,0.06606377915278439,0.48132780082987553,OR
41047,Oregon,Marion County,Marion County,345920,10865.0,120271,277851,4515927.2,345920,22332,24964.0,122586,7892.0,65,2.0,24656.0,0.03140899629972248,0.06455827937095282,0.3476844357076781,0.8032232886216466,13.054831174838114,0.20364478814872825,0.06437929290457312,0.07127659574468086,OR
41049,Oregon,Morrow County,Morrow County,12186,0.0,9021,0,159481.3,12186,588,843.0,4214,151.0,3,0.0,4924.0,0.0,0.0482520925652388,0.7402757262432299,0.0,13.087255867388805,0.20004746084480304,0.03583293782629331,0.4040702445429181,OR
41051,Oregon,Multnomah County,Multnomah County,815428,5508.0,287467,801236,10323888.5,815373,20757,56291.0,341507,44147.0,197,2.0,25861.0,0.006754734936744875,0.025455343696807076,0.3525351103960129,0.9825956430242768,12.661553056085987,0.16483117476362125,0.12927114231919112,0.03171463329686987,OR
41053,Oregon,Polk County,Polk County,87433,12205.0,26727,60961,1114594.1,87433,11478,6530.0,32135,1596.0,16,2.0,12205.0,0.1395926023355026,0.1312776640398934,0.30568549632289865,0.6972310226115997,12.74797959580479,0.20320522794460869,0.04966547378248016,0.1395926023355026,OR
41055,Oregon,Sherman County,Sherman County,1870,0.0,1870,0,41140.0,1870,174,191.0,826,50.0,1,0.0,0.0,0.0,0.09304812834224599,1.0,0.0,22.0,0.23123486682808717,0.06053268765133172,0.0,OR
41057,Oregon,Tillamook County,Tillamook County,27390,4828.0,12452,7021,342566.0,27390,1423,1921.0,11727,517.0,10,1.0,4828.0,0.17626871120847024,0.05195326761591822,0.45461847389558235,0.25633442862358524,12.506973347937203,0.16381001108552912,0.04408629658054063,0.17626871120847024,OR
41059,Oregon,Umatilla County,Umatilla County,80075,17490.0,50518,41206,946867.6,80075,7597,5875.0,28372,1507.0,18,3.0,25170.0,0.2184202310334062,0.09487355604121137,0.6308835466749922,0.5145925694661255,11.824759288167343,0.2070703510503313,0.053115747920484985,0.3143303153293787,OR
41061,Oregon,Union County,Union County,26196,7306.0,16741,14269,421754.7,26196,2332,2114.0,10779,794.0,8,2.0,7306.0,0.278897541609406,0.08902122461444495,0.6390670331348297,0.5447014811421591,16.09996564360971,0.1961220892476111,0.0736617496984878,0.278897541609406,OR
41063,Oregon,Wallowa County,Wallowa County,7391,0.0,7391,0,57637.9,7391,458,406.0,3376,126.0,3,0.0,0.0,0.0,0.061967257475307805,1.0,0.0,7.798389933703152,0.12026066350710901,0.037322274881516584,0.0,OR
41065,Oregon,Wasco County,Wasco County,26670,4542.0,11485,17208,315545.5,26670,1448,2299.0,10553,638.0,8,1.0,8355.0,0.1703037120359955,0.05429321334833146,0.4306336707911511,0.6452193475815523,11.831477315335583,0.21785274329574528,0.060456742158627876,0.31327334083239594,OR
41067,Oregon,Washington County,Washington County,600372,5608.0,99371,557363,4888464.7,600372,47809,24720.0,226799,13218.0,134,1.0,25583.0,0.009340875323965808,0.0796322946439874,0.16551571359090697,0.9283627484293072,8.142392883079157,0.10899518957314627,0.05828068024991292,0.04261191394668639,OR
41069,Oregon,Wheeler County,Wheeler County,1451,0.0,1451,0,15670.800000000001,1451,304,78.0,686,24.0,1,0.0,0.0,0.0,0.20951068228807718,1.0,0.0,10.8,0.11370262390670553,0.03498542274052478,0.0,OR
41071,Oregon,Yamhill County,Yamhill County,107722,3777.0,46657,63393,1104176.0,107722,8733,6210.0,38011,2172.0,19,1.0,14865.0,0.03506247563171868,0.0810697907576911,0.43312415291212564,0.5884870314327622,10.250236720447077,0.16337376022730263,0.057141353818631446,0.13799409591355527,OR
42001,Pennsylvania,Adams County,Adams County,103852,0.0,13825,24890,880949.0,103852,2379,3350.0,40270,1832.0,27,0.0,0.0,0.0,0.022907599275892615,0.13312213534645456,0.23966798906135656,8.482735046027038,0.08318847777501863,0.04549292277129377,0.0,PA
42003,Pennsylvania,Allegheny County,Allegheny County,1250578,4270.0,350366,1199750,14880365.9,1248756,110199,70877.0,551013,65143.0,394,2.0,46237.0,0.003414421171650229,0.08811845402685799,0.28016325251203844,0.9593563936035977,11.91615167414611,0.128630358993345,0.1182240709384352,0.03697250391419008,PA
42005,Pennsylvania,Armstrong County,Armstrong County,65558,0.0,36778,18874,773134.3,65558,3014,4387.0,28061,2195.0,19,0.0,0.0,0.0,0.045974556880929864,0.5609994203605967,0.28789773940632724,11.793134323804876,0.15633797797655108,0.07822244396136988,0.0,PA
42007,Pennsylvania,Beaver County,Beaver County,168215,0.0,57086,114067,1689620.8,168215,15380,10006.0,71971,5421.0,53,0.0,14689.0,0.0,0.09143060963647713,0.3393633148054573,0.6781024284397943,10.044412210563863,0.13902821969960122,0.07532200469633603,0.08732277145319978,PA
42009,Pennsylvania,Bedford County,Bedford County,47577,0.0,16466,7970,548285.4,47577,2989,3116.0,20041,1128.0,12,0.0,2747.0,0.0,0.06282447401055131,0.3460915988818126,0.1675179183218782,11.524169241440193,0.15548126341000948,0.05628461653610099,0.057737982638669944,PA
42011,Pennsylvania,Berks County,Berks County,428849,0.0,108273,301561,5450534.5,428849,29431,22640.0,161485,14157.0,107,0.0,0.0,0.0,0.06862788533959506,0.25247348134191755,0.7031869026160723,12.709682195831167,0.14019878007245254,0.08766758522463387,0.0,PA
42013,Pennsylvania,Blair County,Blair County,122822,0.0,44596,69709,1488465.9,122822,2714,9068.0,51227,4324.0,38,0.0,0.0,0.0,0.022097018449463452,0.36309455960658515,0.5675611861067236,12.118886681539138,0.17701602670466746,0.08440861264567513,0.0,PA
42015,Pennsylvania,Bradford County,Bradford County,59967,0.0,31550,14456,760303.6,59967,51,3572.0,24789,1710.0,15,0.0,0.0,0.0,0.0008504677572664966,0.5261227008187837,0.24106591958910734,12.678699951640068,0.14409617168905564,0.06898220985114366,0.0,PA
42017,Pennsylvania,Bucks County,Bucks County,646538,0.0,56315,540043,3935043.1,646538,86614,19418.0,245587,12107.0,147,0.0,8261.0,0.0,0.13396583031469148,0.08710238222656673,0.8352842369667367,6.086329187147546,0.07906770309503353,0.049298212038910855,0.012777284552493435,PA
42019,Pennsylvania,Butler County,Butler County,193763,0.0,18880,93424,1805378.1,193763,18226,7285.0,78727,4415.0,47,0.0,7603.0,0.0,0.0940633660709217,0.09743862347300568,0.4821560359821018,9.317455344931695,0.09253496259224916,0.05607987094643515,0.039238657535236345,PA
42021,Pennsylvania,Cambria County,Cambria County,133472,0.0,56805,61994,1875130.8,133472,3343,10559.0,56370,5807.0,42,0.0,8446.0,0.0,0.02504645169024215,0.42559488132342366,0.4644719491728602,14.048870175017981,0.18731594819939684,0.10301578854000355,0.06327918964277152,PA
42023,Pennsylvania,Cameron County,Cameron County,4547,0.0,4547,0,61400.59999999999,4547,497,577.0,2120,227.0,2,0.0,2624.0,0.0,0.10930283703540797,1.0,0.0,13.503540796129315,0.27216981132075474,0.10707547169811321,0.5770837915108863,PA
42025,Pennsylvania,Carbon County,Carbon County,64749,0.0,35071,18102,800115.6,64749,282,4252.0,26850,1745.0,17,0.0,0.0,0.0,0.004355279618218042,0.5416454308174644,0.27957188528008153,12.357188528008153,0.1583612662942272,0.06499068901303538,0.0,PA
42027,Pennsylvania,Centre County,Centre County,158172,4480.0,54508,94568,3244851.5,153780,13880,4910.0,59357,6579.0,41,1.0,4480.0,0.0283235970968313,0.0877525731482184,0.3446121943201072,0.5978807880029335,21.100608011444923,0.08271981400677259,0.11083781188402379,0.0283235970968313,PA
42029,Pennsylvania,Chester County,Chester County,534413,5242.0,38389,409952,3170594.5,534413,109879,11536.0,197119,8790.0,124,2.0,12010.0,0.009808893121986179,0.20560689953275837,0.07183395613504912,0.7671070875895609,5.932854365443954,0.05852302416306901,0.04459235284269908,0.022473255702986267,PA
42031,Pennsylvania,Clarion County,Clarion County,37241,0.0,26535,3931,496320.0,37241,0,2363.0,15298,981.0,13,0.0,0.0,0.0,0.0,0.7125211460487098,0.1055557047340297,13.327246851588303,0.15446463590011766,0.06412602954634593,0.0,PA
42033,Pennsylvania,Clearfield County,Clearfield County,80562,4993.0,48991,29687,1174730.2,80562,7937,6255.0,32435,2401.0,20,1.0,4993.0,0.06197711079665351,0.09852039423053052,0.6081154886919391,0.3684987959583923,14.581691119882823,0.19284723292739325,0.07402497302296901,0.06197711079665351,PA
42035,Pennsylvania,Clinton County,Clinton County,37450,0.0,23492,12166,539685.8,36585,843,2457.0,15199,1382.0,10,0.0,6935.0,0.0,0.022510013351134846,0.6272897196261682,0.32485981308411216,14.75155938226049,0.16165537206395159,0.09092703467333377,0.18518024032042724,PA
42037,Pennsylvania,Columbia County,Columbia County,64727,0.0,23581,26521,929668.6,64727,80,2826.0,26386,1917.0,16,0.0,0.0,0.0,0.0012359602638775163,0.3643147372811964,0.40973627697869514,14.362918102183015,0.1071022511938149,0.07265216402637763,0.0,PA
42039,Pennsylvania,Crawford County,Crawford County,83938,4528.0,51224,32154,1197359.6,83938,5597,6313.0,33930,3560.0,23,1.0,8263.0,0.053944578141008837,0.06668016869594225,0.6102599537754057,0.38306845528842715,14.264809740522768,0.1860595343353964,0.10492189802534631,0.09844170697419524,PA
42041,Pennsylvania,Cumberland County,Cumberland County,259469,5563.0,50544,190091,1945026.2,256585,27958,8281.0,103405,5365.0,55,1.0,12871.0,0.021439940802176753,0.1077508295788707,0.19479783712119753,0.7326154569524683,7.580436112789134,0.08008316812533244,0.05188337121028964,0.0496051551437744,PA
42043,Pennsylvania,Dauphin County,Dauphin County,286401,12598.0,100171,241133,3645458.5,286401,28129,16085.0,116761,11383.0,67,3.0,15143.0,0.04398727658073819,0.09821543919190226,0.3497578569907228,0.8419418926609893,12.728511771956104,0.1377600397392965,0.09748974400698864,0.05287341873806307,PA
42045,Pennsylvania,Delaware County,Delaware County,576830,0.0,182138,561743,5867465.3,576830,48716,28783.0,215498,20907.0,152,0.0,5456.0,0.0,0.08445469202364649,0.31575680876514745,0.9738449803234922,10.171914255499887,0.13356504468718966,0.09701714169041012,0.009458592652948008,PA
42047,Pennsylvania,Elk County,Elk County,30990,0.0,4039,14772,270805.5,30990,1425,1932.0,13590,835.0,9,0.0,4039.0,0.0,0.045982575024201354,0.1303323652791223,0.47666989351403677,8.738480154888673,0.1421633554083885,0.06144223693892568,0.1303323652791223,PA
42049,Pennsylvania,Erie County,Erie County,270876,0.0,112705,196243,4109551.5,268597,13232,21112.0,109371,10958.0,73,0.0,13224.0,0.0,0.04884891980094213,0.41607599049011357,0.7244754057206988,15.300064781066059,0.1930310594216017,0.10019109270281884,0.048819385992114474,PA
42051,Pennsylvania,Fayette County,Fayette County,128804,8538.0,86368,51632,2162230.6,128804,6495,12964.0,54089,4969.0,36,2.0,14664.0,0.06628676128070557,0.05042545262569485,0.6705381820440359,0.40085711623862613,16.78698332349927,0.23967904749579397,0.09186710791473313,0.11384739604360113,PA
42053,Pennsylvania,Forest County,Forest County,6973,0.0,6973,0,68918.8,6973,0,268.0,2034,128.0,2,0.0,0.0,0.0,0.0,1.0,0.0,9.883665567187725,0.13176007866273354,0.06293018682399214,0.0,PA
42055,Pennsylvania,Franklin County,Franklin County,155932,4117.0,39425,69550,1318793.1,155932,14918,6967.0,62067,2928.0,33,1.0,13953.0,0.026402534438088397,0.09566990739553138,0.2528345689146551,0.446027755688377,8.4574885206372,0.11224966568385776,0.047174827202861425,0.08948131236692917,PA
42057,Pennsylvania,Fulton County,Fulton County,14556,0.0,0,0,163831.90000000002,14556,0,883.0,6087,336.0,3,0.0,0.0,0.0,0.0,0.0,0.0,11.255283044792527,0.1450632495482175,0.05519960571710202,0.0,PA
42059,Pennsylvania,Greene County,Greene County,35954,0.0,9285,8410,484350.1,35954,376,2977.0,14058,676.0,10,0.0,0.0,0.0,0.010457807198086444,0.25824664849529955,0.2339099961061356,13.471382878122045,0.21176554275145826,0.048086498790724144,0.0,PA
42061,Pennsylvania,Huntingdon County,Huntingdon County,44092,0.0,16729,10139,431709.2,44092,707,2191.0,16804,1162.0,13,0.0,0.0,0.0,0.016034654812664428,0.3794112310623242,0.2299510115213644,9.791100426381202,0.1303856224708403,0.06915020233277791,0.0,PA
42063,Pennsylvania,Indiana County,Indiana County,83246,0.0,54807,29553,1256309.9,83246,2613,5289.0,33286,2444.0,24,0.0,5249.0,0.0,0.03138889556254955,0.6583739759267713,0.35500804843475964,15.091534728395358,0.15889563179715196,0.07342426245268281,0.06305408067654902,PA
42065,Pennsylvania,Jefferson County,Jefferson County,44492,0.0,29298,13485,629738.5,44492,2019,2728.0,18726,1518.0,13,0.0,0.0,0.0,0.04537894452935359,0.6585004045671132,0.3030881956306752,14.153971500494471,0.14567980348179002,0.08106376161486703,0.0,PA
42067,Pennsylvania,Juniata County,Juniata County,23509,0.0,8816,0,227511.2,23509,0,939.0,9249,626.0,6,0.0,0.0,0.0,0.0,0.37500531711259516,0.0,9.677621336509423,0.10152448913396042,0.06768299275597361,0.0,PA
42069,Pennsylvania,Lackawanna County,Lackawanna County,215896,0.0,78783,173704,3234374.9,215896,11645,15738.0,88745,8298.0,60,0.0,0.0,0.0,0.053938007188646386,0.36491180938970613,0.804572571979101,14.981171026790676,0.17733956842639023,0.093503859372359,0.0,PA
42071,Pennsylvania,Lancaster County,Lancaster County,552984,16080.0,84400,375753,4592957.0,552984,50594,19471.0,206467,18325.0,116,3.0,23306.0,0.029078599019139794,0.09149270141631584,0.15262647743876856,0.679500672713858,8.305768340494481,0.09430562753369788,0.08875510372117579,0.04214588487189503,PA
42073,Pennsylvania,Lawrence County,Lawrence County,86070,0.0,34323,50049,1029038.5,86070,3216,7368.0,35939,2890.0,28,0.0,1619.0,0.0,0.03736493551760195,0.3987800627396305,0.5814918089926804,11.955832461949576,0.205014051587412,0.08041403489245666,0.018810270709887302,PA
42075,Pennsylvania,Lebanon County,Lebanon County,143257,0.0,35937,96623,1423220.0999999999,143257,18397,6934.0,55808,3660.0,33,0.0,2336.0,0.0,0.12841955366927968,0.2508568516721696,0.6744731496541181,9.934733381265836,0.12424741972477064,0.06558199541284404,0.016306358502551358,PA
42077,Pennsylvania,Lehigh County,Lehigh County,374557,0.0,131006,330322,4364355.4,374557,32414,22198.0,142970,12050.0,81,0.0,3106.0,0.0,0.08653956540660034,0.34976251945631776,0.8819004851064057,11.652046017028116,0.15526334195985173,0.08428341610127998,0.008292462829422491,PA
42079,Pennsylvania,Luzerne County,Luzerne County,325594,9349.0,156723,249700,5039952.3,325594,16307,26482.0,134551,12819.0,101,3.0,19899.0,0.028713674084903284,0.05008384675393281,0.4813448650773663,0.7669060240667825,15.479254224586448,0.19681756360041916,0.09527242458250032,0.061115991080916726,PA
42081,Pennsylvania,Lycoming County,Lycoming County,114188,0.0,48452,64411,1530980.1,114188,5920,6961.0,46603,4556.0,32,0.0,5697.0,0.0,0.05184432689949907,0.4243177917119137,0.5640785371492626,13.407539321119557,0.1493680664334914,0.09776194665579468,0.049891407153115915,PA
42083,Pennsylvania,McKean County,McKean County,40432,0.0,15959,7848,543362.6,40432,199,3038.0,16470,1426.0,12,0.0,0.0,0.0,0.0049218440838939455,0.3947121092204195,0.19410368025326474,13.438924614166996,0.18445658773527626,0.08658166363084396,0.0,PA
42085,Pennsylvania,Mercer County,Mercer County,110652,4682.0,59500,55639,1456191.8,110652,3037,8100.0,45478,4461.0,35,1.0,20063.0,0.04231283664100061,0.027446408560170624,0.5377218667534251,0.502828688139392,13.160103748689586,0.17810809622234927,0.09809138484541977,0.1813161985323356,PA
42087,Pennsylvania,Mifflin County,Mifflin County,46143,0.0,28201,14369,747125.2999999999,46143,1113,3151.0,18823,1864.0,13,0.0,0.0,0.0,0.02412066835706391,0.6111652905099365,0.3114015126888152,16.191519840495847,0.16740158316952664,0.09902778515645752,0.0,PA
42089,Pennsylvania,Monroe County,Monroe County,168327,8170.0,46669,64094,1800582.7,168327,23081,9234.0,62284,3357.0,51,3.0,17112.0,0.04853647959032122,0.13712001045583894,0.27725201542236244,0.38077076167222135,10.696933349967622,0.148256374028643,0.053898272429516406,0.1016592703487854,PA
42091,Pennsylvania,Montgomery County,Montgomery County,856553,0.0,75966,830271,5566015.0,853371,117315,22272.0,328958,19056.0,219,0.0,7485.0,0.0,0.13696175251268747,0.08868803214745614,0.9693165513400805,6.5223859259337384,0.06770469178436153,0.057928367755154156,0.008738513553743901,PA
42093,Pennsylvania,Montour County,Montour County,18136,0.0,4239,8772,155762.5,18136,2834,511.0,7513,637.0,4,0.0,0.0,0.0,0.1562637847375386,0.23373400970445524,0.4836788707543008,8.588580723423027,0.06801543990416611,0.08478637029149474,0.0,PA
42095,Pennsylvania,Northampton County,Northampton County,312951,0.0,63493,245793,2763262.5,312951,22137,12621.0,121015,7963.0,74,0.0,0.0,0.0,0.07073631335256957,0.20288479666145817,0.7854041047959585,8.829696981316564,0.10429285625748874,0.06580176011238276,0.0,PA
42097,Pennsylvania,Northumberland County,Northumberland County,91647,5841.0,45227,45835,1168340.7,91647,1506,5909.0,37932,3498.0,25,1.0,9752.0,0.06373367377000884,0.01643261645225703,0.4934913308673497,0.5001254814669329,12.748269992471112,0.1557787619951492,0.09221765264156913,0.10640828395910396,PA
42099,Pennsylvania,Perry County,Perry County,45842,0.0,4575,0,364784.8,45842,0,1934.0,18083,1038.0,10,0.0,0.0,0.0,0.0,0.09979931067579949,0.0,7.957436412023908,0.1069512802079301,0.05740197975999558,0.0,PA
42101,Pennsylvania,Philadelphia County,Philadelphia County,1603797,0.0,1109298,1603797,34934782.0,1603613,2580,177955.0,658075,189616.0,408,0.0,8391.0,0.0,0.0016086823955899655,0.6916698310322317,1.0,21.78504539436884,0.27041750560346467,0.2881373703605212,0.005231958907517598,PA
42103,Pennsylvania,Pike County,Pike County,58535,0.0,6726,4443,571862.6,58535,968,3046.0,23635,1286.0,25,0.0,0.0,0.0,0.016537114546852312,0.1149056120269924,0.07590330571452977,9.769584009566925,0.12887666596149777,0.05441083139411889,0.0,PA
42105,Pennsylvania,Potter County,Potter County,16396,0.0,9148,0,214181.80000000002,16396,170,978.0,7052,426.0,7,0.0,0.0,0.0,0.010368382532324957,0.5579409612100512,0.0,13.063051963893633,0.13868406125921726,0.060408394781622236,0.0,PA
42107,Pennsylvania,Schuylkill County,Schuylkill County,143049,2227.0,63321,67535,1810463.3,143049,7167,9958.0,57950,4611.0,42,1.0,2227.0,0.015568092052373661,0.05010171339890527,0.44265251766877084,0.47211095498745187,12.656245761941713,0.17183779119930975,0.0795685936151855,0.015568092052373661,PA
42109,Pennsylvania,Snyder County,Snyder County,39736,0.0,22846,5713,354752.5,39736,0,1455.0,14753,986.0,8,0.0,0.0,0.0,0.0,0.5749446345882827,0.1437739077914234,8.92773555466076,0.09862400867620146,0.06683386429878668,0.0,PA
42111,Pennsylvania,Somerset County,Somerset County,74129,2899.0,35221,12888,806762.4,74129,1785,4209.0,30208,1861.0,24,1.0,2899.0,0.03910750178742462,0.024079644943274563,0.47513119022245004,0.17385908348959248,10.883222490523277,0.13933395127118645,0.0616061970338983,0.03910750178742462,PA
42113,Pennsylvania,Sullivan County,Sullivan County,5840,0.0,2572,0,68132.9,5840,0,207.0,2552,131.0,4,0.0,0.0,0.0,0.0,0.4404109589041096,0.0,11.666592465753423,0.08111285266457681,0.051332288401253916,0.0,PA
42115,Pennsylvania,Susquehanna County,Susquehanna County,38434,0.0,11289,0,439892.2,38434,0,2002.0,16297,802.0,12,0.0,0.0,0.0,0.0,0.2937243066035281,0.0,11.445392100744133,0.12284469534270111,0.04921151132110204,0.0,PA
42117,Pennsylvania,Tioga County,Tioga County,41045,0.0,22513,0,482533.1,41045,96,2344.0,16964,924.0,10,0.0,0.0,0.0,0.0023388963332927276,0.5484955536606164,0.0,11.756196857108051,0.13817495873614713,0.054468285781655267,0.0,PA
42119,Pennsylvania,Union County,Union County,42681,0.0,12368,12563,324349.0,42681,3404,1711.0,14523,1417.0,11,0.0,0.0,0.0,0.07975445748693798,0.28977765281975587,0.29434643049600523,7.5993767718657015,0.11781312401019073,0.09756937271913517,0.0,PA
42121,Pennsylvania,Venango County,Venango County,50454,0.0,36587,15690,673482.8,50454,435,4145.0,21506,1623.0,17,0.0,3074.0,0.0,0.008621714829349507,0.7251555872676101,0.310976334879296,13.348452055337535,0.19273691062959175,0.075467311447968,0.06092678479406985,PA
42123,Pennsylvania,Warren County,Warren County,38587,0.0,22230,9404,419387.7,38587,9,2361.0,16618,1003.0,13,0.0,0.0,0.0,0.0002332391738150154,0.5761007593230881,0.2437090211729339,10.868626739575506,0.14207485858707425,0.06035624022144662,0.0,PA
42125,Pennsylvania,Washington County,Washington County,209349,5016.0,46183,117300,2101332.4,209349,24613,12279.0,87688,6463.0,62,1.0,8209.0,0.023959990255506356,0.1175692265069334,0.22060291666069579,0.5603083845635757,10.037460890665825,0.14003056290484445,0.07370449776480248,0.039212033494308546,PA
42127,Pennsylvania,Wayne County,Wayne County,51155,0.0,30056,4458,627732.9,51155,174,2708.0,20794,1435.0,17,0.0,0.0,0.0,0.0034014270354804027,0.5875476493011436,0.08714690646075653,12.271193431727104,0.130229874002116,0.06901029143022025,0.0,PA
42129,Pennsylvania,Westmoreland County,Westmoreland County,354663,9240.0,101187,235483,3697989.6,354663,37416,21526.0,152833,9606.0,113,3.0,18776.0,0.026052900922847885,0.10549733126940222,0.2853046413073819,0.6639626913436135,10.426770201571633,0.14084654492158108,0.06285291789076966,0.05294039694019393,PA
42131,Pennsylvania,Wyoming County,Wyoming County,26069,0.0,3202,0,302396.1,26069,0,1732.0,10698,563.0,7,0.0,0.0,0.0,0.0,0.12282787985730177,0.0,11.599835053128237,0.161899420452421,0.05262665918863339,0.0,PA
42133,Pennsylvania,York County,York County,456438,0.0,76509,315560,3830810.2,456438,61459,20436.0,177553,10771.0,108,0.0,2861.0,0.0,0.13464917469623475,0.16762188950087417,0.6913534806479741,8.392838019621504,0.11509802706797408,0.06066357650954926,0.00626810212997165,PA
44001,Rhode Island,Bristol County,Bristol County,50793,0.0,0,50793,337501.8,50793,8145,1074.0,19926,1156.0,11,0.0,0.0,0.0,0.16035674207075779,0.0,1.0,6.64465182210147,0.05389942788316772,0.05801465422061628,0.0,RI
44003,Rhode Island,Kent County,Kent County,170363,0.0,24817,151616,1277095.6,170363,10832,8756.0,72063,4352.0,39,0.0,3512.0,0.0,0.06358188104224509,0.14567130186718946,0.8899585003786034,7.496320210374319,0.12150479441599711,0.06039160179287568,0.02061480485786233,RI
44005,Rhode Island,Newport County,Newport County,85643,0.0,13626,61530,765038.1,85643,8933,3030.0,36480,2685.0,23,0.0,3348.0,0.0,0.10430508039185923,0.15910232009621336,0.718447508844856,8.932873673271605,0.08305921052631579,0.07360197368421052,0.03909251193909601,RI
44007,Rhode Island,Providence County,Providence County,660741,0.0,282672,612755,8940355.5,660741,23039,46094.0,260366,29859.0,145,0.0,0.0,0.0,0.0348684280224778,0.42781059446893716,0.9273754769266627,13.530801781636072,0.17703540400820383,0.11468087231051674,0.0,RI
44009,Rhode Island,Washington County,Washington County,129839,7816.0,7816,78446,1067481.5,129839,20256,2987.0,52439,2324.0,29,2.0,7816.0,0.06019762937176041,0.15600859526028388,0.06019762937176041,0.6041790217115043,8.221578262309476,0.05696142184252179,0.04431816014798146,0.06019762937176041,RI
45001,South Carolina,Abbeville County,Abbeville County,24295,8546.0,14288,8546,384028.2,24295,4369,1411.0,9818,647.0,7,2.0,8546.0,0.35175962132125954,0.17983124099608974,0.588104548260959,0.35175962132125954,15.806882074500926,0.14371562436341415,0.0658993685068242,0.35175962132125954,SC
45003,South Carolina,Aiken County,Aiken County,168808,10487.0,72228,96151,2435204.2,168808,21143,7543.0,69450,4092.0,43,3.0,17429.0,0.06212383299369698,0.12524880337424765,0.427870717027629,0.569587934221127,14.425881474811622,0.10861051115910728,0.05892008639308855,0.10324747642291834,SC
45005,South Carolina,Allendale County,Allendale County,8039,0.0,8039,0,224440.4,8039,5,928.0,3281,583.0,3,0.0,0.0,0.0,0.0006219679064560268,1.0,0.0,27.91894514243065,0.2828405973788479,0.17768972874123742,0.0,SC
45007,South Carolina,Anderson County,Anderson County,203718,12052.0,72003,110512,2984830.5,203718,25162,8864.0,80372,4778.0,51,3.0,27365.0,0.05916021166514496,0.12351387702608507,0.35344446735192764,0.5424753826367822,14.651775984449092,0.11028716468421838,0.05944856417657891,0.1343278453548533,SC
45009,South Carolina,Bamberg County,Bamberg County,13311,0.0,11842,0,330784.0,13311,0,1117.0,5394,601.0,6,0.0,0.0,0.0,0.0,0.8896401472466381,0.0,24.85042446097213,0.20708194289951798,0.1114200964034112,0.0,SC
45011,South Carolina,Barnwell County,Barnwell County,20589,0.0,17872,0,521764.0,20582,0,1990.0,8460,857.0,8,0.0,0.0,0.0,0.0,0.8680363300791685,0.0,25.35050043727529,0.23522458628841608,0.10130023640661938,0.0,SC
45013,South Carolina,Beaufort County,Beaufort County,187117,21225.0,39909,139240,1859566.6,187117,56394,4306.0,76373,3507.0,42,5.0,25113.0,0.11343170315898608,0.3013836262872962,0.21328366743802007,0.7441333497223662,9.937988531239814,0.056381181831275454,0.0459193694106556,0.1342101465927735,SC
45015,South Carolina,Berkeley County,Berkeley County,229861,18236.0,68693,159834,2294431.7,229861,44728,6615.0,85539,3717.0,48,4.0,42843.0,0.0793349023975359,0.19458716354666517,0.29884582421550415,0.6953506684474531,9.981822492723865,0.07733314628415108,0.04345386315014204,0.18638655535301768,SC
45017,South Carolina,Calhoun County,Calhoun County,14119,0.0,3741,0,183762.6,14119,0,817.0,5986,341.0,4,0.0,0.0,0.0,0.0,0.26496210779800267,0.0,13.015270203272188,0.1364851319746074,0.05696625459405279,0.0,SC
45019,South Carolina,Charleston County,Charleston County,408235,12174.0,124676,371462,4686282.6,408235,48595,11493.0,173572,10520.0,98,2.0,49648.0,0.02982105894888973,0.11903682927725452,0.3054025255061423,0.909921981211802,11.47937486986662,0.0662145968243726,0.0606088539626207,0.1216162259482896,SC
45021,South Carolina,Cherokee County,Cherokee County,56216,12611.0,29150,16377,1051800.2,56216,2566,3105.0,22349,1197.0,16,3.0,16377.0,0.22433115127365874,0.045645367866799486,0.5185356482140316,0.2913227550875196,18.70997936530525,0.13893239071099378,0.05355944337554253,0.2913227550875196,SC
45023,South Carolina,Chester County,Chester County,32294,0.0,32294,8315,609089.8,32294,31,2204.0,12928,827.0,11,0.0,3377.0,0.0,0.0009599306372700811,1.0,0.2574781693193782,18.860772898990525,0.17048267326732675,0.06396967821782178,0.1045705084535827,SC
45025,South Carolina,Chesterfield County,Chesterfield County,43273,3285.0,39160,3285,891346.0,43273,1209,3158.0,17538,1575.0,14,1.0,3285.0,0.07591338710050147,0.02793889954475077,0.9049522797125228,0.07591338710050147,20.598202112171563,0.18006614209145855,0.08980499486828601,0.07591338710050147,SC
45027,South Carolina,Clarendon County,Clarendon County,31144,0.0,14743,0,466412.3,30129,0,2111.0,12610,1245.0,12,0.0,0.0,0.0,0.0,0.4733817107629078,0.0,15.48051047163862,0.16740681998413956,0.09873116574147502,0.0,SC
45029,South Carolina,Colleton County,Colleton County,38604,0.0,23716,5579,772782.9,38604,245,3837.0,15808,1709.0,13,0.0,2622.0,0.0,0.006346492591441302,0.614340482851518,0.1445187027251062,20.018207957724588,0.2427252024291498,0.10810981781376518,0.06792042275411875,SC
45031,South Carolina,Darlington County,Darlington County,62905,7233.0,45355,24899,1337692.8,62905,3332,4986.0,25649,2658.0,19,2.0,13200.0,0.11498291073841507,0.0529687624195215,0.7210078690088229,0.39581909228201256,21.26528574835069,0.19439354360793792,0.1036297711411751,0.20984023527541532,SC
45033,South Carolina,Dillon County,Dillon County,28292,2162.0,25579,4875,774367.5,28292,560,2596.0,11195,1059.0,9,1.0,2162.0,0.07641736179838823,0.01979358122437438,0.9041071681040577,0.17231019369433057,27.370546444224516,0.23188923626619026,0.09459580169718625,0.07641736179838823,SC
45035,South Carolina,Dorchester County,Dorchester County,161540,9316.0,66216,122220,1842822.3,161540,15587,5597.0,60242,2214.0,31,1.0,29405.0,0.057669926953076635,0.09649003342825306,0.40990466757459454,0.7565927943543395,11.407838925343569,0.09290860197204608,0.036751767869592646,0.18202921876934505,SC
45037,South Carolina,Edgefield County,Edgefield County,25657,0.0,12930,0,486771.6,25657,16,1201.0,9634,760.0,7,0.0,0.0,0.0,0.000623611490041704,0.503956035389952,0.0,18.97227267412402,0.12466265310359145,0.07888727423707702,0.0,SC
45039,South Carolina,Fairfield County,Fairfield County,20948,0.0,7745,3714,338978.39999999997,20948,14,1879.0,9157,531.0,8,0.0,0.0,0.0,0.0006683215581439755,0.36972503341607793,0.17729616192476608,16.181898033225128,0.20519820902042155,0.0579884241563831,0.0,SC
45041,South Carolina,Florence County,Florence County,137059,3226.0,55231,72477,2515947.4,137059,8713,8488.0,54627,4019.0,36,1.0,5806.0,0.023537308750246243,0.06357116278391058,0.4029724425247521,0.5288014650624914,18.356674133037597,0.15538103868050598,0.07357167700953741,0.04236131884808732,SC
45043,South Carolina,Georgetown County,Georgetown County,63404,0.0,29694,34062,939529.3,63404,11464,3112.0,27231,1424.0,20,0.0,9600.0,0.0,0.1808087817803293,0.4683300738123778,0.537221626395811,14.818139234117721,0.11428151738827072,0.05229334214681797,0.15141000567787521,SC
45045,South Carolina,Greenville County,Greenville County,525534,22914.0,129640,435385,5665183.3,525534,68791,16773.0,209082,10330.0,123,5.0,35196.0,0.04360136546826656,0.13089733490126235,0.2466824220697424,0.8284620975997747,10.779860675046715,0.0802221138118059,0.049406452970604836,0.06697188003059745,SC
45047,South Carolina,Greenwood County,Greenwood County,69351,4133.0,25684,37234,1010493.6,69351,5940,3806.0,28123,2066.0,18,1.0,4133.0,0.05959539155888163,0.0856512523251287,0.3703479401883174,0.5368920419316232,14.570714193018125,0.13533406820040536,0.0734630018134623,0.05959539155888163,SC
45049,South Carolina,Hampton County,Hampton County,18561,0.0,17010,0,372878.1,18561,0,1401.0,7183,794.0,7,0.0,0.0,0.0,0.0,0.9164376919347018,0.0,20.08933247131081,0.19504385354308784,0.11053877210079353,0.0,SC
45051,South Carolina,Horry County,Horry County,351029,7541.0,101925,243482,4765419.1,351029,42006,11900.0,150221,7633.0,77,2.0,31452.0,0.02148255557233163,0.11966532679636155,0.2903606254753881,0.6936236037478385,13.575570964222328,0.07921662084528794,0.050811803942191834,0.08959943480453182,SC
45053,South Carolina,Jasper County,Jasper County,28791,0.0,16824,0,507353.69999999995,28791,0,1467.0,11272,577.0,6,0.0,5047.0,0.0,0.0,0.584349275815359,0.0,17.621954777534643,0.13014549325762953,0.05118878637331441,0.17529783612934596,SC
45055,South Carolina,Kershaw County,Kershaw County,65403,4689.0,21636,21781,851834.9,65403,9996,3175.0,25957,1097.0,18,1.0,4689.0,0.07169395899270675,0.15283702582450345,0.33081051327920735,0.33302753696313625,13.024401021359877,0.122317679238741,0.0422622028739839,0.07169395899270675,SC
45057,South Carolina,Lancaster County,Lancaster County,96016,5056.0,38723,60586,1135017.2,96016,27036,3874.0,37903,1371.0,22,1.0,10537.0,0.05265789035160807,0.2815780703216131,0.4032973671054824,0.6309990001666389,11.821125645725711,0.10220826847479092,0.036171279318259766,0.10974212631228128,SC
45059,South Carolina,Laurens County,Laurens County,67539,0.0,31504,17741,1217901.4,67539,2618,4730.0,26691,1548.0,20,0.0,5367.0,0.0,0.038762788907149945,0.4664564177734346,0.26267786019929223,18.03256488843483,0.1772132928702559,0.057997077666629204,0.07946519788566606,SC
45061,South Carolina,Lee County,Lee County,16531,0.0,13479,0,421399.1,16316,0,1741.0,6536,663.0,9,0.0,0.0,0.0,0.0,0.8153771701651443,0.0,25.82735351801912,0.26637086903304774,0.10143818849449204,0.0,SC
45063,South Carolina,Lexington County,Lexington County,293991,14248.0,74043,213096,3276581.0,293988,50384,11870.0,116720,5518.0,92,5.0,21354.0,0.0484640686279512,0.17137939596790377,0.2518546486116922,0.7248385154647591,11.14528824305754,0.10169636737491433,0.04727553118574366,0.07263487657785442,SC
45065,South Carolina,McCormick County,McCormick County,9526,0.0,2017,0,168824.9,9526,62,446.0,4080,173.0,3,0.0,0.0,0.0,0.006508503044299811,0.2117363006508503,0.0,17.722538316187276,0.10931372549019608,0.04240196078431373,0.0,SC
45067,South Carolina,Marion County,Marion County,29183,0.0,29183,0,858762.2,29183,0,2710.0,12272,1007.0,8,0.0,0.0,0.0,0.0,1.0,0.0,29.426796422574785,0.22082790091264667,0.0820567144719687,0.0,SC
45069,South Carolina,Marlboro County,Marlboro County,26667,4258.0,26667,8163,762017.4,26667,824,2254.0,10241,1519.0,8,1.0,8163.0,0.15967300408744892,0.030899613754828064,1.0,0.30610867364157945,28.57529530880864,0.22009569377990432,0.14832535885167464,0.30610867364157945,SC
45071,South Carolina,Newberry County,Newberry County,37719,5560.0,14861,13286,665763.4,37719,2153,1964.0,15039,1031.0,10,1.0,9283.0,0.14740581669715527,0.05707998621384448,0.39399241761446485,0.352236273496116,17.650611097855194,0.13059378948068356,0.06855509009907573,0.2461093878416713,SC
45073,South Carolina,Oconee County,Oconee County,78607,8557.0,36402,19592,1395628.1,78607,3234,3940.0,33241,1784.0,20,2.0,14747.0,0.10885798974646024,0.0411413741778722,0.4630885290114112,0.24923988957726412,17.754501507499334,0.11852832345597304,0.05366866219427815,0.1876041573905632,SC
45075,South Carolina,Orangeburg County,Orangeburg County,84223,9425.0,56041,28832,1918533.7,84223,6516,6856.0,33825,2984.0,39,3.0,9425.0,0.11190529902758153,0.07736604015530199,0.665388314355936,0.34232929247355237,22.77921351649787,0.20269031781226904,0.08821877309682188,0.11190529902758153,SC
45077,South Carolina,Pickens County,Pickens County,131404,15259.0,56892,68885,2584998.9,131404,13130,4369.0,50364,3345.0,37,3.0,33865.0,0.1161227968707193,0.0999208547685002,0.43295485677757145,0.5242230069099875,19.67214772761864,0.08674847113017234,0.0664164879675959,0.25771666007123073,SC
45079,South Carolina,Richland County,Richland County,416147,11099.0,170224,361385,7782775.9,408727,52985,17881.0,165679,12146.0,98,2.0,44005.0,0.026670863901457897,0.12732279699240892,0.4090477643717244,0.8684070773068171,19.04150178480991,0.10792556690950574,0.07331043765353484,0.10574388377184024,SC
45081,South Carolina,Saluda County,Saluda County,18862,0.0,13907,0,345215.5,18862,57,1065.0,7549,334.0,6,0.0,4654.0,0.0,0.003021948891952073,0.7373025129890786,0.0,18.302168380871592,0.1410782885150351,0.04424427076433965,0.2467394761955254,SC
45083,South Carolina,Spartanburg County,Spartanburg County,327997,11773.0,103720,211803,4944805.6,327997,35287,14389.0,125836,5895.0,87,3.0,36581.0,0.035893620978240656,0.10758330106677805,0.31622240447321165,0.6457467598789013,15.075764717360219,0.11434724562128484,0.046846689341682825,0.11152845910176008,SC
45085,South Carolina,Sumter County,Sumter County,105556,4118.0,54058,44299,1773367.4000000001,105556,7680,6454.0,41904,3446.0,26,1.0,4118.0,0.03901246731592709,0.07275758838910151,0.5121262647315169,0.4196729697980219,16.800251998938954,0.15401870943108056,0.08223558610156548,0.03901246731592709,SC
45087,South Carolina,Union County,Union County,27244,3749.0,20499,8700,606455.0,27244,756,2276.0,11622,1184.0,10,1.0,3749.0,0.1376082807223609,0.02774922918807811,0.7524225517545148,0.31933636764058143,22.260130670973425,0.19583548442608845,0.1018757528824643,0.1376082807223609,SC
45089,South Carolina,Williamsburg County,Williamsburg County,31026,0.0,27439,0,697135.9,29707,73,2582.0,12547,1576.0,12,0.0,2768.0,0.0,0.0023528653387481467,0.8843872880809643,0.0,23.467058269094828,0.20578624372359927,0.12560771499163145,0.0892154966802037,SC
45091,South Carolina,York County,York County,282090,2806.0,57869,203610,2553065.2,282090,55985,7393.0,107812,4177.0,55,1.0,27279.0,0.0099471799780212,0.19846502889148854,0.20514374844907654,0.721790917792194,9.050534226665249,0.06857307164323082,0.038743368085185324,0.09670317983622248,SC
46003,South Dakota,Aurora County,Aurora County,2747,0.0,0,0,29118.2,2747,500,47.0,1096,28.0,1,0.0,0.0,0.0,0.18201674554058975,0.0,0.0,10.6,0.04288321167883212,0.025547445255474453,0.0,SD
46005,South Dakota,Beadle County,Beadle County,19149,0.0,3165,15190,263896.2,19149,4107,851.0,7369,644.0,6,0.0,0.0,0.0,0.21447595174682751,0.16528278239072536,0.7932529113791843,13.781200062666459,0.11548378341701723,0.08739313339666169,0.0,SD
46007,South Dakota,Bennett County,Bennett County,3381,1861.0,3381,0,99076.70000000001,3381,665,156.0,1085,14.0,2,1.0,1861.0,0.5504288671990535,0.19668737060041408,1.0,0.0,29.303963324460224,0.14377880184331798,0.012903225806451613,0.5504288671990535,SD
46009,South Dakota,Bon Homme County,Bon Homme County,7003,0.0,0,0,75525.5,7003,389,152.0,2378,102.0,2,0.0,0.0,0.0,0.05554762244752249,0.0,0.0,10.784735113522776,0.063919259882254,0.04289318755256518,0.0,SD
46011,South Dakota,Brookings County,Brookings County,34375,10320.0,13029,24509,497759.3,34375,5165,610.0,13120,720.0,7,2.0,10320.0,0.30021818181818183,0.15025454545454545,0.37902545454545455,0.7129890909090909,14.480270545454545,0.04649390243902439,0.054878048780487805,0.30021818181818183,SD
46013,South Dakota,Brown County,Brown County,38301,6143.0,8413,24839,452674.5,38301,10286,1441.0,16130,1104.0,8,1.0,6143.0,0.1603874572465471,0.268556956737422,0.21965483929923502,0.6485209263465705,11.818868959035012,0.0893366398016119,0.06844389336639801,0.1603874572465471,SD
46015,South Dakota,Brule County,Brule County,5247,0.0,0,0,55867.299999999996,5247,783,122.0,2024,111.0,2,0.0,0.0,0.0,0.14922813036020582,0.0,0.0,10.647474747474746,0.06027667984189723,0.054841897233201584,0.0,SD
46017,South Dakota,Buffalo County,Buffalo County,1948,1948.0,1948,0,66037.2,1948,1082,120.0,497,66.0,1,1.0,1948.0,1.0,0.555441478439425,1.0,0.0,33.9,0.2414486921529175,0.13279678068410464,1.0,SD
46019,South Dakota,Butte County,Butte County,10243,0.0,2974,2974,91822.1,10243,721,324.0,4196,243.0,3,0.0,2974.0,0.0,0.07038953431611833,0.29034462559796936,0.29034462559796936,8.964375671190082,0.07721639656816015,0.05791229742612011,0.29034462559796936,SD
46021,South Dakota,Campbell County,Campbell County,1377,0.0,0,0,10602.9,1377,552,43.0,640,22.0,1,0.0,0.0,0.0,0.4008714596949891,0.0,0.0,7.7,0.0671875,0.034375,0.0,SD
46023,South Dakota,Charles Mix County,Charles Mix County,9373,0.0,6588,0,226443.80000000002,9373,364,430.0,3050,158.0,3,0.0,3222.0,0.0,0.038834951456310676,0.7028699455883922,0.0,24.15915928731463,0.14098360655737704,0.05180327868852459,0.3437533340445962,SD
46025,South Dakota,Clark County,Clark County,3837,0.0,0,0,41823.3,3837,1179,25.0,1361,71.0,1,0.0,0.0,0.0,0.30727130570758404,0.0,0.0,10.9,0.018368846436443792,0.05216752387950037,0.0,SD
46027,South Dakota,Clay County,Clay County,14967,6316.0,12117,12117,311738.69999999995,14967,2685,547.0,5564,314.0,3,1.0,6316.0,0.42199505578940333,0.17939466827019443,0.8095810783724193,0.8095810783724193,20.828402485468025,0.09831056793673616,0.056434219985621856,0.42199505578940333,SD
46029,South Dakota,Codington County,Codington County,28325,0.0,2403,15081,250529.9,28325,2393,628.0,12026,668.0,8,0.0,0.0,0.0,0.0844836716681377,0.08483671668137688,0.5324271844660194,8.844833186231245,0.05222018958922335,0.05554631631465159,0.0,SD
46031,South Dakota,Corson County,Corson County,3902,1662.0,3902,0,172518.8,3902,1589,283.0,1196,131.0,2,1.0,3902.0,0.4259354177344951,0.4072270630445925,1.0,0.0,44.21291645310097,0.23662207357859533,0.10953177257525083,1.0,SD
46033,South Dakota,Custer County,Custer County,8318,0.0,0,0,74675.0,8318,1573,204.0,3794,32.0,2,0.0,0.0,0.0,0.18910795864390478,0.0,0.0,8.977518634287089,0.05376910911966262,0.008434370057986295,0.0,SD
46035,South Dakota,Davison County,Davison County,19956,5052.0,5052,17091,224913.09999999998,19956,5575,679.0,8581,549.0,5,1.0,5052.0,0.25315694527961513,0.2793646021246743,0.25315694527961513,0.8564341551413109,11.27044998997795,0.07912830672415802,0.06397855727770656,0.25315694527961513,SD
46037,South Dakota,Day County,Day County,5449,0.0,0,0,80219.4,5449,1046,168.0,2370,143.0,3,0.0,0.0,0.0,0.19196182785832264,0.0,0.0,14.721857221508532,0.07088607594936709,0.060337552742616034,0.0,SD
46039,South Dakota,Deuel County,Deuel County,4295,0.0,0,0,37259.3,4295,610,61.0,1786,41.0,2,0.0,0.0,0.0,0.1420256111757858,0.0,0.0,8.675040745052387,0.0341545352743561,0.02295632698768197,0.0,SD
46041,South Dakota,Dewey County,Dewey County,5239,2720.0,5239,0,173705.59999999998,5239,804,359.0,1705,196.0,2,1.0,2720.0,0.5191830502004199,0.15346440160335942,1.0,0.0,33.15625119297575,0.21055718475073315,0.11495601173020528,0.5191830502004199,SD
46043,South Dakota,Douglas County,Douglas County,2835,0.0,0,0,31185.0,2835,204,21.0,1134,23.0,1,0.0,0.0,0.0,0.07195767195767196,0.0,0.0,11.0,0.018518518518518517,0.020282186948853614,0.0,SD
46045,South Dakota,Edmunds County,Edmunds County,3986,0.0,0,0,39567.2,3986,2225,57.0,1546,20.0,2,0.0,0.0,0.0,0.5582037129954842,0.0,0.0,9.926542900150526,0.03686934023285899,0.0129366106080207,0.0,SD
46047,South Dakota,Fall River County,Fall River County,6973,0.0,0,0,115468.79999999999,6973,976,382.0,3226,238.0,2,0.0,0.0,0.0,0.13996844973469094,0.0,0.0,16.55941488598881,0.11841289522628642,0.07377557346559206,0.0,SD
46049,South Dakota,Faulk County,Faulk County,2125,2125.0,2125,0,60137.5,2125,973,12.0,761,94.0,1,1.0,2125.0,1.0,0.45788235294117646,1.0,0.0,28.3,0.01576872536136662,0.12352168199737187,1.0,SD
46051,South Dakota,Grant County,Grant County,7556,0.0,0,0,86683.5,7556,643,230.0,3103,110.0,2,0.0,0.0,0.0,0.08509793541556379,0.0,0.0,11.472141344626786,0.07412181759587495,0.03544956493715759,0.0,SD
46053,South Dakota,Gregory County,Gregory County,3994,0.0,0,0,37690.7,3994,595,127.0,1721,47.0,2,0.0,0.0,0.0,0.14897346019028543,0.0,0.0,9.436830245368052,0.073794305636258,0.027309703660662404,0.0,SD
46055,South Dakota,Haakon County,Haakon County,1872,0.0,0,0,14414.4,1872,892,21.0,773,28.0,1,0.0,0.0,0.0,0.47649572649572647,0.0,0.0,7.7,0.027166882276843468,0.03622250970245795,0.0,SD
46057,South Dakota,Hamlin County,Hamlin County,6164,0.0,0,0,42146.6,6164,1047,71.0,2155,28.0,2,0.0,0.0,0.0,0.16985723556132382,0.0,0.0,6.837540558079169,0.032946635730858466,0.012993039443155453,0.0,SD
46059,South Dakota,Hand County,Hand County,3145,0.0,0,0,16569.5,3145,1102,54.0,1348,102.0,2,0.0,0.0,0.0,0.3503974562798092,0.0,0.0,5.26852146263911,0.040059347181008904,0.07566765578635015,0.0,SD
46061,South Dakota,Hanson County,Hanson County,3461,0.0,0,0,24227.0,3461,723,35.0,1146,17.0,1,0.0,0.0,0.0,0.20889916209188095,0.0,0.0,7.0,0.030541012216404886,0.014834205933682374,0.0,SD
46063,South Dakota,Harding County,Harding County,1311,0.0,0,0,8259.3,1311,1084,10.0,537,8.0,1,0.0,0.0,0.0,0.8268497330282227,0.0,0.0,6.3,0.0186219739292365,0.0148975791433892,0.0,SD
46065,South Dakota,Hughes County,Hughes County,17765,0.0,3056,3056,156826.3,17765,2003,446.0,7240,565.0,4,0.0,0.0,0.0,0.11274978891077962,0.17202364199268225,0.17202364199268225,8.827824373768646,0.06160220994475138,0.07803867403314917,0.0,SD
46067,South Dakota,Hutchinson County,Hutchinson County,7427,0.0,0,0,90235.2,7427,668,231.0,2797,156.0,3,0.0,0.0,0.0,0.0899421031372021,0.0,0.0,12.14961626497913,0.08258848766535574,0.055774043618162315,0.0,SD
46069,South Dakota,Hyde County,Hyde County,1262,0.0,0,0,7193.400000000001,1262,350,12.0,522,10.0,1,0.0,0.0,0.0,0.277337559429477,0.0,0.0,5.7,0.022988505747126436,0.019157088122605363,0.0,SD
46071,South Dakota,Jackson County,Jackson County,2806,2806.0,2806,0,114093.8,2806,1162,195.0,887,106.0,2,2.0,2806.0,1.0,0.41411261582323594,1.0,0.0,40.66065573770492,0.21984216459977451,0.11950394588500564,1.0,SD
46073,South Dakota,Jerauld County,Jerauld County,1663,0.0,0,0,13802.900000000001,1663,514,27.0,747,42.0,1,0.0,0.0,0.0,0.3090799759470836,0.0,0.0,8.3,0.03614457831325301,0.05622489959839357,0.0,SD
46075,South Dakota,Jones County,Jones County,917,0.0,0,0,16781.100000000002,917,235,4.0,399,15.0,1,0.0,0.0,0.0,0.25627044711014174,0.0,0.0,18.3,0.010025062656641603,0.03759398496240601,0.0,SD
46077,South Dakota,Kingsbury County,Kingsbury County,5187,0.0,0,0,55184.5,5187,975,83.0,2191,86.0,2,0.0,0.0,0.0,0.18796992481203006,0.0,0.0,10.639001349527666,0.03788224554997718,0.03925148334094021,0.0,SD
46079,South Dakota,Lake County,Lake County,11059,0.0,2463,6335,93426.8,11059,1497,246.0,4576,166.0,4,0.0,2463.0,0.0,0.1353648611990234,0.22271453115109865,0.572836603671218,8.448033276064743,0.053758741258741256,0.036276223776223776,0.22271453115109865,SD
46081,South Dakota,Lawrence County,Lawrence County,25768,0.0,3973,14850,297192.7,25768,4512,1027.0,11444,583.0,8,0.0,0.0,0.0,0.17510090034150885,0.15418348339025148,0.5762961813101521,11.533401893821795,0.08974134917860888,0.05094372596994058,0.0,SD
46083,South Dakota,Lincoln County,Lincoln County,65161,0.0,0,50619,365183.6,65161,7930,919.0,24877,578.0,13,0.0,0.0,0.0,0.12169856202329614,0.0,0.7768296987461826,5.604327742054296,0.03694175342686015,0.023234312819069822,0.0,SD
46085,South Dakota,Lyman County,Lyman County,3718,0.0,1614,0,92248.99999999999,3718,657,136.0,1303,68.0,2,0.0,0.0,0.0,0.17670790747713824,0.43410435718128026,0.0,24.81145777299623,0.10437452033768227,0.052187260168841135,0.0,SD
46087,South Dakota,McCook County,McCook County,5682,0.0,0,0,38683.8,5682,556,112.0,2159,47.0,2,0.0,0.0,0.0,0.09785286870820134,0.0,0.0,6.808130939809927,0.05187586845761927,0.02176933765632237,0.0,SD
46089,South Dakota,McPherson County,McPherson County,2411,0.0,0,0,31101.9,2411,843,29.0,940,14.0,1,0.0,0.0,0.0,0.349647449191207,0.0,0.0,12.9,0.030851063829787233,0.014893617021276596,0.0,SD
46091,South Dakota,Marshall County,Marshall County,4306,0.0,0,0,26266.6,4306,1469,26.0,1702,38.0,1,0.0,0.0,0.0,0.3411518810961449,0.0,0.0,6.1,0.01527614571092832,0.022326674500587545,0.0,SD
46093,South Dakota,Meade County,Meade County,29852,0.0,3940,16019,211635.0,29852,8771,708.0,11365,458.0,7,0.0,0.0,0.0,0.2938161597212917,0.13198445665282058,0.536613962213587,7.089474742060833,0.062296524417069954,0.04029916410030796,0.0,SD
46095,South Dakota,Mellette County,Mellette County,1918,1918.0,1918,0,79980.6,1918,1134,159.0,651,38.0,1,1.0,1918.0,1.0,0.5912408759124088,1.0,0.0,41.7,0.24423963133640553,0.05837173579109063,1.0,SD
46097,South Dakota,Miner County,Miner County,2298,0.0,0,0,25737.6,2298,678,64.0,943,33.0,1,0.0,0.0,0.0,0.2950391644908616,0.0,0.0,11.2,0.06786850477200425,0.03499469777306469,0.0,SD
46099,South Dakota,Minnehaha County,Minnehaha County,197214,0.0,49195,162356,1740221.5,197214,5312,7124.0,78715,4740.0,47,0.0,6363.0,0.0,0.026935207439634103,0.24944983621852404,0.8232478424452625,8.824026184753619,0.09050371593724195,0.060217239407990855,0.03226444370075147,SD
46101,South Dakota,Moody County,Moody County,6336,0.0,0,0,73682.8,6336,160,108.0,2474,74.0,2,0.0,0.0,0.0,0.025252525252525252,0.0,0.0,11.629229797979798,0.043654001616814875,0.029911075181891674,0.0,SD
46102,South Dakota,Oglala Lakota County,Oglala Lakota County,13672,5731.0,13672,0,777752.9,13672,1124,1446.0,3208,659.0,3,1.0,5731.0,0.41917788180222354,0.08221181977764774,1.0,0.0,56.88654915155062,0.45074812967581046,0.20542394014962592,0.41917788180222354,SD
46103,South Dakota,Pennington County,Pennington County,109222,0.0,37915,69792,1296517.1,109222,8484,3738.0,44909,2574.0,25,0.0,2844.0,0.0,0.07767665854864404,0.3471370236765487,0.6389921444397649,11.87047572833312,0.0832349863056403,0.05731590549778441,0.026038710149969786,SD
46105,South Dakota,Perkins County,Perkins County,2835,0.0,0,0,38839.5,2835,1523,107.0,1257,59.0,1,0.0,0.0,0.0,0.5372134038800706,0.0,0.0,13.7,0.08512330946698489,0.046937151949085126,0.0,SD
46107,South Dakota,Potter County,Potter County,2472,0.0,0,0,15326.4,2472,186,22.0,1127,28.0,1,0.0,0.0,0.0,0.07524271844660194,0.0,0.0,6.2,0.019520851818988466,0.024844720496894408,0.0,SD
46109,South Dakota,Roberts County,Roberts County,10280,0.0,5960,0,162868.2,10280,212,386.0,3844,168.0,4,0.0,0.0,0.0,0.020622568093385214,0.5797665369649806,0.0,15.843210116731518,0.1004162330905307,0.043704474505723206,0.0,SD
46111,South Dakota,Sanborn County,Sanborn County,2330,0.0,0,0,19805.0,2330,1147,54.0,936,66.0,1,0.0,0.0,0.0,0.492274678111588,0.0,0.0,8.5,0.057692307692307696,0.07051282051282051,0.0,SD
46115,South Dakota,Spink County,Spink County,6361,0.0,0,0,64081.1,6361,2641,107.0,2520,83.0,3,0.0,0.0,0.0,0.41518629146360636,0.0,0.0,10.07406068228266,0.04246031746031746,0.03293650793650794,0.0,SD
46117,South Dakota,Stanley County,Stanley County,2980,0.0,0,0,15197.999999999998,2980,862,30.0,1244,34.0,1,0.0,0.0,0.0,0.28926174496644297,0.0,0.0,5.1,0.024115755627009645,0.027331189710610933,0.0,SD
46119,South Dakota,Sully County,Sully County,1446,0.0,0,0,9109.8,1446,559,31.0,635,15.0,1,0.0,0.0,0.0,0.38658367911479946,0.0,0.0,6.3,0.048818897637795275,0.023622047244094488,0.0,SD
46121,South Dakota,Todd County,Todd County,9319,5218.0,9319,0,450450.80000000005,9319,1432,1023.0,2570,325.0,2,1.0,5218.0,0.5599313231033373,0.15366455628286296,1.0,0.0,48.336817255070294,0.3980544747081712,0.1264591439688716,0.5599313231033373,SD
46123,South Dakota,Tripp County,Tripp County,5624,0.0,3391,0,107237.4,5624,1487,231.0,2233,161.0,2,0.0,0.0,0.0,0.26440256045519206,0.6029516358463727,0.0,19.067816500711235,0.10344827586206896,0.07210031347962383,0.0,SD
46125,South Dakota,Turner County,Turner County,8673,0.0,0,0,80686.4,8673,203,304.0,3467,138.0,2,0.0,0.0,0.0,0.023405972558514933,0.0,0.0,9.303170759829355,0.0876838765503317,0.03980386501297952,0.0,SD
46127,South Dakota,Union County,Union County,16811,0.0,0,5025,104486.6,16811,1162,303.0,6822,270.0,4,0.0,0.0,0.0,0.06912140860151092,0.0,0.29891142704181783,6.215370888108977,0.044415127528583995,0.0395778364116095,0.0,SD
46129,South Dakota,Walworth County,Walworth County,5315,0.0,0,0,80228.8,5315,331,182.0,2271,62.0,2,0.0,0.0,0.0,0.062276575729068674,0.0,0.0,15.094788334901223,0.08014090708938794,0.027300748568912372,0.0,SD
46135,South Dakota,Yankton County,Yankton County,23310,0.0,3007,9798,283248.2,23310,1286,712.0,9435,502.0,5,0.0,0.0,0.0,0.05516945516945517,0.129000429000429,0.4203346203346203,12.151359931359933,0.07546369899311076,0.05320614732379438,0.0,SD
46137,South Dakota,Ziebach County,Ziebach County,2413,2413.0,2413,0,80835.5,2413,1625,186.0,732,90.0,1,1.0,2413.0,1.0,0.6734355573974306,1.0,0.0,33.5,0.2540983606557377,0.12295081967213115,1.0,SD
47001,Tennessee,Anderson County,Anderson County,77123,0.0,28564,54476,1040114.9,77123,10494,3901.0,31993,1836.0,20,0.0,11794.0,0.0,0.13606835833668296,0.3703694099036604,0.7063521906564838,13.486442436108554,0.12193292282686838,0.0573875535273341,0.15292454909689718,TN
47003,Tennessee,Bedford County,Bedford County,50237,15723.0,15723,28805,607981.4,50237,8051,1997.0,18350,582.0,10,2.0,15723.0,0.31297649143061884,0.16026036586579612,0.31297649143061884,0.5733821685212095,12.102263272090292,0.1088283378746594,0.031716621253406,0.31297649143061884,TN
47005,Tennessee,Benton County,Benton County,15864,0.0,12042,0,281490.3,15864,0,1126.0,6881,385.0,5,0.0,0.0,0.0,0.0,0.7590771558245083,0.0,17.74396747352496,0.16363900595843628,0.05595116988809766,0.0,TN
47007,Tennessee,Bledsoe County,Bledsoe County,14913,0.0,13226,0,317192.6,14913,0,878.0,5039,248.0,4,0.0,0.0,0.0,0.0,0.8868772212163883,0.0,21.269536645879434,0.17424092081762255,0.049216114308394524,0.0,TN
47009,Tennessee,Blount County,Blount County,135280,0.0,9180,77494,1135118.7,135280,10621,3281.0,54720,1506.0,31,0.0,0.0,0.0,0.07851123595505619,0.06785925487876995,0.5728415138971024,8.390883353045535,0.05995979532163743,0.027521929824561402,0.0,TN
47011,Tennessee,Bradley County,Bradley County,108620,5914.0,31132,56669,1385441.0999999999,108620,4380,4973.0,41847,2256.0,25,1.0,9491.0,0.05444669489965016,0.040324065549622534,0.2866138832627509,0.5217179156693058,12.75493555514638,0.1188376705618085,0.05391067460032977,0.08737801509850857,TN
47013,Tennessee,Campbell County,Campbell County,39272,7127.0,33861,12360,736423.2,39272,2130,3181.0,16324,986.0,13,2.0,12360.0,0.181477897738847,0.05423711550213893,0.8622173558769607,0.3147280505194541,18.75186392340599,0.19486645430041658,0.06040186228865474,0.3147280505194541,TN
47015,Tennessee,Cannon County,Cannon County,14506,0.0,9974,0,262637.0,14506,0,603.0,5856,267.0,4,0.0,0.0,0.0,0.0,0.6875775541155384,0.0,18.105404660140632,0.10297131147540983,0.04559426229508197,0.0,TN
47017,Tennessee,Carroll County,Carroll County,28440,0.0,17872,4583,480478.3,28440,1753,1438.0,11446,629.0,9,0.0,0.0,0.0,0.06163853727144866,0.6284106891701828,0.1611462728551336,16.89445499296765,0.12563340905119694,0.054953695614188364,0.0,TN
47019,Tennessee,Carter County,Carter County,56356,14048.0,37959,33789,960847.7,56356,7304,3483.0,24317,1123.0,18,4.0,19655.0,0.24927248207821706,0.1296046561146994,0.6735573851941231,0.5995634892469303,17.049607850095818,0.1432331290866472,0.0461816835958383,0.34876499396692456,TN
47021,Tennessee,Cheatham County,Cheatham County,41072,0.0,0,0,317589.2,41072,0,957.0,15706,323.0,9,0.0,0.0,0.0,0.0,0.0,0.0,7.732499026100506,0.06093212784922959,0.020565389023303196,0.0,TN
47023,Tennessee,Chester County,Chester County,17341,0.0,10742,5487,295683.3,17341,263,857.0,6503,201.0,5,0.0,5487.0,0.0,0.015166368721527016,0.6194567787324837,0.31641773830805603,17.051110085923533,0.13178532984776256,0.030908811317853297,0.31641773830805603,TN
47025,Tennessee,Claiborne County,Claiborne County,32043,0.0,20894,0,561184.1,32043,0,2031.0,13198,555.0,9,0.0,0.0,0.0,0.0,0.6520612926380177,0.0,17.513469400493086,0.153886952568571,0.04205182603424761,0.0,TN
47027,Tennessee,Clay County,Clay County,7581,0.0,7581,0,185702.9,7581,0,879.0,3264,235.0,2,0.0,4910.0,0.0,0.0,1.0,0.0,24.495831684474343,0.2693014705882353,0.07199754901960784,0.6476718111067141,TN
47029,Tennessee,Cocke County,Cocke County,35999,10432.0,35988,10432,784712.2,35988,2842,2913.0,15246,683.0,9,2.0,10432.0,0.28978582738409403,0.07894663740659463,0.9996944359565544,0.28978582738409403,21.804829387573633,0.19106650924832744,0.04479863570772662,0.28978582738409403,TN
47031,Tennessee,Coffee County,Coffee County,57889,0.0,25096,25584,995282.8999999999,57886,4209,2706.0,22842,964.0,17,0.0,6742.0,0.0,0.07270811380400422,0.4335193214600356,0.441949247698181,17.193844798396846,0.11846598371421066,0.042202959460642675,0.11646426782290245,TN
47033,Tennessee,Crockett County,Crockett County,13911,0.0,0,0,201078.2,13911,0,741.0,5565,398.0,5,0.0,0.0,0.0,0.0,0.0,0.0,14.454618647113795,0.13315363881401618,0.07151841868823001,0.0,TN
47035,Tennessee,Cumberland County,Cumberland County,61145,3983.0,30185,22761,874415.3,61145,7473,3191.0,26933,1380.0,17,1.0,12729.0,0.06514024041213509,0.12221767928694088,0.49366260528252515,0.37224629977921336,14.300683620901138,0.11847918909887499,0.05123825789923143,0.20817728350641918,TN
47037,Tennessee,Davidson County,Davidson County,715884,27413.0,291180,672154,9901642.3,714469,70201,26860.0,301236,21243.0,174,6.0,122528.0,0.03829251666471104,0.09806197652133586,0.4067418743818831,0.9389146845019584,13.85874306652913,0.08916596953883334,0.07051945982551887,0.17115622084024787,TN
47039,Tennessee,Decatur County,Decatur County,11435,0.0,11435,0,252681.8,11435,0,787.0,4894,260.0,5,0.0,0.0,0.0,0.0,1.0,0.0,22.097227809357236,0.16080915406620352,0.05312627707396812,0.0,TN
47041,Tennessee,DeKalb County,DeKalb County,20080,7400.0,13006,7400,373625.1,20080,2668,1145.0,8061,607.0,5,2.0,7400.0,0.36852589641434264,0.13286852589641435,0.6477091633466135,0.36852589641434264,18.606827689243026,0.14204193028160278,0.0753008311623868,0.36852589641434264,TN
47043,Tennessee,Dickson County,Dickson County,54315,3376.0,29882,3376,589677.3,54315,1218,2017.0,21154,636.0,11,1.0,3376.0,0.06215594218908221,0.022424744545705606,0.5501610973027709,0.06215594218908221,10.85661971830986,0.09534839746620025,0.030065235889193534,0.06215594218908221,TN
47045,Tennessee,Dyer County,Dyer County,36801,0.0,17884,14481,599690.6,36801,874,2336.0,14787,986.0,10,0.0,8714.0,0.0,0.023749354637102253,0.4859650552974104,0.3934947419907068,16.29549740496182,0.1579766010685061,0.06668019206059377,0.2367870438303307,TN
47047,Tennessee,Fayette County,Fayette County,41990,0.0,0,6391,438417.6,41990,2315,1663.0,16625,916.0,11,0.0,0.0,0.0,0.05513217432722076,0.0,0.15220290545367945,10.44100023815194,0.10003007518796993,0.05509774436090226,0.0,TN
47049,Tennessee,Fentress County,Fentress County,18489,0.0,18489,0,393516.0,18489,0,1763.0,7673,404.0,5,0.0,0.0,0.0,0.0,1.0,0.0,21.28379036183677,0.22976671445327773,0.052652156913853776,0.0,TN
47051,Tennessee,Franklin County,Franklin County,42774,0.0,9216,7421,515764.89999999997,42774,505,1449.0,16814,718.0,10,0.0,3963.0,0.0,0.011806237433955206,0.21545798849768552,0.17349324355917145,12.05790667227755,0.0861781848459617,0.04270250981325086,0.09264974049656333,TN
47053,Tennessee,Gibson County,Gibson County,50429,0.0,28023,12928,718889.6,50428,2407,3366.0,20130,1344.0,17,0.0,5731.0,0.0,0.0477304725455591,0.55569216125642,0.25636042753177735,14.255762671531688,0.16721311475409836,0.06676602086438152,0.11364492653036944,TN
47055,Tennessee,Giles County,Giles County,30346,0.0,5058,0,390143.7,30346,0,1374.0,12327,629.0,9,0.0,0.0,0.0,0.0,0.1666776510907533,0.0,12.856511566598563,0.11146264297882696,0.05102620264460128,0.0,TN
47057,Tennessee,Grainger County,Grainger County,23527,5201.0,18388,5201,400362.4,23527,2619,1350.0,9663,480.0,6,1.0,5201.0,0.22106515917881583,0.1113189101882943,0.781570110936371,0.22106515917881583,17.017146257491394,0.1397081651660975,0.04967401428127911,0.22106515917881583,TN
47059,Tennessee,Greene County,Greene County,70152,0.0,28396,20746,1069620.8,70152,4540,3329.0,28738,1496.0,17,0.0,0.0,0.0,0.06471661534952675,0.4047781959174364,0.29572927357737483,15.247188961113013,0.11583965481244346,0.05205651054353121,0.0,TN
47061,Tennessee,Grundy County,Grundy County,13529,0.0,13529,0,254056.4,13529,0,868.0,5405,234.0,4,0.0,0.0,0.0,0.0,1.0,0.0,18.778653263360187,0.16059204440333025,0.04329324699352451,0.0,TN
47063,Tennessee,Hamblen County,Hamblen County,64499,0.0,25126,52924,1174499.0,64499,11569,3650.0,25265,1293.0,12,0.0,12654.0,0.0,0.17936712197088328,0.38955642723142997,0.8205398533310594,18.20956914060683,0.1444686324955472,0.051177518305956855,0.1961890882029179,TN
47065,Tennessee,Hamilton County,Hamilton County,366207,2876.0,87674,315738,4783006.4,366207,53759,14488.0,148758,8942.0,87,1.0,30812.0,0.007853481773969367,0.14679948772142531,0.23941104348087283,0.8621845022077678,13.06093657412338,0.09739308138049718,0.06011105285093911,0.0841382059873241,TN
47067,Tennessee,Hancock County,Hancock County,6662,0.0,6662,0,213090.39999999997,6662,0,984.0,2827,335.0,2,0.0,2768.0,0.0,0.0,1.0,0.0,31.985950165115575,0.3480721613017333,0.11850017686593563,0.41549084359051336,TN
47069,Tennessee,Hardeman County,Hardeman County,25462,0.0,21863,0,504510.5,25462,0,1759.0,9174,691.0,6,0.0,0.0,0.0,0.0,0.858652109025214,0.0,19.814252611735135,0.19173751907564857,0.07532156093307173,0.0,TN
47071,Tennessee,Hardin County,Hardin County,26831,4069.0,20792,9154,577213.2999999999,26831,2841,1634.0,11244,596.0,8,1.0,5578.0,0.15165293876486155,0.10588498378741008,0.7749245275986731,0.3411725243188849,21.512925347545746,0.14532194948416932,0.05300604766986838,0.20789385412396108,TN
47073,Tennessee,Hawkins County,Hawkins County,56721,3917.0,27961,17928,847931.6000000001,56721,4350,3041.0,23669,1006.0,13,1.0,3917.0,0.0690573156326581,0.07669117258158355,0.49295675323072585,0.31607341196382294,14.949165212178912,0.1284802906755672,0.04250285183150957,0.0690573156326581,TN
47075,Tennessee,Haywood County,Haywood County,17864,8547.0,12849,11291,390079.7,17864,2743,1773.0,7424,810.0,6,2.0,11291.0,0.47844827586206895,0.15354903716972682,0.7192678011643528,0.6320532915360502,21.83607814599194,0.2388200431034483,0.10910560344827586,0.6320532915360502,TN
47077,Tennessee,Henderson County,Henderson County,27842,0.0,13169,4583,472087.2,27842,1518,1802.0,11392,492.0,7,0.0,0.0,0.0,0.054521945262552975,0.47299044608864305,0.16460742762732564,16.9559370734861,0.1581811797752809,0.04318820224719101,0.0,TN
47079,Tennessee,Henry County,Henry County,32199,3175.0,18189,10869,593099.6,32199,1231,1762.0,13742,759.0,12,1.0,8863.0,0.09860554675611044,0.03823100096276282,0.5648933196683127,0.33755706698965804,18.419814279946582,0.12822005530490468,0.05523213506039878,0.2752569955588683,TN
47081,Tennessee,Hickman County,Hickman County,24925,0.0,22249,0,267783.8,24925,16,952.0,9237,260.0,7,0.0,2132.0,0.0,0.000641925777331996,0.8926379137412237,0.0,10.743582748244734,0.1030637652917614,0.02814766699144744,0.08553660982948846,TN
47083,Tennessee,Houston County,Houston County,8283,0.0,3032,0,91724.30000000002,8283,13,516.0,3311,91.0,3,0.0,0.0,0.0,0.0015694796571290594,0.3660509477242545,0.0,11.073801762646386,0.15584415584415584,0.02748414376321353,0.0,TN
47085,Tennessee,Humphreys County,Humphreys County,18990,0.0,7816,0,275463.7,18990,0,835.0,7599,278.0,5,0.0,0.0,0.0,0.0,0.4115850447604002,0.0,14.505724065297526,0.10988287932622713,0.036583761021186996,0.0,TN
47087,Tennessee,Jackson County,Jackson County,11617,0.0,6072,0,237403.59999999998,11617,0,758.0,4907,293.0,4,0.0,0.0,0.0,0.0,0.5226822759748644,0.0,20.43587845398984,0.15447320154880784,0.05971061748522519,0.0,TN
47089,Tennessee,Jefferson County,Jefferson County,54683,7066.0,11766,12431,633085.8,54683,3876,2360.0,21461,604.0,12,1.0,7066.0,0.12921748989631146,0.07088126108662655,0.21516741949051807,0.2273284201671452,11.577378710019568,0.10996691673267787,0.02814407529938027,0.12921748989631146,TN
47091,Tennessee,Johnson County,Johnson County,17948,0.0,16985,0,396155.0,17948,0,1101.0,7205,312.0,5,0.0,0.0,0.0,0.0,0.9463449966570091,0.0,22.072375752172945,0.15281054823039555,0.04330326162387231,0.0,TN
47093,Tennessee,Knox County,Knox County,478971,11326.0,138029,414921,6159285.2,476985,70948,17979.0,195165,10608.0,121,2.0,52120.0,0.023646525572529442,0.14812587818469178,0.2881781986800871,0.8662758288080071,12.912953656823591,0.09212205057259241,0.05435400814695258,0.10881660893874577,TN
47095,Tennessee,Lake County,Lake County,7005,0.0,7005,0,223095.90000000002,7005,0,657.0,2176,379.0,2,0.0,0.0,0.0,0.0,1.0,0.0,31.848094218415422,0.30193014705882354,0.17417279411764705,0.0,TN
47097,Tennessee,Lauderdale County,Lauderdale County,25143,3466.0,16464,6292,533995.4,25143,984,2117.0,9583,852.0,9,1.0,3466.0,0.1378514894801734,0.03913614127192459,0.65481446128147,0.25024857813307877,21.238332736745814,0.22091203172284254,0.0889074402587916,0.1378514894801734,TN
47099,Tennessee,Lawrence County,Lawrence County,44159,0.0,19534,0,674599.6,44159,0,2390.0,17075,1289.0,11,0.0,0.0,0.0,0.0,0.4423560316130347,0.0,15.276604995584139,0.13997071742313325,0.0754904831625183,0.0,TN
47101,Tennessee,Lewis County,Lewis County,12582,0.0,4830,0,210095.4,12582,0,1010.0,5073,132.0,2,0.0,0.0,0.0,0.0,0.3838817358130663,0.0,16.698092513113973,0.19909323871476445,0.026020106445890007,0.0,TN
47103,Tennessee,Lincoln County,Lincoln County,35319,0.0,6512,0,458410.19999999995,35319,0,1273.0,14395,572.0,9,0.0,0.0,0.0,0.0,0.18437668110648658,0.0,12.979138707211415,0.08843348384855852,0.03973601945119833,0.0,TN
47105,Tennessee,Loudon County,Loudon County,54886,3920.0,6897,32508,672695.3,54886,13584,1547.0,22698,906.0,14,1.0,3920.0,0.07142076303611121,0.24749480741901395,0.12566045986225996,0.5922821848923223,12.256227453266773,0.06815578465063,0.039915411049431665,0.07142076303611121,TN
47107,Tennessee,McMinn County,McMinn County,53276,0.0,13234,23077,695744.9,53276,6019,2873.0,21340,883.0,14,0.0,5869.0,0.0,0.11297770102860576,0.24840453487499062,0.4331593963510774,13.05925557474285,0.13462980318650422,0.041377694470477976,0.11016217433741272,TN
47109,Tennessee,McNairy County,McNairy County,25866,0.0,16856,0,433648.6,25866,0,1510.0,10716,459.0,8,0.0,0.0,0.0,0.0,0.6516662800587644,0.0,16.765197556638057,0.14091078760731615,0.04283314669652855,0.0,TN
47111,Tennessee,Macon County,Macon County,25216,4787.0,14617,4787,437600.4,25216,825,1663.0,9679,461.0,5,1.0,4787.0,0.1898397842639594,0.03271732233502538,0.5796716370558376,0.1898397842639594,17.354076776649748,0.17181527017253848,0.047628887281743984,0.1898397842639594,TN
47113,Tennessee,Madison County,Madison County,98823,0.0,34517,73393,1899858.7,98823,12400,6540.0,39515,3566.0,28,0.0,13338.0,0.0,0.1254768626736691,0.3492810378150835,0.7426712405006931,19.22486364510286,0.16550676958117172,0.09024421105909149,0.13496858018882243,TN
47115,Tennessee,Marion County,Marion County,28837,0.0,13575,5554,468462.1,28837,1007,1728.0,11786,501.0,7,0.0,0.0,0.0,0.03492041474494573,0.4707493844713389,0.1925997849984395,16.245174602073725,0.14661462752418122,0.04250806041065671,0.0,TN
47117,Tennessee,Marshall County,Marshall County,34318,0.0,4203,15172,411821.7,34318,4082,905.0,13279,442.0,6,0.0,4203.0,0.0,0.11894632554344658,0.12247217203799755,0.4421003554985722,12.000166093595197,0.06815272234354997,0.033285638978838766,0.12247217203799755,TN
47119,Tennessee,Maury County,Maury County,100974,13341.0,37619,53876,993875.8,100974,8521,2674.0,39987,1186.0,21,2.0,25404.0,0.13212312080337513,0.08438806029274863,0.3725612533919623,0.533563095450314,9.84288826826708,0.06687173331332683,0.02965963938279941,0.25158951809376673,TN
47121,Tennessee,Meigs County,Meigs County,12758,0.0,4949,0,187249.40000000002,12758,0,828.0,5058,148.0,3,0.0,0.0,0.0,0.0,0.387913466060511,0.0,14.677018341432829,0.16370106761565836,0.02926057730328193,0.0,TN
47123,Tennessee,Monroe County,Monroe County,46250,0.0,22197,4903,710877.0,46250,1380,3064.0,18746,1082.0,12,0.0,3282.0,0.0,0.029837837837837836,0.47993513513513514,0.1060108108108108,15.370313513513514,0.16344820228315374,0.057718980049077134,0.07096216216216217,TN
47125,Tennessee,Montgomery County,Montgomery County,220069,18633.0,62046,167103,2566064.9,219674,20086,7142.0,79841,3300.0,46,3.0,30449.0,0.08466889929976508,0.09127137397816139,0.28193884645270345,0.7593209402505577,11.681240838697342,0.08945278741498729,0.04133214764344134,0.13836115036647598,TN
47127,Tennessee,Moore County,Moore County,6461,0.0,0,0,52921.7,6461,0,183.0,2590,140.0,2,0.0,0.0,0.0,0.0,0.0,0.0,8.190945674044265,0.07065637065637066,0.05405405405405406,0.0,TN
47129,Tennessee,Morgan County,Morgan County,21035,0.0,12231,0,340327.2,21035,0,1033.0,7457,364.0,5,0.0,0.0,0.0,0.0,0.581459472308058,0.0,16.17909198954124,0.1385275579991954,0.04881319565508918,0.0,TN
47131,Tennessee,Obion County,Obion County,30787,0.0,20044,8819,578215.1,30787,859,1957.0,12928,741.0,10,0.0,4145.0,0.0,0.027901386949036933,0.6510540163055836,0.286452073927307,18.781144638970993,0.15137685643564355,0.05731745049504951,0.13463474843278006,TN
47133,Tennessee,Overton County,Overton County,22511,0.0,12704,0,369053.7,22511,0,1067.0,9147,311.0,8,0.0,0.0,0.0,0.0,0.5643463195770957,0.0,16.394371640531297,0.11665026784738165,0.0340002186509238,0.0,TN
47135,Tennessee,Perry County,Perry County,8366,0.0,5937,0,149485.9,8366,0,480.0,3413,151.0,3,0.0,3334.0,0.0,0.0,0.7096581400908439,0.0,17.86826440353813,0.14063873425139173,0.04424260181658365,0.3985178101840784,TN
47137,Tennessee,Pickett County,Pickett County,5001,0.0,5001,0,121172.4,5001,0,378.0,2192,116.0,2,0.0,0.0,0.0,0.0,1.0,0.0,24.229634073185363,0.17244525547445255,0.05291970802919708,0.0,TN
47139,Tennessee,Polk County,Polk County,17544,0.0,1583,0,249438.4,17544,0,1043.0,7160,344.0,6,0.0,0.0,0.0,0.0,0.09023027815777473,0.0,14.217875056999544,0.14567039106145252,0.048044692737430165,0.0,TN
47141,Tennessee,Putnam County,Putnam County,79854,0.0,27689,42847,1541195.2,79854,6302,3111.0,32125,1278.0,18,0.0,8802.0,0.0,0.07891902722468505,0.3467453101910988,0.5365667342900794,19.300162797104715,0.09684046692607004,0.039782101167315176,0.1102261627470133,TN
47143,Tennessee,Rhea County,Rhea County,32870,0.0,24401,7003,515496.0,32870,428,2297.0,13082,946.0,6,0.0,7003.0,0.0,0.013020991785822939,0.7423486461819289,0.2130514146638272,15.682871919683603,0.1755847729704938,0.07231310197217551,0.2130514146638272,TN
47145,Tennessee,Roane County,Roane County,53404,10765.0,15416,27559,636281.2,53404,9168,2983.0,22322,1343.0,16,3.0,10765.0,0.20157666092427534,0.17167253389259232,0.28866751554190695,0.5160474870796194,11.914485806306644,0.13363497894453902,0.060164859779589644,0.20157666092427534,TN
47147,Tennessee,Robertson County,Robertson County,72803,3329.0,17186,31192,773505.1,72803,4811,2086.0,26885,928.0,15,1.0,8581.0,0.0457261376591624,0.066082441657624,0.2360617007540898,0.42844388280702717,10.624632226693954,0.0775897340524456,0.034517388878556814,0.11786602200458772,TN
47149,Tennessee,Rutherford County,Rutherford County,341486,10369.0,97134,261993,3206317.3,338586,32290,9079.0,124465,3446.0,64,2.0,43920.0,0.030364348758075,0.09455731713745219,0.28444504313500407,0.7672144685287244,9.469727927321271,0.07294420118105492,0.027686498212348854,0.12861435022226386,TN
47151,Tennessee,Scott County,Scott County,21850,0.0,17627,0,510233.6,21850,0,1973.0,8625,462.0,6,0.0,0.0,0.0,0.0,0.8067276887871854,0.0,23.351652173913042,0.2287536231884058,0.05356521739130435,0.0,TN
47153,Tennessee,Sequatchie County,Sequatchie County,15826,0.0,11304,0,347151.4,15826,0,1022.0,6190,274.0,4,0.0,0.0,0.0,0.0,0.7142676608113231,0.0,21.935511184127385,0.1651050080775444,0.04426494345718902,0.0,TN
47155,Tennessee,Sevier County,Sevier County,98380,0.0,39779,24381,1342694.5,98380,4250,2911.0,39520,1659.0,27,0.0,5476.0,0.0,0.043199837365318156,0.40434031307176255,0.24782476113031104,13.64804330148404,0.0736589068825911,0.041978744939271256,0.05566171986176052,TN
47157,Tennessee,Shelby County,Shelby County,929744,15841.0,466503,890598,16551668.8,926191,99422,56268.0,364625,29600.0,249,3.0,45360.0,0.017038023369873857,0.10693481216334819,0.5017542463301726,0.9578959369460841,17.870686283930638,0.15431744943435036,0.08117929379499486,0.04878762325973601,TN
47159,Tennessee,Smith County,Smith County,19904,0.0,12748,0,198396.40000000002,19904,0,780.0,7663,308.0,5,0.0,0.0,0.0,0.0,0.6404742765273312,0.0,9.967664790996785,0.10178781156205141,0.040193135847579275,0.0,TN
47161,Tennessee,Stewart County,Stewart County,13657,0.0,4640,0,225343.4,13654,0,591.0,5470,254.0,6,0.0,4640.0,0.0,0.0,0.33975250787142125,0.0,16.503837703237146,0.10804387568555758,0.046435100548446066,0.33975250787142125,TN
47163,Tennessee,Sullivan County,Sullivan County,158163,24787.0,69919,114587,2431457.9,158163,26032,9053.0,67853,3281.0,40,6.0,31900.0,0.15671806933353566,0.16458969544077945,0.44206925766456123,0.7244867636552165,15.37311444522423,0.13342077726850693,0.04835453111874199,0.20169066090046345,TN
47165,Tennessee,Sumner County,Sumner County,196281,3769.0,43106,113196,1695568.6,196281,37106,4779.0,74472,2597.0,43,1.0,16427.0,0.019202062349386848,0.1890452973033559,0.21961371706889612,0.5767038072966818,8.63847545101156,0.06417176925555913,0.03487216672037813,0.08369123858142154,TN
47167,Tennessee,Tipton County,Tipton County,60970,0.0,16188,15485,815326.7999999999,60970,5066,2817.0,22563,1179.0,13,0.0,4911.0,0.0,0.08309004428407414,0.26550762670165656,0.2539773659176644,13.372589798261439,0.12485041882728361,0.052253689668927,0.08054781039855667,TN
47169,Tennessee,Trousdale County,Trousdale County,11615,0.0,0,0,125276.5,11615,0,405.0,3469,157.0,2,0.0,0.0,0.0,0.0,0.0,0.0,10.785751183814034,0.11674834246180456,0.04525799942346498,0.0,TN
47171,Tennessee,Unicoi County,Unicoi County,17928,0.0,6124,4150,256424.3,17928,0,1059.0,7638,310.0,4,0.0,0.0,0.0,0.0,0.3415885765283356,0.23148148148148148,14.303006470325746,0.13864886095836607,0.040586540979313954,0.0,TN
47173,Tennessee,Union County,Union County,19802,0.0,8256,0,271891.5,19802,0,1171.0,7794,230.0,5,0.0,0.0,0.0,0.0,0.41692758307241695,0.0,13.73050701949298,0.15024377726456248,0.02950987939440595,0.0,TN
47175,Tennessee,Van Buren County,Van Buren County,6168,0.0,6168,0,99289.4,6168,0,479.0,2459,209.0,2,0.0,0.0,0.0,0.0,1.0,0.0,16.097503242542153,0.1947946319642131,0.08499389995933307,0.0,TN
47177,Tennessee,Warren County,Warren County,40953,3629.0,27778,8712,640951.2,40953,1489,2433.0,16336,731.0,10,1.0,8712.0,0.0886137767684907,0.036358752716528706,0.6782897467828974,0.2127316680096696,15.65089737015603,0.14893486777668952,0.04474779627815867,0.2127316680096696,TN
47179,Tennessee,Washington County,Washington County,133001,0.0,47526,86516,2052556.4,130509,10094,4886.0,55428,2948.0,32,0.0,11179.0,0.0,0.07589416620927662,0.35733565913038245,0.6504913496891,15.727316890022909,0.08815039330302374,0.0531861153207765,0.0840519996090255,TN
47181,Tennessee,Wayne County,Wayne County,16232,0.0,16232,0,333589.4,16232,139,1018.0,6016,488.0,4,0.0,0.0,0.0,0.008563331690487926,1.0,0.0,20.551343026121245,0.1692154255319149,0.08111702127659574,0.0,TN
47183,Tennessee,Weakley County,Weakley County,32902,0.0,22991,13129,705927.3,32902,2802,1869.0,13373,742.0,11,0.0,0.0,0.0,0.08516199623123215,0.6987721111178652,0.39903349340465627,21.45545255607562,0.13975921633141405,0.05548493232632917,0.0,TN
47185,Tennessee,White County,White County,27351,5481.0,12701,9210,357213.7,27351,2327,1463.0,10865,430.0,6,1.0,9210.0,0.20039486673247778,0.085079156155168,0.46437058974077733,0.33673357464078096,13.060352455120471,0.13465255407271054,0.039576622181316155,0.33673357464078096,TN
47187,Tennessee,Williamson County,Williamson County,247726,0.0,0,163142,1144590.1,247726,67218,1728.0,86884,1893.0,46,0.0,0.0,0.0,0.2713401096372605,0.0,0.6585582458038316,4.6203874441923745,0.019888587081626077,0.021787670917545233,0.0,TN
47189,Tennessee,Wilson County,Wilson County,147737,7775.0,15534,78102,1166923.8,147737,17676,3158.0,55074,1321.0,28,1.0,15534.0,0.052627303925218465,0.11964504491088894,0.10514630728930464,0.5286556515970948,7.898656396163453,0.057341032065947636,0.02398590986672477,0.10514630728930464,TN
48001,Texas,Anderson County,Anderson County,57922,10515.0,34520,18506,1497002.8,57922,2247,3161.0,17371,1014.0,12,2.0,29239.0,0.18153723973619695,0.038793549946479745,0.595973895929008,0.3194986360968199,25.84515037464176,0.18196994991652754,0.05837315065338783,0.5047995580263113,TX
48003,Texas,Andrews County,Andrews County,18610,7710.0,7710,12378,296264.1,18610,860,891.0,6262,308.0,4,1.0,7710.0,0.41429339065018805,0.046211714132187,0.41429339065018805,0.6651262761955937,15.919618484685651,0.1422868093260939,0.04918556371766209,0.41429339065018805,TX
48005,Texas,Angelina County,Angelina County,86395,0.0,43935,37455,1373794.9,86395,4822,5405.0,32134,2021.0,21,0.0,9476.0,0.0,0.05581341512819029,0.5085363736327334,0.4335320331037676,15.901324150703164,0.16820190452480238,0.06289288603970872,0.10968227327970369,TX
48007,Texas,Aransas County,Aransas County,23830,0.0,5375,14275,320211.2,23830,1271,1071.0,10236,803.0,10,0.0,1000.0,0.0,0.053336130927402435,0.22555602182123374,0.5990348300461603,13.437314309693663,0.10463071512309496,0.0784486127393513,0.0419639110365086,TX
48009,Texas,Archer County,Archer County,8560,0.0,2442,0,78836.7,8560,39,227.0,3396,50.0,3,0.0,0.0,0.0,0.00455607476635514,0.2852803738317757,0.0,9.209894859813083,0.06684334511189635,0.014723203769140165,0.0,TX
48011,Texas,Armstrong County,Armstrong County,1848,0.0,0,0,9609.6,1848,387,26.0,728,4.0,1,0.0,0.0,0.0,0.20941558441558442,0.0,0.0,5.2,0.03571428571428571,0.005494505494505495,0.0,TX
48013,Texas,Atascosa County,Atascosa County,48981,0.0,28811,8810,776070.9,48981,1688,2725.0,16485,856.0,13,0.0,4747.0,0.0,0.03446234254098528,0.588207672362753,0.1798656621955452,15.84432535064617,0.16530178950561117,0.05192599332726721,0.09691513035666892,TX
48015,Texas,Austin County,Austin County,30167,0.0,4542,0,350396.4,30167,33,1111.0,11618,340.0,8,0.0,0.0,0.0,0.0010939105645241488,0.1505618722445056,0.0,11.61522193124938,0.09562747460836633,0.02926493372353245,0.0,TX
48017,Texas,Bailey County,Bailey County,6904,2902.0,2902,4002,82398.6,6904,1066,395.0,2359,225.0,2,1.0,2902.0,0.42033603707995365,0.1544032444959444,0.42033603707995365,0.5796639629200464,11.934907300115876,0.16744383213225944,0.0953793980500212,0.42033603707995365,TX
48019,Texas,Bandera County,Bandera County,20851,0.0,2209,0,285217.0,20851,660,670.0,8847,199.0,7,0.0,0.0,0.0,0.03165315812191262,0.10594216104743177,0.0,13.678816363723563,0.07573188651520289,0.022493500621679666,0.0,TX
48021,Texas,Bastrop County,Bastrop County,97216,8385.0,75384,19705,991801.2000000001,97216,4056,2750.0,33267,1249.0,21,2.0,11684.0,0.08625123436471363,0.04172152732060566,0.7754279131007241,0.20269297235023043,10.202036701777486,0.08266450235969579,0.037544713980821834,0.12018597761685319,TX
48023,Texas,Baylor County,Baylor County,3465,0.0,3465,0,75794.20000000001,3465,365,243.0,1503,107.0,2,0.0,0.0,0.0,0.10533910533910534,1.0,0.0,21.874227994227997,0.16167664670658682,0.07119095143047238,0.0,TX
48025,Texas,Bee County,Bee County,31047,0.0,22655,7042,609967.2,31047,1093,1201.0,8896,521.0,9,0.0,6847.0,0.0,0.035204689664057716,0.7297001320578478,0.22681740586852192,19.64657454826553,0.1350044964028777,0.058565647482014385,0.22053660579121975,TX
48027,Texas,Bell County,Bell County,370647,11700.0,169807,304620,5330605.5,370300,21349,18429.0,135673,7484.0,87,2.0,30520.0,0.03156642303863245,0.057599279098441376,0.45813671768556063,0.8218601526519842,14.395369970294356,0.13583395369749324,0.05516204403234247,0.08234249838795404,TX
48029,Texas,Bexar County,Bexar County,2009324,9958.0,834584,1822543,29544024.9,2009320,102293,103965.0,726886,48040.0,375,2.0,117579.0,0.004955895614644527,0.05090916148913764,0.41535561213622096,0.9070428661579716,14.703494167180937,0.14302793010183165,0.06609014343377091,0.05851669516713084,TX
48031,Texas,Blanco County,Blanco County,11374,0.0,0,0,98221.29999999999,11374,35,243.0,4787,115.0,4,0.0,0.0,0.0,0.0030771935994373134,0.0,0.0,8.635598733954632,0.0507624817213286,0.024023396699394194,0.0,TX
48033,Texas,Borden County,Borden County,631,631.0,631,0,4669.400000000001,631,619,0.0,256,3.0,1,1.0,631.0,1.0,0.9809825673534073,1.0,0.0,7.400000000000001,0.0,0.01171875,1.0,TX
48035,Texas,Bosque County,Bosque County,18235,0.0,11016,0,170555.9,18235,12,782.0,7391,175.0,7,0.0,0.0,0.0,0.0006580751302440362,0.6041129695640253,0.0,9.353216342199067,0.10580435664997971,0.023677445541875255,0.0,TX
48037,Texas,Bowie County,Bowie County,92893,9891.0,42816,55970,1549883.5,92893,5326,5109.0,35518,2418.0,26,3.0,18413.0,0.1064773449021993,0.05733478302993767,0.4609173995887742,0.6025211802826909,16.68461025050327,0.14384255870262966,0.06807815755391633,0.1982173037796174,TX
48039,Texas,Brazoria County,Brazoria County,372031,11378.0,43459,252146,2753057.9,372031,22319,10824.0,127464,4208.0,77,2.0,11378.0,0.030583472882636124,0.05999231246858461,0.11681553418935518,0.6777553483446271,7.400076606519349,0.08491809452080587,0.03301324295487353,0.030583472882636124,TX
48041,Texas,Brazos County,Brazos County,233849,10924.0,132847,195056,6631732.4,233846,19368,7858.0,85304,5463.0,63,2.0,30870.0,0.0467139051268126,0.08282267617137555,0.5680888094454114,0.8341109006239069,28.359400631184627,0.09211760292600582,0.06404154553127638,0.13200826174155117,TX
48043,Texas,Brewster County,Brewster County,9546,7994.0,7994,6316,85791.2,9546,2072,338.0,4230,284.0,3,2.0,7994.0,0.8374188141630002,0.21705426356589147,0.8374188141630002,0.6616383825686152,8.987135973182484,0.07990543735224587,0.06713947990543735,0.8374188141630002,TX
48045,Texas,Briscoe County,Briscoe County,1435,0.0,1435,0,24108.0,1435,188,36.0,605,8.0,1,0.0,0.0,0.0,0.13101045296167246,1.0,0.0,16.8,0.05950413223140496,0.013223140495867768,0.0,TX
48047,Texas,Brooks County,Brooks County,7076,2236.0,2236,4840,136614.8,7076,879,1062.0,2507,737.0,2,1.0,2236.0,0.3159977388355003,0.12422272470322215,0.3159977388355003,0.6840022611644997,19.30678349349915,0.4236138811328281,0.29397686477861984,0.3159977388355003,TX
48049,Texas,Brown County,Brown County,38095,4652.0,20048,22527,592267.8,38095,2509,1776.0,15074,979.0,13,1.0,11836.0,0.12211576322352015,0.06586166163538522,0.5262632891455572,0.5913374458590366,15.547126919543249,0.11781876078015126,0.06494626509221176,0.3106969418558866,TX
48051,Texas,Burleson County,Burleson County,17642,0.0,6082,0,226428.8,17642,142,941.0,7183,314.0,7,0.0,0.0,0.0,0.008048974039224577,0.34474549370819635,0.0,12.834644598118127,0.1310037588751218,0.04371432549074203,0.0,TX
48053,Texas,Burnet County,Burnet County,49130,4007.0,13085,13859,409731.0,49130,4083,1531.0,19245,783.0,15,1.0,7483.0,0.08155912884184816,0.08310604518624058,0.2663342153470385,0.28208833706492975,8.339731325055974,0.07955313068329437,0.0406858924395947,0.15231019743537552,TX
48055,Texas,Caldwell County,Caldwell County,45883,2784.0,35331,15023,606497.6,45883,1529,1893.0,15010,597.0,11,1.0,2784.0,0.060676067388793234,0.03332388902207789,0.7700237560752349,0.3274197415164658,13.2183510232548,0.12611592271818786,0.03977348434377082,0.060676067388793234,TX
48057,Texas,Calhoun County,Calhoun County,20106,0.0,3469,9253,160279.8,20106,343,1357.0,7614,445.0,7,0.0,0.0,0.0,0.017059584203720283,0.17253556152392321,0.46021088232368446,7.971739779170396,0.17822432361439453,0.058444969792487526,0.0,TX
48059,Texas,Callahan County,Callahan County,13708,0.0,4121,0,131838.5,13708,680,556.0,5582,139.0,3,0.0,4121.0,0.0,0.04960606944849723,0.30062737087831926,0.0,9.617632039684855,0.09960587603009674,0.024901469007524185,0.30062737087831926,TX
48061,Texas,Cameron County,Cameron County,421017,10720.0,330244,316384,10444376.2,421003,4996,34273.0,132507,9157.0,121,2.0,38980.0,0.025462154734844436,0.011866504202918172,0.7843958795013029,0.7514755936221102,24.808317755455423,0.2586504863893983,0.06910578309070464,0.09258533503397726,TX
48063,Texas,Camp County,Camp County,12464,0.0,8853,0,248958.09999999998,12464,0,800.0,4775,322.0,3,0.0,0.0,0.0,0.0,0.710285622593068,0.0,19.97417362002567,0.16753926701570682,0.06743455497382199,0.0,TX
48065,Texas,Carson County,Carson County,5807,0.0,0,0,41978.3,5807,67,101.0,2368,93.0,2,0.0,0.0,0.0,0.011537799207852592,0.0,0.0,7.228913380402963,0.04265202702702703,0.03927364864864865,0.0,TX
48067,Texas,Cass County,Cass County,28454,5175.0,19556,6807,503232.0,28454,1850,1963.0,11738,710.0,9,1.0,9303.0,0.18187249595838897,0.0650172207773951,0.6872847402825614,0.2392282280171505,17.685808673648697,0.16723462259328675,0.06048730618504004,0.32694875940113866,TX
48069,Texas,Castro County,Castro County,7371,0.0,7371,0,141945.30000000002,7371,471,228.0,2576,41.0,3,0.0,2964.0,0.0,0.0638990638990639,1.0,0.0,19.257264957264958,0.08850931677018634,0.01591614906832298,0.4021164021164021,TX
48071,Texas,Chambers County,Chambers County,46571,0.0,6247,10707,550347.9,46571,316,995.0,15623,581.0,7,0.0,0.0,0.0,0.006785338515385111,0.1341392712202873,0.22990702368426702,11.817394945352259,0.06368815208346669,0.03718876016130065,0.0,TX
48073,Texas,Cherokee County,Cherokee County,50412,7433.0,30326,14971,882188.4,50412,1456,2668.0,17992,1186.0,14,2.0,14971.0,0.14744505276521463,0.02888201221931286,0.6015631198920892,0.29697294295009125,17.499571530587957,0.1482881280569142,0.0659181858603824,0.29697294295009125,TX
48075,Texas,Childress County,Childress County,6664,0.0,4647,4647,102423.90000000001,6664,475,162.0,2282,86.0,2,0.0,4647.0,0.0,0.07127851140456183,0.6973289315726291,0.6973289315726291,15.369732893157265,0.07099035933391762,0.03768624014022787,0.6973289315726291,TX
48077,Texas,Clay County,Clay County,10218,0.0,0,0,86168.0,10218,515,273.0,4262,103.0,3,0.0,0.0,0.0,0.05040125269132903,0.0,0.0,8.432961440595028,0.06405443453777569,0.02416705771938057,0.0,TX
48079,Texas,Cochran County,Cochran County,2547,0.0,2547,0,70806.6,2547,142,200.0,940,50.0,1,0.0,0.0,0.0,0.055751864939144094,1.0,0.0,27.8,0.2127659574468085,0.05319148936170213,0.0,TX
48081,Texas,Coke County,Coke County,3285,1570.0,3285,0,75263.0,3285,865,234.0,1415,58.0,2,1.0,1570.0,0.4779299847792998,0.2633181126331811,1.0,0.0,22.91111111111111,0.16537102473498233,0.04098939929328622,0.4779299847792998,TX
48083,Texas,Coleman County,Coleman County,7684,5348.0,5348,4063,150165.0,7684,2452,439.0,3480,282.0,3,2.0,5348.0,0.6959916710046851,0.31910463300364394,0.6959916710046851,0.5287610619469026,19.542555960437273,0.12614942528735631,0.08103448275862069,0.6959916710046851,TX
48085,Texas,Collin County,Collin County,1064465,13461.0,92817,954658,6948477.1,1064459,75383,12768.0,381318,13472.0,220,3.0,29605.0,0.012645789199269116,0.07081773473059236,0.08719591531896305,0.8968430150357222,6.527707596065231,0.033483863861658775,0.0353300919442565,0.02781209339903144,TX
48087,Texas,Collingsworth County,Collingsworth County,2652,0.0,2652,0,57813.6,2652,193,169.0,1096,19.0,1,0.0,0.0,0.0,0.07277526395173455,1.0,0.0,21.8,0.1541970802919708,0.017335766423357664,0.0,TX
48089,Texas,Colorado County,Colorado County,20557,0.0,6324,0,220565.8,20557,97,757.0,8138,371.0,5,0.0,0.0,0.0,0.004718587342511067,0.3076324366395875,0.0,10.729474145060076,0.09302039813221921,0.04558859670680757,0.0,TX
48091,Texas,Comal County,Comal County,161501,0.0,4853,69213,1056149.4,161501,7619,3111.0,62232,1595.0,33,0.0,0.0,0.0,0.047176178475675075,0.030049349539631332,0.4285608138649296,6.539584275019968,0.049990358657925185,0.0256299010155547,0.0,TX
48093,Texas,Comanche County,Comanche County,13594,0.0,5944,0,219243.6,13594,192,560.0,5529,277.0,5,0.0,0.0,0.0,0.014123878181550684,0.43725172870383994,0.0,16.12796822127409,0.1012841381805028,0.05009947549285585,0.0,TX
48095,Texas,Concho County,Concho County,3303,3303.0,3303,0,37654.200000000004,3303,1292,56.0,977,37.0,1,1.0,3303.0,1.0,0.3911595519224947,1.0,0.0,11.400000000000002,0.057318321392016376,0.037871033776867964,1.0,TX
48097,Texas,Cooke County,Cooke County,41668,0.0,5530,17437,566533.4,41668,1450,1561.0,15738,638.0,9,0.0,2092.0,0.0,0.03479888643563406,0.13271575309590092,0.418474608812518,13.59636651627148,0.09918668191638073,0.040538823230397765,0.050206393395411344,TX
48099,Texas,Coryell County,Coryell County,83093,29682.0,37114,65618,1425797.7,78531,25348,3416.0,25757,1509.0,19,6.0,29682.0,0.3572142057694391,0.30505578087203494,0.4466561563549276,0.78969347598474,18.15585819612637,0.1326241410102108,0.058586015452110105,0.3572142057694391,TX
48101,Texas,Cottle County,Cottle County,1380,0.0,1380,0,23598.000000000004,1380,374,172.0,613,16.0,1,0.0,1380.0,0.0,0.2710144927536232,1.0,0.0,17.1,0.2805872756933116,0.026101141924959218,1.0,TX
48103,Texas,Crane County,Crane County,4675,4675.0,4675,0,50957.5,4675,575,63.0,1562,193.0,1,1.0,4675.0,1.0,0.12299465240641712,1.0,0.0,10.9,0.04033290653008963,0.1235595390524968,1.0,TX
48105,Texas,Crockett County,Crockett County,3098,0.0,0,0,28811.4,3098,676,0.0,1211,0.0,1,0.0,0.0,0.0,0.2182052937378954,0.0,0.0,9.3,0.0,0.0,0.0,TX
48107,Texas,Crosby County,Crosby County,5133,0.0,5133,0,100994.7,5133,570,466.0,1984,75.0,3,0.0,0.0,0.0,0.11104617182933957,1.0,0.0,19.675569842197543,0.23487903225806453,0.03780241935483871,0.0,TX
48109,Texas,Culberson County,Culberson County,2188,0.0,2188,0,42666.0,2188,34,232.0,881,45.0,1,0.0,0.0,0.0,0.015539305301645339,1.0,0.0,19.5,0.2633371169125993,0.0510783200908059,0.0,TX
48111,Texas,Dallam County,Dallam County,7115,0.0,0,5650,85336.5,7115,550,301.0,2546,56.0,2,0.0,0.0,0.0,0.07730147575544624,0.0,0.7940969782150387,11.993886156008433,0.11822466614296936,0.02199528672427337,0.0,TX
48113,Texas,Dallas County,Dallas County,2613539,35052.0,1465143,2579472,36203025.6,2609322,86787,103078.0,965537,66428.0,645,6.0,183549.0,0.013411699614966527,0.03320669789125014,0.5605973356433556,0.9869651839899845,13.874495213699191,0.1067571724335784,0.06879902064861315,0.07023005970065876,TX
48115,Texas,Dawson County,Dawson County,12456,3266.0,10734,10734,229956.19999999998,12456,3338,791.0,4079,201.0,4,1.0,10734.0,0.2622029543994862,0.26798330122029546,0.8617533718689788,0.8617533718689788,18.461480411046885,0.19392007845060064,0.04927678352537387,0.8617533718689788,TX
48117,Texas,Deaf Smith County,Deaf Smith County,18583,9034.0,18583,15067,328526.5,18583,1465,810.0,6263,276.0,4,2.0,9034.0,0.4861432492062638,0.07883549480708174,1.0,0.8107948124630038,17.67887316364419,0.12933099153760177,0.0440683378572569,0.4861432492062638,TX
48119,Texas,Delta County,Delta County,5230,0.0,2229,0,60390.7,5230,61,239.0,2095,78.0,2,0.0,0.0,0.0,0.011663479923518164,0.4261950286806883,0.0,11.54697896749522,0.11408114558472554,0.037231503579952266,0.0,TX
48121,Texas,Denton County,Denton County,906422,12137.0,150536,800306,6647136.5,906422,123811,15679.0,328884,12640.0,193,2.0,29241.0,0.013390010392510332,0.1365931100524921,0.16607716935378886,0.882928702083577,7.333379485493512,0.047673343792948276,0.03843300373383929,0.03225980834534025,TX
48123,Texas,DeWitt County,DeWitt County,19824,0.0,8921,0,334805.60000000003,19824,613,818.0,7315,467.0,6,0.0,3235.0,0.0,0.030922114608555287,0.45001008878127524,0.0,16.88890234059726,0.11182501708817498,0.06384142173615857,0.1631860371267151,TX
48125,Texas,Dickens County,Dickens County,1770,1770.0,1770,0,31860.0,1770,514,108.0,778,48.0,1,1.0,1770.0,1.0,0.2903954802259887,1.0,0.0,18.0,0.13881748071979436,0.061696658097686374,1.0,TX
48127,Texas,Dimmit County,Dimmit County,8615,0.0,8615,4735,352930.9,8615,452,774.0,3020,494.0,3,0.0,0.0,0.0,0.052466627974463144,1.0,0.5496227510156704,40.96702263493906,0.25629139072847684,0.16357615894039734,0.0,TX
48129,Texas,Donley County,Donley County,3258,0.0,1332,0,26051.4,3258,344,40.0,1340,38.0,2,0.0,1332.0,0.0,0.10558624923265807,0.4088397790055249,0.0,7.996132596685083,0.029850746268656716,0.028358208955223882,0.4088397790055249,TX
48131,Texas,Duval County,Duval County,9831,2280.0,9831,0,325478.3,9831,1572,759.0,3507,329.0,3,1.0,6944.0,0.23191943851083308,0.1599023497101007,1.0,0.0,33.10734411555284,0.21642429426860565,0.09381237524950099,0.7063370969382565,TX
48133,Texas,Eastland County,Eastland County,17725,0.0,13301,0,287515.4,17725,99,851.0,7167,364.0,7,0.0,0.0,0.0,0.005585331452750353,0.7504090267983075,0.0,16.220897038081805,0.11873866331798522,0.05078833542625925,0.0,TX
48135,Texas,Ector County,Ector County,165171,13313.0,76445,136952,2738148.2,165171,5890,8102.0,57336,3938.0,33,2.0,13313.0,0.08060131621168365,0.03566001295626956,0.462823376985064,0.8291528173831968,16.577657094768455,0.1413073810520441,0.06868285196037394,0.08060131621168365,TX
48137,Texas,Edwards County,Edwards County,1422,0.0,1422,0,45361.799999999996,1422,448,91.0,577,32.0,1,0.0,1422.0,0.0,0.3150492264416315,1.0,0.0,31.9,0.15771230502599654,0.05545927209705372,1.0,TX
48139,Texas,Ellis County,Ellis County,192455,5682.0,39281,122346,1348116.2,192455,40734,4902.0,64996,2674.0,36,1.0,12610.0,0.029523784780857862,0.21165467252084902,0.2041048556805487,0.6357122444207737,7.004838533683198,0.07542002584774447,0.041140993291894884,0.06552181029331532,TX
48141,Texas,El Paso County,El Paso County,865657,43081.0,586789,803565,16455743.0,865652,31983,57900.0,296400,19103.0,188,5.0,132049.0,0.04976682450439377,0.03694650421587303,0.6778539305983778,0.9282718212871842,19.009651684510636,0.19534412955465588,0.06445006747638327,0.15254194213181432,TX
48143,Texas,Erath County,Erath County,42545,0.0,20973,20120,776928.9,42545,1381,1143.0,15858,814.0,12,0.0,10508.0,0.0,0.032459748501586554,0.4929603948760136,0.47291103537430956,18.26134445880832,0.0720771850170261,0.051330558708538275,0.2469855447173581,TX
48145,Texas,Falls County,Falls County,16968,0.0,7882,5323,254979.30000000002,16968,196,835.0,5958,370.0,6,0.0,1772.0,0.0,0.01155115511551155,0.4645214521452145,0.3137081565299387,15.027068599717115,0.14014770057066128,0.062101376300772074,0.10443187175860444,TX
48147,Texas,Fannin County,Fannin County,35662,4988.0,10491,11228,529860.5,35662,4467,1314.0,12857,429.0,9,1.0,4988.0,0.13986876787617072,0.12525937973192755,0.294178677583983,0.3148449329818855,14.857845886377657,0.10220113556817298,0.033367037411526794,0.13986876787617072,TX
48149,Texas,Fayette County,Fayette County,24435,0.0,0,4581,212569.1,24435,436,768.0,10162,639.0,9,0.0,0.0,0.0,0.01784325762226315,0.0,0.18747697974217312,8.699369756496829,0.07557567407990554,0.06288132257429639,0.0,TX
48151,Texas,Fisher County,Fisher County,3672,0.0,3672,0,50675.200000000004,3672,119,218.0,1555,67.0,2,0.0,0.0,0.0,0.032407407407407406,1.0,0.0,13.800435729847496,0.14019292604501607,0.043086816720257236,0.0,TX
48153,Texas,Floyd County,Floyd County,5402,0.0,5402,0,97665.8,5402,572,252.0,2125,131.0,2,0.0,0.0,0.0,0.10588670862643465,1.0,0.0,18.079563124768605,0.11858823529411765,0.06164705882352941,0.0,TX
48155,Texas,Foard County,Foard County,1095,0.0,0,0,6132.0,1095,106,8.0,474,28.0,1,0.0,0.0,0.0,0.09680365296803653,0.0,0.0,5.6,0.016877637130801686,0.05907172995780591,0.0,TX
48157,Texas,Fort Bend County,Fort Bend County,822779,8609.0,136891,751189,6274922.6,822779,101858,19922.0,263128,9402.0,133,1.0,34192.0,0.010463320040983059,0.12379752035479759,0.16637639025789427,0.9129900009601606,7.626498245579918,0.07571220090602293,0.035731659116475634,0.04155672422363721,TX
48159,Texas,Franklin County,Franklin County,10359,0.0,0,0,119026.1,10359,0,241.0,4046,75.0,4,0.0,0.0,0.0,0.0,0.0,0.0,11.490114875953278,0.05956500247157687,0.018536826495304005,0.0,TX
48161,Texas,Freestone County,Freestone County,19435,0.0,8660,0,243388.5,19435,119,1050.0,7256,176.0,8,0.0,0.0,0.0,0.006122974015950604,0.4455878569590944,0.0,12.523205556984822,0.14470782800441015,0.024255788313120176,0.0,TX
48163,Texas,Frio County,Frio County,18385,0.0,16442,2629,391108.8,18385,828,1281.0,5190,565.0,6,0.0,2629.0,0.0,0.045036714713081315,0.894316018493337,0.14299700843078597,21.273255371226544,0.2468208092485549,0.10886319845857419,0.14299700843078597,TX
48165,Texas,Gaines County,Gaines County,21598,0.0,5533,5533,143289.3,21598,404,539.0,6765,390.0,4,0.0,0.0,0.0,0.018705435688489674,0.2561811278822113,0.2561811278822113,6.634378183165107,0.07967479674796749,0.057649667405764965,0.0,TX
48167,Texas,Galveston County,Galveston County,350682,9284.0,107375,331229,4185272.2,350682,39915,14723.0,132819,7600.0,102,3.0,28995.0,0.026474127557160047,0.11382106866049584,0.3061890829868656,0.9445280909770105,11.934665024152936,0.11085010427724949,0.0572207289619708,0.08268174585521926,TX
48169,Texas,Garza County,Garza County,5816,2901.0,4048,0,31831.4,4048,1070,161.0,1636,116.0,3,1.0,2901.0,0.49879642365887206,0.18397524071526822,0.6960110041265475,0.0,7.86348814229249,0.09841075794621026,0.07090464547677261,0.49879642365887206,TX
48171,Texas,Gillespie County,Gillespie County,26725,0.0,3877,3019,244069.9,26725,1783,417.0,11486,629.0,7,0.0,0.0,0.0,0.06671655753040225,0.14507015902712816,0.11296538821328345,9.13264359214219,0.03630506703813338,0.05476231934528992,0.0,TX
48173,Texas,Glasscock County,Glasscock County,1116,0.0,0,0,9932.4,1116,989,45.0,428,32.0,1,0.0,0.0,0.0,0.8862007168458781,0.0,0.0,8.9,0.10514018691588785,0.07476635514018691,0.0,TX
48175,Texas,Goliad County,Goliad County,7012,0.0,0,0,94266.0,7012,1198,293.0,2815,215.0,2,0.0,0.0,0.0,0.1708499714774672,0.0,0.0,13.443525385054192,0.10408525754884547,0.0763765541740675,0.0,TX
48177,Texas,Gonzales County,Gonzales County,19653,8897.0,17616,10588,309906.6,19653,4401,1295.0,7275,604.0,6,2.0,11205.0,0.45270442171678626,0.22393527705693786,0.8963517020302244,0.538747265048593,15.768920775454127,0.17800687285223368,0.08302405498281787,0.5701419630590749,TX
48179,Texas,Gray County,Gray County,21227,0.0,7707,16928,324916.0,21227,792,1107.0,7939,331.0,7,0.0,0.0,0.0,0.037310971875441655,0.3630753285909455,0.7974749140245914,15.30673199227399,0.13943821640005039,0.041692908426754,0.0,TX
48181,Texas,Grayson County,Grayson County,135543,5532.0,44523,58239,1526174.7,135543,4097,4565.0,52307,2061.0,30,1.0,26336.0,0.04081361634315309,0.030226570165925205,0.32847878533011665,0.4296717646798433,11.259708727119806,0.08727321391018411,0.039401992085189366,0.1942999638491106,TX
48183,Texas,Gregg County,Gregg County,124239,15292.0,60813,109057,2076436.5,124239,15818,6530.0,48130,2240.0,30,4.0,30327.0,0.1230853435716643,0.12731911879522534,0.4894839784608698,0.8778000466842135,16.713242218627002,0.13567421566590485,0.04654061915645128,0.24410209354550502,TX
48185,Texas,Grimes County,Grimes County,29268,0.0,15236,3983,460820.6,29268,6,1420.0,10133,497.0,8,0.0,0.0,0.0,0.0002050020500205002,0.5205685390187236,0.13608719420527537,15.744861281946152,0.14013618869041744,0.04904766604164611,0.0,TX
48187,Texas,Guadalupe County,Guadalupe County,172706,3603.0,26056,124243,1626644.8,172706,12166,5919.0,59975,2083.0,41,1.0,6151.0,0.020862043009507485,0.0704434125044874,0.15086910703739304,0.719390177527127,9.418577235301612,0.09869112130054189,0.0347311379741559,0.035615438954060656,TX
48189,Texas,Hale County,Hale County,32522,0.0,16407,21524,642276.9,32522,4226,2532.0,11396,718.0,9,0.0,4190.0,0.0,0.12994280794539081,0.5044892688026567,0.6618289158108357,19.74899760162352,0.22218322218322217,0.063004563004563,0.12883586495295493,TX
48191,Texas,Hall County,Hall County,2825,0.0,2825,0,46047.5,2825,253,163.0,1220,50.0,1,0.0,0.0,0.0,0.0895575221238938,1.0,0.0,16.3,0.13360655737704918,0.040983606557377046,0.0,TX
48193,Texas,Hamilton County,Hamilton County,8222,0.0,0,0,135659.90000000002,8222,397,401.0,3365,131.0,3,0.0,0.0,0.0,0.048285088786183414,0.0,0.0,16.49962296278278,0.11916790490341754,0.038930163447251115,0.0,TX
48195,Texas,Hansford County,Hansford County,5285,0.0,0,0,45251.3,5285,232,52.0,1936,96.0,2,0.0,0.0,0.0,0.04389782403027436,0.0,0.0,8.56221381267739,0.026859504132231406,0.049586776859504134,0.0,TX
48197,Texas,Hardeman County,Hardeman County,3549,0.0,0,0,37974.299999999996,3549,30,168.0,1509,25.0,1,0.0,0.0,0.0,0.0084530853761623,0.0,0.0,10.7,0.11133200795228629,0.01656726308813784,0.0,TX
48199,Texas,Hardin County,Hardin County,56231,8775.0,15940,25839,676973.5,56231,5589,2866.0,21616,876.0,13,2.0,8775.0,0.15605271113798438,0.09939357294019313,0.283473528836407,0.4595152140278494,12.03915100211627,0.13258697261287936,0.04052553663952628,0.15605271113798438,TX
48201,Texas,Harris County,Harris County,4731145,44983.0,2265753,4625983,77489705.6,4727378,163123,235477.0,1692730,124912.0,1115,8.0,268135.0,0.00950784640927302,0.03447854589111093,0.47890161895270594,0.9777723997045112,16.391688077407814,0.1391107855357913,0.07379322160060967,0.056674441387866994,TX
48203,Texas,Harrison County,Harrison County,68839,4417.0,28146,16616,1078072.5,68839,1713,3371.0,25648,1781.0,16,1.0,9210.0,0.06416420924185418,0.0248841499731257,0.4088670666337396,0.2413748020744055,15.66078095265765,0.13143325015595758,0.06944011228945726,0.13379043855953748,TX
48205,Texas,Hartley County,Hartley County,5382,0.0,0,0,50590.8,5382,1074,131.0,1716,44.0,1,0.0,0.0,0.0,0.1995540691192865,0.0,0.0,9.4,0.07634032634032634,0.02564102564102564,0.0,TX
48207,Texas,Haskell County,Haskell County,5416,0.0,1735,0,83802.7,5416,156,328.0,2112,70.0,2,0.0,0.0,0.0,0.02880354505169867,0.32034711964549484,0.0,15.473172082717872,0.1553030303030303,0.03314393939393939,0.0,TX
48209,Texas,Hays County,Hays County,241067,7672.0,109569,137411,3228767.8,241067,15768,5032.0,86904,3864.0,46,1.0,48677.0,0.031825177232885464,0.06540920159125886,0.45451679408629136,0.5700116565104307,13.393653216740573,0.057902973395931145,0.044462855564761115,0.20192311680984953,TX
48211,Texas,Hemphill County,Hemphill County,3382,0.0,0,0,20968.4,3382,820,135.0,1243,93.0,1,0.0,0.0,0.0,0.24246008279124778,0.0,0.0,6.2,0.1086082059533387,0.07481898632341111,0.0,TX
48213,Texas,Henderson County,Henderson County,82150,7917.0,34345,22623,1207866.5,82150,7840,4306.0,32748,1542.0,28,3.0,7917.0,0.09637248934875228,0.09543517954960438,0.41807668898356665,0.2753864881314668,14.703183201460742,0.13148894588982532,0.04708684499816783,0.09637248934875228,TX
48215,Texas,Hidalgo County,Hidalgo County,870781,29001.0,689818,720620,23335149.7,870781,18199,75177.0,258542,15247.0,212,7.0,210444.0,0.033304585194210715,0.020899629183457148,0.7921831091858917,0.8275559526448096,26.797954594783302,0.2907728724926704,0.05897301018789984,0.2416727053070749,TX
48217,Texas,Hill County,Hill County,35874,0.0,13293,7439,525088.7,35874,149,1535.0,13729,717.0,12,0.0,0.0,0.0,0.004153425879467023,0.37054691419969893,0.2073646652171489,14.637026816078496,0.11180712360696336,0.0522252166945881,0.0,TX
48219,Texas,Hockley County,Hockley County,21537,4225.0,9567,13138,288766.4,21537,1882,946.0,7954,336.0,7,1.0,8358.0,0.19617402609462786,0.08738450109114547,0.44421228583368155,0.6100199656405256,13.40792125179923,0.11893386975106865,0.04224289665577068,0.38807633375121886,TX
48221,Texas,Hood County,Hood County,61598,0.0,3145,27985,466025.3,61598,11495,1166.0,24811,662.0,14,0.0,0.0,0.0,0.18661320172732881,0.051056852495210886,0.4543166985941102,7.565591415305692,0.04699528434968361,0.026681713755995325,0.0,TX
48223,Texas,Hopkins County,Hopkins County,36787,0.0,16470,11548,435084.9,36787,382,1041.0,13947,500.0,10,0.0,0.0,0.0,0.010384103079892354,0.44771250713567295,0.31391524179737407,11.827137303938892,0.07463970746397075,0.03585000358500036,0.0,TX
48225,Texas,Houston County,Houston County,22066,1315.0,10866,5890,327491.2,22066,1146,1425.0,8132,702.0,8,1.0,1315.0,0.05959394543641802,0.05193510377957038,0.49243179552252336,0.26692649324753015,14.841439318408412,0.17523364485981308,0.08632562715199213,0.05959394543641802,TX
48227,Texas,Howard County,Howard County,34860,0.0,11567,26124,513547.2,34860,867,1511.0,11674,766.0,10,0.0,0.0,0.0,0.02487091222030981,0.3318129661503155,0.7493975903614458,14.731703958691911,0.12943292787390784,0.06561589857803667,0.0,TX
48229,Texas,Hudspeth County,Hudspeth County,3202,3202.0,3202,0,55394.600000000006,3202,1791,173.0,833,44.0,1,1.0,3202.0,1.0,0.5593379138038725,1.0,0.0,17.3,0.20768307322929172,0.05282112845138055,1.0,TX
48231,Texas,Hunt County,Hunt County,99956,4291.0,63498,27057,1227091.2,99956,1981,4508.0,36076,1433.0,21,1.0,27057.0,0.042928888711032856,0.019818720236904237,0.6352595141862419,0.2706891032054104,12.276313577974308,0.12495842111098791,0.039721698636212444,0.2706891032054104,TX
48233,Texas,Hutchinson County,Hutchinson County,20617,0.0,4305,13760,287125.0,20617,2942,478.0,8171,273.0,8,0.0,0.0,0.0,0.142697773681913,0.20880826502400932,0.6674103894844061,13.926613959353931,0.05849957165585608,0.033410843226043326,0.0,TX
48235,Texas,Irion County,Irion County,1513,0.0,0,0,16340.400000000001,1513,374,23.0,617,7.0,1,0.0,0.0,0.0,0.24719101123595505,0.0,0.0,10.8,0.03727714748784441,0.011345218800648298,0.0,TX
48237,Texas,Jack County,Jack County,8472,0.0,3099,0,104580.59999999999,8472,747,316.0,2950,345.0,3,0.0,0.0,0.0,0.0881728045325779,0.36579320113314445,0.0,12.344263456090651,0.10711864406779661,0.11694915254237288,0.0,TX
48239,Texas,Jackson County,Jackson County,14988,0.0,4254,0,204429.3,14988,235,1101.0,5558,419.0,3,0.0,0.0,0.0,0.015679210034694423,0.2838270616493195,0.0,13.63953162530024,0.19809283915077366,0.07538682979489025,0.0,TX
48241,Texas,Jasper County,Jasper County,32980,0.0,26446,6375,692621.9,32980,360,2161.0,13050,716.0,10,0.0,6375.0,0.0,0.010915706488781079,0.8018799272286234,0.19329896907216496,21.001270466949666,0.16559386973180076,0.054865900383141764,0.19329896907216496,TX
48243,Texas,Jeff Davis County,Jeff Davis County,1996,1996.0,1996,0,47704.399999999994,1996,800,53.0,965,24.0,1,1.0,1996.0,1.0,0.40080160320641284,1.0,0.0,23.9,0.054922279792746116,0.024870466321243522,1.0,TX
48245,Texas,Jefferson County,Jefferson County,256526,20695.0,141102,217932,5239841.5,251697,11069,16008.0,95658,7702.0,76,4.0,26555.0,0.08067408371860942,0.043149622260511604,0.5500495076522458,0.8495513125375206,20.818053055856844,0.16734617073323715,0.08051600493424492,0.10351777207768413,TX
48247,Texas,Jim Hogg County,Jim Hogg County,4838,2746.0,4838,0,147573.2,4838,696,394.0,1712,96.0,2,1.0,2746.0,0.5675899131872675,0.14386109962794544,1.0,0.0,30.502935097147585,0.23014018691588786,0.056074766355140186,0.5675899131872675,TX
48249,Texas,Jim Wells County,Jim Wells County,38891,7386.0,32481,23633,937808.7,38891,3501,3190.0,13764,914.0,11,2.0,7386.0,0.18991540459232212,0.09002082744079608,0.8351803759224499,0.6076727263377131,24.113771823815277,0.23176402208660274,0.06640511479221156,0.18991540459232212,TX
48251,Texas,Johnson County,Johnson County,179927,13555.0,73037,74373,1827600.0,179927,11466,5079.0,61654,1719.0,39,3.0,16677.0,0.07533610853290501,0.0637258443702168,0.40592573654871145,0.413350970115658,10.15745274472425,0.08237908327115841,0.02788140266649366,0.09268758996704218,TX
48253,Texas,Jones County,Jones County,19663,0.0,7457,0,203425.0,14841,1037,871.0,5735,314.0,6,0.0,0.0,0.0,0.05273864618827239,0.379240197324925,0.0,13.706960447409203,0.15187445510026154,0.054751525719267655,0.0,TX
48255,Texas,Karnes County,Karnes County,14710,0.0,6152,0,253467.19999999998,14710,623,998.0,4594,463.0,5,0.0,0.0,0.0,0.04235214140040788,0.41821889870836165,0.0,17.230944935418083,0.217239878101872,0.10078363082281236,0.0,TX
48257,Texas,Kaufman County,Kaufman County,145310,14054.0,53480,74489,1417296.1,145310,10718,5054.0,47673,1570.0,27,3.0,21152.0,0.09671736287936136,0.07375954855137293,0.36804074048585783,0.5126212924093317,9.753603330809993,0.10601388626685965,0.03293268726532838,0.14556465487578282,TX
48259,Texas,Kendall County,Kendall County,44279,0.0,0,8453,231961.1,44279,1020,795.0,16406,478.0,9,0.0,0.0,0.0,0.023035750581539782,0.0,0.19090313692721156,5.238625533548635,0.04845788126295258,0.029135682067536268,0.0,TX
48261,Texas,Kenedy County,Kenedy County,350,0.0,0,0,5355.0,350,161,1.0,131,9.0,1,0.0,0.0,0.0,0.46,0.0,0.0,15.3,0.007633587786259542,0.06870229007633588,0.0,TX
48263,Texas,Kent County,Kent County,753,0.0,0,0,7454.7,753,753,53.0,312,15.0,1,0.0,0.0,0.0,1.0,0.0,0.0,9.9,0.16987179487179488,0.04807692307692308,0.0,TX
48265,Texas,Kerr County,Kerr County,52598,0.0,7427,21260,600891.4,52598,3862,1452.0,22060,1398.0,14,0.0,0.0,0.0,0.07342484505114263,0.14120308756986957,0.40419787824632114,11.424225255713145,0.06582048957388939,0.06337262012692656,0.0,TX
48267,Texas,Kimble County,Kimble County,4286,0.0,0,0,52849.8,4286,849,232.0,1949,105.0,2,0.0,0.0,0.0,0.19808679421371908,0.0,0.0,12.330797946803546,0.11903540277065161,0.053873781426372495,0.0,TX
48269,Texas,King County,King County,265,265.0,265,0,6280.5,265,265,0.0,108,7.0,1,1.0,265.0,1.0,1.0,1.0,0.0,23.7,0.0,0.06481481481481481,1.0,TX
48271,Texas,Kinney County,Kinney County,3129,3129.0,3129,0,26283.600000000002,3129,854,174.0,1156,59.0,1,1.0,3129.0,1.0,0.27293064876957496,1.0,0.0,8.4,0.15051903114186851,0.05103806228373702,1.0,TX
48273,Texas,Kleberg County,Kleberg County,31040,0.0,24235,25196,859767.8,31040,525,2531.0,11530,697.0,9,0.0,18893.0,0.0,0.016913659793814432,0.7807667525773195,0.8117268041237113,27.698704896907216,0.21951431049436254,0.060450997398091934,0.6086662371134021,TX
48275,Texas,Knox County,Knox County,3353,1614.0,3353,0,52271.5,3353,624,175.0,1321,93.0,2,1.0,1614.0,0.4813599761407695,0.1861019982105577,1.0,0.0,15.589472114524307,0.13247539742619227,0.07040121120363362,0.4813599761407695,TX
48277,Texas,Lamar County,Lamar County,50088,0.0,25298,23613,943549.3,50088,1356,2494.0,20186,1420.0,13,0.0,13458.0,0.0,0.027072352659319596,0.5050710749081616,0.4714302827024437,18.837831416706596,0.12355097592390765,0.07034578420687605,0.2686871106851941,TX
48279,Texas,Lamb County,Lamb County,13045,0.0,9327,3718,200239.5,13045,580,666.0,4864,149.0,5,0.0,0.0,0.0,0.04446147949405903,0.7149865848984285,0.28501341510157147,15.349904177845918,0.13692434210526316,0.030633223684210526,0.0,TX
48281,Texas,Lampasas County,Lampasas County,21627,3911.0,3911,3911,200166.7,21627,1191,733.0,8486,274.0,6,1.0,3911.0,0.18083876635686874,0.05507005132473297,0.18083876635686874,0.18083876635686874,9.2554075923614,0.08637756304501532,0.032288475135517324,0.18083876635686874,TX
48283,Texas,La Salle County,La Salle County,6664,3705.0,6664,0,140945.90000000002,6664,1157,229.0,1857,116.0,2,1.0,3705.0,0.5559723889555822,0.17361944777911165,1.0,0.0,21.150345138055226,0.12331717824448034,0.06246634356488961,0.5559723889555822,TX
48285,Texas,Lavaca County,Lavaca County,20337,0.0,6554,3001,230887.2,20337,460,705.0,8191,254.0,6,0.0,0.0,0.0,0.02261887200668732,0.3222697546344102,0.1475635541131927,11.353060923440037,0.08607007691368575,0.031009644732022952,0.0,TX
48287,Texas,Lee County,Lee County,17478,0.0,6059,0,192005.4,17478,53,829.0,6590,224.0,4,0.0,0.0,0.0,0.003032383567913949,0.34666437807529465,0.0,10.985547545485753,0.12579666160849773,0.033990895295902886,0.0,TX
48289,Texas,Leon County,Leon County,15719,0.0,9463,0,270745.7,15719,1087,551.0,6486,201.0,6,0.0,3522.0,0.0,0.06915198167822381,0.6020103059991093,0.0,17.224104586805776,0.08495220474868949,0.030989824236817762,0.22406005471085946,TX
48291,Texas,Liberty County,Liberty County,91628,0.0,53578,6031,1622874.5999999999,91628,562,5190.0,29469,1600.0,17,0.0,2963.0,0.0,0.006133496311171258,0.5847339241279959,0.06582049155280045,17.71155760247959,0.17611727578132955,0.054294343208117005,0.0323372768149474,TX
48293,Texas,Limestone County,Limestone County,22146,0.0,20427,3631,374385.0,22146,31,1390.0,8237,296.0,8,0.0,0.0,0.0,0.0013998013185225323,0.9223787591438635,0.16395737379210693,16.905310214034138,0.16875075877139736,0.03593541337865728,0.0,TX
48295,Texas,Lipscomb County,Lipscomb County,3059,0.0,0,0,35158.600000000006,3059,1032,61.0,1220,22.0,2,0.0,0.0,0.0,0.3373651520104609,0.0,0.0,11.49349460608042,0.05,0.018032786885245903,0.0,TX
48297,Texas,Live Oak County,Live Oak County,11335,0.0,8944,0,198557.9,11335,553,718.0,4067,410.0,4,0.0,2593.0,0.0,0.04878694309660344,0.7890604322893692,0.0,17.517238641376267,0.17654290631915417,0.10081140890090975,0.22876047640052932,TX
48299,Texas,Llano County,Llano County,21243,4202.0,9576,8306,259231.3,21243,5032,811.0,9794,448.0,8,1.0,4202.0,0.19780633620486748,0.23687803041001743,0.4507837876006214,0.3909993880337052,12.203139857835522,0.08280579946906269,0.04574229119869308,0.19780633620486748,TX
48301,Texas,Loving County,Loving County,64,0.0,0,0,390.4,64,64,2.0,25,2.0,1,0.0,0.0,0.0,1.0,0.0,0.0,6.1,0.08,0.08,0.0,TX
48303,Texas,Lubbock County,Lubbock County,310639,11661.0,151316,263207,5315923.3,304162,10738,13478.0,119463,7322.0,106,5.0,14067.0,0.03753875076857703,0.034567456114653984,0.4871120496782439,0.8473082903305766,17.477276254101433,0.11282154307191349,0.06129094363945322,0.04528407572777404,TX
48305,Texas,Lynn County,Lynn County,5596,0.0,0,0,86117.4,5596,382,256.0,2119,78.0,3,0.0,0.0,0.0,0.06826304503216583,0.0,0.0,15.389099356683344,0.12081170363378953,0.03680981595092025,0.0,TX
48307,Texas,McCulloch County,McCulloch County,7630,1161.0,1161,4924,116725.5,7630,1042,405.0,3231,142.0,3,1.0,1161.0,0.15216251638269987,0.1365661861074705,0.15216251638269987,0.6453473132372215,15.298230668414154,0.12534818941504178,0.043949241720829466,0.15216251638269987,TX
48309,Texas,McLennan County,McLennan County,260579,4685.0,111681,170459,4298662.5,256522,9364,11783.0,96527,5128.0,58,1.0,32872.0,0.01797919249056908,0.0359353593344053,0.42858787546195204,0.6541547860725538,16.757480839849993,0.12206947278999658,0.05312503237436158,0.12614984323372183,TX
48311,Texas,McMullen County,McMullen County,600,600.0,600,0,7380.0,600,244,8.0,256,7.0,1,1.0,600.0,1.0,0.4066666666666667,1.0,0.0,12.3,0.03125,0.02734375,1.0,TX
48313,Texas,Madison County,Madison County,13455,0.0,0,0,163878.2,13455,8,447.0,4166,156.0,4,0.0,0.0,0.0,0.0005945745076179859,0.0,0.0,12.179725009290227,0.10729716754680749,0.03744599135861738,0.0,TX
48315,Texas,Marion County,Marion County,9725,0.0,4860,0,172657.6,9725,214,863.0,4336,340.0,4,0.0,0.0,0.0,0.022005141388174807,0.4997429305912596,0.0,17.753994858611826,0.19903136531365315,0.07841328413284133,0.0,TX
48317,Texas,Martin County,Martin County,5237,0.0,1521,0,43164.700000000004,5237,471,194.0,1846,0.0,2,0.0,1521.0,0.0,0.08993698682451785,0.2904334542677105,0.0,8.242257017376362,0.10509209100758396,0.0,0.2904334542677105,TX
48319,Texas,Mason County,Mason County,3953,0.0,0,0,28464.3,3953,675,80.0,1777,57.0,2,0.0,0.0,0.0,0.17075638755375663,0.0,0.0,7.200683025550215,0.04501969611705121,0.032076533483398985,0.0,TX
48321,Texas,Matagorda County,Matagorda County,36255,0.0,24048,12958,741479.6,36255,580,2628.0,13716,922.0,12,0.0,4957.0,0.0,0.01599779340780582,0.663301613570542,0.3574127706523238,20.451788718797406,0.19160104986876642,0.06722076407115778,0.13672596883188526,TX
48323,Texas,Maverick County,Maverick County,57887,4642.0,47699,37391,1292500.6,57887,1700,5191.0,18034,1185.0,13,1.0,13375.0,0.08019071639573652,0.029367560937688945,0.8240019348040147,0.6459308653065455,22.32799419558796,0.2878451813241655,0.0657092159254741,0.23105360443622922,TX
48325,Texas,Medina County,Medina County,50748,0.0,13233,0,500460.39999999997,50748,704,1902.0,17359,617.0,11,0.0,0.0,0.0,0.013872467880507606,0.2607590446914164,0.0,9.861677307480097,0.10956852353246155,0.03554352209228642,0.0,TX
48327,Texas,Menard County,Menard County,1962,0.0,0,0,37081.799999999996,1962,331,86.0,865,10.0,1,0.0,0.0,0.0,0.16870540265035677,0.0,0.0,18.9,0.09942196531791908,0.011560693641618497,0.0,TX
48329,Texas,Midland County,Midland County,169983,0.0,63452,135271,1938917.7,169983,6587,4750.0,60882,2946.0,37,0.0,0.0,0.0,0.0387509339169211,0.37328438726225566,0.7957913438402664,11.406538889183036,0.07801977596005387,0.04838868631122499,0.0,TX
48331,Texas,Milam County,Milam County,24754,3595.0,6879,9313,322944.5,24754,1594,1135.0,9711,562.0,7,1.0,3595.0,0.14522905389028035,0.06439363335218551,0.2778944816999273,0.37622202472327704,13.046154156903935,0.11687776748017711,0.057872515703841006,0.14522905389028035,TX
48333,Texas,Mills County,Mills County,4456,1752.0,1752,0,31440.0,4456,910,238.0,1843,40.0,2,1.0,1752.0,0.39317773788150806,0.20421903052064633,0.39317773788150806,0.0,7.055655296229802,0.12913727618014106,0.02170374389582203,0.39317773788150806,TX
48335,Texas,Mitchell County,Mitchell County,8990,0.0,0,7041,123119.1,8990,2768,357.0,2761,82.0,2,0.0,0.0,0.0,0.30789766407119024,0.0,0.7832035595105673,13.695116796440491,0.1293009779065556,0.02969938428105759,0.0,TX
48337,Texas,Montague County,Montague County,19965,0.0,10095,5495,280864.1,19965,889,837.0,8112,481.0,8,0.0,5495.0,0.0,0.04452792386676684,0.5056348610067618,0.27523165539694466,14.067823691460054,0.10318047337278106,0.05929487179487179,0.27523165539694466,TX
48339,Texas,Montgomery County,Montgomery County,620443,33898.0,97109,464076,5751642.0,618676,136400,16304.0,219796,8534.0,133,6.0,45203.0,0.05463515584832128,0.21984291868874337,0.1565155864438796,0.7479752370483671,9.296694877447969,0.07417787402864474,0.03882691222770205,0.07285600772351368,TX
48341,Texas,Moore County,Moore County,21358,0.0,15375,16416,404693.60000000003,21358,2623,616.0,7258,478.0,6,0.0,0.0,0.0,0.12281112463713831,0.7198707744170803,0.7686112931922464,18.948103755033245,0.08487186552769357,0.06585836318545053,0.0,TX
48343,Texas,Morris County,Morris County,11973,0.0,11973,0,232842.09999999998,11973,0,665.0,4963,242.0,3,0.0,0.0,0.0,0.0,1.0,0.0,19.44726467886077,0.13399153737658676,0.04876083014305863,0.0,TX
48345,Texas,Motley County,Motley County,1063,1063.0,1063,0,17114.300000000003,1063,352,58.0,472,12.0,1,1.0,1063.0,1.0,0.33113828786453436,1.0,0.0,16.1,0.1228813559322034,0.025423728813559324,1.0,TX
48347,Texas,Nacogdoches County,Nacogdoches County,64653,3690.0,42869,32603,1469327.3,64653,3741,4205.0,24713,1541.0,17,1.0,6176.0,0.05707391768363417,0.05786274418820472,0.6630628122438247,0.5042766770296815,22.726359179001747,0.1701533605794521,0.0623558451017683,0.09552534298485763,TX
48349,Texas,Navarro County,Navarro County,52624,0.0,22495,16564,885889.3,52624,1796,2635.0,18660,849.0,12,0.0,4388.0,0.0,0.034128914563697176,0.4274665551839465,0.3147613256308909,16.83432084220128,0.1412111468381565,0.0454983922829582,0.08338400729705077,TX
48351,Texas,Newton County,Newton County,12217,0.0,9722,0,224028.4,12217,10,687.0,4979,332.0,5,0.0,0.0,0.0,0.0008185315543914218,0.7957763771793402,0.0,18.33743144798232,0.13797951395862623,0.06668005623619201,0.0,TX
48353,Texas,Nolan County,Nolan County,14738,2603.0,12858,10255,331758.39999999997,14738,1266,1160.0,5857,501.0,5,1.0,4703.0,0.1766182657076944,0.08590039354050753,0.8724385941104628,0.6958203284027683,22.51040846790609,0.1980536110636845,0.0855386716749189,0.31910707015877326,TX
48355,Texas,Nueces County,Nueces County,353178,6052.0,189226,313496,6178292.0,351518,8824,22892.0,130687,9051.0,96,1.0,24107.0,0.01713583518792224,0.024984568687743857,0.5357808244001608,0.8876430581746315,17.576033090766334,0.17516661948013193,0.06925707989317989,0.06825736597409805,TX
48357,Texas,Ochiltree County,Ochiltree County,10015,0.0,0,8314,116396.7,10015,1067,184.0,3622,195.0,3,0.0,0.0,0.0,0.10654018971542686,0.0,0.8301547678482276,11.622236645032451,0.05080066261733849,0.05383765875207068,0.0,TX
48359,Texas,Oldham County,Oldham County,1758,0.0,1758,0,36390.6,1758,77,8.0,601,8.0,1,0.0,0.0,0.0,0.04379977246871445,1.0,0.0,20.7,0.013311148086522463,0.013311148086522463,0.0,TX
48361,Texas,Orange County,Orange County,84808,10122.0,25643,33115,1063447.5,84808,5027,4455.0,32811,1515.0,24,3.0,12231.0,0.11935194792944062,0.059275068389774546,0.30236534289218,0.3904702386567305,12.539471512121498,0.13577763554905367,0.046173539361799396,0.1442198849165173,TX
48363,Texas,Palo Pinto County,Palo Pinto County,28409,0.0,14702,13586,471132.5,28409,451,1679.0,11250,459.0,10,0.0,6677.0,0.0,0.015875250800802564,0.5175120560385793,0.4782287303319371,16.583917068534618,0.14924444444444446,0.0408,0.23503115209968672,TX
48365,Texas,Panola County,Panola County,22491,0.0,6203,6613,251511.6,22491,951,969.0,8921,460.0,7,0.0,0.0,0.0,0.04228358009870615,0.2757992085723178,0.29402872260015117,11.182766439909297,0.10862010985315547,0.05156372603968165,0.0,TX
48367,Texas,Parker County,Parker County,148222,0.0,20469,42494,1183281.5,148222,7164,2873.0,53482,1747.0,29,0.0,9126.0,0.0,0.0483329060463359,0.13809690869101754,0.28669158424525376,7.983170514498522,0.05371900826446281,0.03266519576680005,0.061569807450985684,TX
48369,Texas,Parmer County,Parmer County,9869,4928.0,9869,0,102593.40000000001,9869,965,159.0,3332,75.0,2,1.0,4928.0,0.4993413719728443,0.09778093018542912,1.0,0.0,10.395521329415342,0.047719087635054024,0.022509003601440578,0.4993413719728443,TX
48371,Texas,Pecos County,Pecos County,15193,4821.0,8173,7675,323089.9,14589,3454,705.0,4916,373.0,5,1.0,8173.0,0.3173171855459751,0.2273415388665833,0.5379451062989534,0.5051668531560587,22.146130646377408,0.1434092758340114,0.07587469487388121,0.5379451062989534,TX
48373,Texas,Polk County,Polk County,50123,0.0,33600,0,896299.1,50123,421,3170.0,18969,748.0,13,0.0,2622.0,0.0,0.008399337629431599,0.6703509366957285,0.0,17.881992298944596,0.16711476619748009,0.039432758711582055,0.05231131416714881,TX
48375,Texas,Potter County,Potter County,118525,2852.0,68770,97876,2375874.4,118521,4811,6211.0,42756,3299.0,35,1.0,8658.0,0.024062434085635943,0.04059059270196161,0.580215144484286,0.8257835899599241,20.046020536445017,0.14526616147441296,0.07715876134343717,0.07304788019405188,TX
48377,Texas,Presidio County,Presidio County,6131,0.0,6131,0,201447.19999999998,6131,153,426.0,2435,138.0,2,0.0,0.0,0.0,0.024955145979448704,1.0,0.0,32.857152177458815,0.17494866529774128,0.056673511293634495,0.0,TX
48379,Texas,Rains County,Rains County,12164,0.0,4712,0,121344.29999999999,12164,0,542.0,4911,98.0,3,0.0,0.0,0.0,0.0,0.38737257481091747,0.0,9.975690562315027,0.11036448788434128,0.01995520260639381,0.0,TX
48381,Texas,Randall County,Randall County,140753,0.0,27709,117843,1376878.1,140753,5868,3917.0,55615,1874.0,33,0.0,0.0,0.0,0.0416900527875072,0.19686258907447798,0.8372325989499336,9.782229153197445,0.07043063921603884,0.03369594533848782,0.0,TX
48383,Texas,Reagan County,Reagan County,3385,0.0,0,0,39943.0,3385,791,62.0,1189,20.0,1,0.0,0.0,0.0,0.23367799113737076,0.0,0.0,11.8,0.05214465937762826,0.01682085786375105,0.0,TX
48385,Texas,Real County,Real County,2758,2758.0,2758,0,49368.2,2758,520,163.0,1164,50.0,1,1.0,2758.0,1.0,0.1885424220449601,1.0,0.0,17.9,0.1400343642611684,0.0429553264604811,1.0,TX
48387,Texas,Red River County,Red River County,11587,0.0,7011,0,182024.2,11587,584,938.0,5085,129.0,5,0.0,0.0,0.0,0.050401311814965044,0.6050746526279451,0.0,15.709346681625961,0.18446411012782693,0.02536873156342183,0.0,TX
48389,Texas,Reeves County,Reeves County,14748,5277.0,7932,9471,256757.19999999998,14748,698,735.0,4178,257.0,4,1.0,5277.0,0.3578112286411717,0.047328451315432604,0.5378356387306753,0.6421887713588283,17.40962842419311,0.1759214935375778,0.06151268549545237,0.3578112286411717,TX
48391,Texas,Refugio County,Refugio County,6741,0.0,6741,0,100454.4,6741,198,352.0,2632,259.0,2,0.0,3258.0,0.0,0.029372496662216287,1.0,0.0,14.902002670226969,0.1337386018237082,0.09840425531914894,0.4833110814419226,TX
48393,Texas,Roberts County,Roberts County,827,0.0,0,0,4631.2,827,769,11.0,339,11.0,1,0.0,0.0,0.0,0.9298669891172914,0.0,0.0,5.6,0.032448377581120944,0.032448377581120944,0.0,TX
48395,Texas,Robertson County,Robertson County,16757,0.0,6990,0,224434.5,16757,152,1048.0,6540,599.0,6,0.0,0.0,0.0,0.009070836068508684,0.41713910604523485,0.0,13.393477352748105,0.1602446483180428,0.09159021406727828,0.0,TX
48397,Texas,Rockwall County,Rockwall County,107819,0.0,0,83150,453594.9,107819,17695,1759.0,36326,859.0,29,0.0,0.0,0.0,0.16411764160305697,0.0,0.7711998812825198,4.207003403852753,0.048422617409018334,0.023646974618730388,0.0,TX
48399,Texas,Runnels County,Runnels County,9900,0.0,6687,0,108399.7,9900,281,414.0,3953,123.0,4,0.0,0.0,0.0,0.028383838383838383,0.6754545454545454,0.0,10.949464646464646,0.10473058436630407,0.031115608398684543,0.0,TX
48401,Texas,Rusk County,Rusk County,52214,0.0,27711,19044,736687.0,52214,3265,2012.0,18173,816.0,14,0.0,9477.0,0.0,0.06253112192132378,0.5307197303405217,0.36472976596315165,14.108993756463784,0.11071369614262917,0.04490177736202058,0.18150304516030183,TX
48403,Texas,Sabine County,Sabine County,9894,0.0,2243,0,108335.6,9894,0,691.0,4387,125.0,3,0.0,0.0,0.0,0.0,0.2267030523549626,0.0,10.949626035981403,0.15751082744472306,0.028493275586961478,0.0,TX
48405,Texas,San Augustine County,San Augustine County,7918,0.0,7918,0,216210.4,7918,0,689.0,3257,235.0,3,0.0,2432.0,0.0,0.0,1.0,0.0,27.306188431422076,0.21154436598096407,0.07215228738102548,0.3071482697650922,TX
48407,Texas,San Jacinto County,San Jacinto County,27402,0.0,19919,0,503983.7,27402,0,1862.0,10546,455.0,9,0.0,0.0,0.0,0.0,0.7269177432304211,0.0,18.3922231953872,0.1765598331120804,0.04314432012137303,0.0,TX
48409,Texas,San Patricio County,San Patricio County,68755,5167.0,24169,48888,1014651.1,68755,4142,3623.0,24796,1610.0,16,1.0,15240.0,0.07515089811650062,0.0602428914260781,0.35152352556177735,0.7110464693476838,14.757488182677623,0.1461122761735764,0.06492982739151476,0.22165660679223328,TX
48411,Texas,San Saba County,San Saba County,5730,0.0,2560,0,58969.0,5730,1645,198.0,2141,42.0,2,0.0,0.0,0.0,0.2870855148342059,0.4467713787085515,0.0,10.291273996509599,0.09248014946286783,0.019617001401214387,0.0,TX
48413,Texas,Schleicher County,Schleicher County,2451,0.0,0,0,24264.9,2451,270,70.0,991,40.0,1,0.0,0.0,0.0,0.11015911872705018,0.0,0.0,9.9,0.07063572149344097,0.04036326942482341,0.0,TX
48415,Texas,Scurry County,Scurry County,16932,0.0,9504,6094,206438.6,16932,1009,471.0,5925,335.0,4,0.0,0.0,0.0,0.0595913064020789,0.5613040396881644,0.35991022915190174,12.192215922513585,0.07949367088607595,0.056540084388185655,0.0,TX
48417,Texas,Shackelford County,Shackelford County,3105,0.0,0,0,29497.5,3105,52,107.0,1265,37.0,1,0.0,0.0,0.0,0.01674718196457327,0.0,0.0,9.5,0.08458498023715415,0.02924901185770751,0.0,TX
48419,Texas,Shelby County,Shelby County,24022,6084.0,24022,5785,490963.7,24022,1683,1474.0,9309,624.0,7,2.0,8595.0,0.25326783781533596,0.07006077762051453,1.0,0.24082091416201815,20.438085921238866,0.15834139005263723,0.06703190460844344,0.35779701939888436,TX
48421,Texas,Sherman County,Sherman County,2782,0.0,0,0,28932.8,2782,578,37.0,990,0.0,1,0.0,0.0,0.0,0.20776419841840402,0.0,0.0,10.4,0.03737373737373737,0.0,0.0,TX
48423,Texas,Smith County,Smith County,233479,5001.0,68895,132261,2718756.2,233479,17458,7560.0,88567,3878.0,56,1.0,22184.0,0.02141948526419935,0.07477332008446155,0.29508007144111464,0.5664792122632014,11.644542764017322,0.08535910666501068,0.043786060270755475,0.0950149692263544,TX
48425,Texas,Somervell County,Somervell County,9205,0.0,0,0,72091.4,9205,0,203.0,3411,90.0,3,0.0,0.0,0.0,0.0,0.0,0.0,7.831765344921238,0.0595133391967165,0.026385224274406333,0.0,TX
48427,Texas,Starr County,Starr County,65920,6805.0,65920,39004,2231554.6,65920,2124,8146.0,19868,1989.0,17,2.0,12915.0,0.10323118932038836,0.03222087378640777,1.0,0.5916868932038835,33.85246662621359,0.4100060398630964,0.10011073082343466,0.19591929611650485,TX
48429,Texas,Stephens County,Stephens County,9101,0.0,5834,9101,132115.40000000002,9101,3597,374.0,3463,305.0,3,0.0,5834.0,0.0,0.3952312932644764,0.6410284584111636,1.0,14.516580595538954,0.10799884493213976,0.08807392434305515,0.6410284584111636,TX
48431,Texas,Sterling County,Sterling County,1372,0.0,0,0,5899.599999999999,1372,34,48.0,494,0.0,1,0.0,0.0,0.0,0.02478134110787172,0.0,0.0,4.3,0.09716599190283401,0.0,0.0,TX
48433,Texas,Stonewall County,Stonewall County,1245,0.0,0,0,18550.5,1245,145,41.0,550,24.0,1,0.0,0.0,0.0,0.11646586345381527,0.0,0.0,14.9,0.07454545454545454,0.04363636363636364,0.0,TX
48435,Texas,Sutton County,Sutton County,3372,0.0,0,0,15174.0,3372,131,85.0,1359,48.0,1,0.0,0.0,0.0,0.03884934756820878,0.0,0.0,4.5,0.06254598969830757,0.03532008830022075,0.0,TX
48437,Texas,Swisher County,Swisher County,6971,2934.0,6971,0,206079.19999999998,6971,1733,328.0,2490,146.0,3,2.0,2934.0,0.4208865299096256,0.24860134844355186,1.0,0.0,29.56235834170133,0.13172690763052208,0.058634538152610445,0.4208865299096256,TX
48439,Texas,Tarrant County,Tarrant County,2110640,15582.0,833326,2045374,23975053.6,2110626,124124,74867.0,760739,36180.0,449,2.0,105298.0,0.0073825948527460866,0.058808702573626956,0.3948214759504226,0.9690776257438503,11.359214564778412,0.09841351633083094,0.04755901827039234,0.049889133153924875,TX
48441,Texas,Taylor County,Taylor County,143208,2380.0,66072,111592,2125727.4,143208,3553,6088.0,54489,2102.0,41,1.0,14872.0,0.016619183285849954,0.024810066476733145,0.461370873135579,0.7792302106027597,14.843635830400535,0.11172897282020225,0.03857659344087797,0.10384894698620188,TX
48443,Texas,Terrell County,Terrell County,760,0.0,0,0,5852.0,760,310,16.0,348,24.0,1,0.0,0.0,0.0,0.40789473684210525,0.0,0.0,7.7,0.04597701149425287,0.06896551724137931,0.0,TX
48445,Texas,Terry County,Terry County,11831,7351.0,9427,9427,222922.1,11831,1395,1146.0,4010,224.0,3,1.0,9427.0,0.6213337841264475,0.11791057391598343,0.7968050038035669,0.7968050038035669,18.842202687853945,0.285785536159601,0.055860349127182046,0.7968050038035669,TX
48447,Texas,Throckmorton County,Throckmorton County,1440,0.0,1440,0,34848.0,1440,453,78.0,647,13.0,1,0.0,0.0,0.0,0.3145833333333333,1.0,0.0,24.2,0.1205564142194745,0.02009273570324575,0.0,TX
48449,Texas,Titus County,Titus County,31247,0.0,21718,17233,532322.8,31247,2711,2159.0,10845,536.0,9,0.0,2779.0,0.0,0.08676032899158319,0.6950427241015138,0.5515089448587064,17.035965052645054,0.1990779160903642,0.04942369755647764,0.08893653790763913,TX
48451,Texas,Tom Green County,Tom Green County,120003,4506.0,45302,93948,1317041.6,119994,5846,4490.0,46683,2315.0,27,1.0,11227.0,0.037549061273468166,0.04871544878044715,0.377507228985942,0.7828804279893002,10.97589546143974,0.09618062249641197,0.04958978643189169,0.0935559944334725,TX
48453,Texas,Travis County,Travis County,1290188,26347.0,406977,1190220,15097619.0,1290185,168251,32506.0,520981,34727.0,290,6.0,74037.0,0.02042105491602774,0.130408126567601,0.3154400753998642,0.922516718493739,11.701902440347702,0.06239383010128968,0.06665694142396748,0.05738466022006095,TX
48455,Texas,Trinity County,Trinity County,13602,0.0,11180,0,251100.9,13602,174,1005.0,5847,587.0,5,0.0,0.0,0.0,0.012792236435818262,0.8219379503014262,0.0,18.460586678429642,0.17188301693175986,0.10039336411835129,0.0,TX
48457,Texas,Tyler County,Tyler County,19798,0.0,19798,0,361330.9,19798,0,1175.0,7362,362.0,6,0.0,0.0,0.0,0.0,1.0,0.0,18.25087887665421,0.1596033686498234,0.04917142080956262,0.0,TX
48459,Texas,Upshur County,Upshur County,40892,4620.0,15925,9002,513490.6,40892,3984,1922.0,15374,590.0,10,1.0,9002.0,0.11298053408979751,0.09742736965665656,0.3894404773549839,0.22014085884769638,12.557238579673285,0.12501626122024195,0.03837647977104202,0.22014085884769638,TX
48461,Texas,Upton County,Upton County,3308,0.0,3308,0,52330.2,3308,304,104.0,1222,38.0,2,0.0,0.0,0.0,0.09189842805320435,1.0,0.0,15.819286577992743,0.0851063829787234,0.031096563011456628,0.0,TX
48463,Texas,Uvalde County,Uvalde County,24564,7293.0,24564,19510,546299.3,24564,3438,2041.0,8624,475.0,6,2.0,14930.0,0.2968978993649243,0.1399609184171959,1.0,0.7942517505292298,22.239834717472725,0.23666512059369202,0.05507884972170687,0.6078000325679856,TX
48465,Texas,Val Verde County,Val Verde County,47586,1933.0,36768,39674,766933.9,47586,4577,3666.0,15796,998.0,14,1.0,19943.0,0.040621191106628,0.09618375152355735,0.7726642289749086,0.8337326104316396,16.11679695708822,0.232084071916941,0.06318055203849075,0.4190938511326861,TX
48467,Texas,Van Zandt County,Van Zandt County,59541,0.0,11239,0,658699.0,59541,12,2503.0,22815,720.0,14,0.0,2602.0,0.0,0.00020154179472968206,0.18876068591390807,0.0,11.062948220553904,0.10970852509314048,0.03155818540433925,0.0437009791572194,TX
48469,Texas,Victoria County,Victoria County,91319,0.0,39092,63098,1525711.4,91319,1757,4948.0,34451,2160.0,25,0.0,0.0,0.0,0.019240245731994437,0.4280817792573287,0.6909624503115452,16.707491321630766,0.14362427796000116,0.06269774462279759,0.0,TX
48471,Texas,Walker County,Walker County,76400,0.0,50822,29439,1360167.6,76400,460,2736.0,24568,2114.0,12,0.0,25137.0,0.0,0.006020942408376963,0.6652094240837696,0.38532722513089007,17.803240837696336,0.11136437642461738,0.08604689026375774,0.3290183246073298,TX
48473,Texas,Waller County,Waller County,56794,0.0,23956,0,716939.6,50953,0,2365.0,17298,534.0,11,0.0,0.0,0.0,0.0,0.4218051202591823,0.0,14.070606244970856,0.1367210082090415,0.030870620881026708,0.0,TX
48475,Texas,Ward County,Ward County,11644,0.0,7411,7443,174014.9,11644,16,400.0,4221,284.0,3,0.0,0.0,0.0,0.0013740982480247338,0.6364651322569563,0.6392133287530058,14.944598076262452,0.09476427386875148,0.06728263444681355,0.0,TX
48477,Texas,Washington County,Washington County,35805,0.0,3612,17030,482005.9,35805,3839,1653.0,13906,1047.0,9,0.0,3612.0,0.0,0.10721966205837173,0.10087976539589442,0.4756318949867337,13.461971791649212,0.11886955271105998,0.07529124119085287,0.10087976539589442,TX
48479,Texas,Webb County,Webb County,267114,0.0,171094,249254,5741275.9,266446,5466,19282.0,78282,5356.0,69,0.0,27221.0,0.0,0.020463173027246793,0.6405280142560854,0.9331371624100572,21.547615276641423,0.2463146061674459,0.06841930456554508,0.10190779966606019,TX
48481,Texas,Wharton County,Wharton County,41570,3861.0,20082,15658,547191.4,41570,2852,2206.0,15446,1145.0,12,1.0,5411.0,0.09287948039451528,0.06860716863122444,0.48308876593697375,0.3766658648063507,13.163132066394034,0.14282014761103198,0.07412922439466528,0.13016598508539812,TX
48483,Texas,Wheeler County,Wheeler County,4990,0.0,2281,0,77686.4,4990,627,263.0,2001,115.0,2,0.0,0.0,0.0,0.12565130260521043,0.45711422845691385,0.0,15.568416833667333,0.13143428285857073,0.05747126436781609,0.0,TX
48485,Texas,Wichita County,Wichita County,129350,2867.0,52708,96965,2051365.2,129350,3878,5991.0,49007,3482.0,44,1.0,2867.0,0.02216466950135292,0.02998067259373792,0.40748357170467725,0.7496327792810205,15.859027444916892,0.12224784214499969,0.0710510743363193,0.02216466950135292,TX
48487,Texas,Wilbarger County,Wilbarger County,12887,0.0,7012,10765,228000.8,12887,1863,673.0,4944,250.0,4,0.0,4644.0,0.0,0.14456428959416467,0.5441142236362225,0.8353379374563513,17.692310079925505,0.13612459546925568,0.0505663430420712,0.3603631566695119,TX
48489,Texas,Willacy County,Willacy County,20164,4787.0,10239,12313,460984.9,20164,3374,1813.0,5714,324.0,5,1.0,4787.0,0.23740329299742113,0.1673279111287443,0.5077861535409641,0.6106427296171395,22.86177841698076,0.31729086454322714,0.056702835141757085,0.23740329299742113,TX
48491,Texas,Williamson County,Williamson County,609017,18095.0,122560,509954,3901480.0,609017,77056,11096.0,224506,7583.0,135,4.0,31557.0,0.029711814284330323,0.12652520372994513,0.20124232985286125,0.8373395159741025,6.406192273778893,0.049424068844485226,0.03377638014128798,0.05181628755847538,TX
48493,Texas,Wilson County,Wilson County,49753,0.0,6677,5744,556381.8,49753,525,1522.0,17419,586.0,12,0.0,0.0,0.0,0.0105521275098989,0.13420296263541898,0.1154503246035415,11.18287942435632,0.08737585395258052,0.03364142602904874,0.0,TX
48495,Texas,Winkler County,Winkler County,7791,0.0,0,6283,126436.5,7791,41,520.0,2687,86.0,3,0.0,0.0,0.0,0.005262482351431138,0.0,0.806443332049801,16.228532922603005,0.1935243766282099,0.032005954596203944,0.0,TX
48497,Texas,Wise County,Wise County,68632,0.0,4901,6452,612039.8,68632,1570,1959.0,24306,651.0,16,0.0,0.0,0.0,0.02287562652989859,0.07140983797645413,0.09400862571395267,8.917703112250846,0.0805973833621328,0.026783510244384103,0.0,TX
48499,Texas,Wood County,Wood County,44843,0.0,12662,10740,569621.6,44843,5047,2078.0,18447,953.0,12,0.0,5124.0,0.0,0.11254822380304619,0.28236291059920166,0.2395022634524898,12.702575652833218,0.11264704287960102,0.051661516777795846,0.11426532569185827,TX
48501,Texas,Yoakum County,Yoakum County,7694,0.0,0,0,129108.70000000001,7694,91,85.0,2655,97.0,2,0.0,0.0,0.0,0.011827397972446061,0.0,0.0,16.780439303353266,0.032015065913371,0.03653483992467043,0.0,TX
48503,Texas,Young County,Young County,17867,0.0,9758,8097,294934.4,17867,683,863.0,7249,523.0,5,0.0,0.0,0.0,0.038226898751888956,0.5461465271170314,0.4531818436223205,16.507214417641464,0.11905090357290661,0.0721478824665471,0.0,TX
48505,Texas,Zapata County,Zapata County,13889,4911.0,13889,11322,519936.1,13889,1402,1430.0,4536,403.0,6,2.0,7396.0,0.3535891712866297,0.10094319245446036,1.0,0.8151774785801713,37.43509971920224,0.3152557319223986,0.08884479717813051,0.5325077399380805,TX
48507,Texas,Zavala County,Zavala County,9670,0.0,9670,5588,326191.0,9670,813,1329.0,3355,263.0,4,0.0,5588.0,0.0,0.08407445708376422,1.0,0.5778697001034127,33.73226473629783,0.3961251862891207,0.07839046199701938,0.5778697001034127,TX
49001,Utah,Beaver County,Beaver County,7072,2646.0,2646,0,46670.399999999994,7072,1050,113.0,2276,72.0,2,1.0,2646.0,0.37415158371040724,0.14847285067873303,0.37415158371040724,0.0,6.5993212669683246,0.04964850615114236,0.03163444639718805,0.37415158371040724,UT
49003,Utah,Box Elder County,Box Elder County,57666,0.0,11088,25369,487614.5,57666,2773,1087.0,18678,788.0,12,0.0,0.0,0.0,0.04808726112440606,0.19227967953386743,0.4399299413866056,8.455840529948324,0.058196809080201306,0.04218867116393618,0.0,UT
49005,Utah,Cache County,Cache County,133154,3480.0,41341,108641,1664062.7,133154,37395,2127.0,41658,1381.0,28,1.0,8427.0,0.026135151779142947,0.28084023010949727,0.3104750889946979,0.8159048920798474,12.497279090376557,0.05105862019300014,0.03315089538624034,0.06328762185139011,UT
49007,Utah,Carbon County,Carbon County,20412,0.0,17176,4202,349552.8,20412,480,1135.0,7950,361.0,5,0.0,0.0,0.0,0.023515579071134628,0.8414658044287674,0.20585929845189105,17.124867724867723,0.14276729559748427,0.04540880503144654,0.0,UT
49009,Utah,Daggett County,Daggett County,935,0.0,0,0,8415.0,935,251,15.0,392,0.0,1,0.0,0.0,0.0,0.26844919786096255,0.0,0.0,9.0,0.03826530612244898,0.0,0.0,UT
49011,Utah,Davis County,Davis County,362679,0.0,47681,350999,2305014.8,362679,89405,5317.0,111552,3009.0,66,0.0,3548.0,0.0,0.24651275645956894,0.13146887467981327,0.967795212846622,6.355523203714579,0.04766386976477338,0.02697396729776248,0.009782755549673403,UT
49013,Utah,Duchesne County,Duchesne County,19596,3994.0,6882,8507,231455.7,19596,4353,720.0,6511,228.0,4,1.0,3994.0,0.20381710553174118,0.2221371708511941,0.35119412124923455,0.434119208001633,11.811374770361299,0.11058209184457073,0.035017662417447394,0.20381710553174118,UT
49015,Utah,Emery County,Emery County,9825,0.0,0,0,121799.5,9825,720,351.0,3535,109.0,3,0.0,0.0,0.0,0.0732824427480916,0.0,0.0,12.396895674300254,0.09929278642149929,0.030834512022630836,0.0,UT
49017,Utah,Garfield County,Garfield County,5083,2342.0,2342,0,48434.200000000004,5083,1380,114.0,1881,20.0,2,1.0,2342.0,0.46075152469014363,0.27149321266968324,0.46075152469014363,0.0,9.528664174699982,0.06060606060606061,0.01063264221158958,0.46075152469014363,UT
49019,Utah,Grand County,Grand County,9669,0.0,4676,4676,126085.2,9669,418,148.0,4006,252.0,3,0.0,4676.0,0.0,0.04323094425483504,0.4836074051091116,0.4836074051091116,13.040148929568725,0.036944583125312035,0.06290564153769346,0.4836074051091116,UT
49021,Utah,Iron County,Iron County,57289,4488.0,36214,32519,811665.6,57289,5859,1797.0,18731,686.0,12,1.0,20546.0,0.0783396463544485,0.10227094206566706,0.6321283317914433,0.5676307842692314,14.16791356106757,0.09593721637926432,0.03662377876247931,0.3586377838677582,UT
49023,Utah,Juab County,Juab County,11786,0.0,0,6653,82599.1,11786,517,230.0,3529,132.0,2,0.0,0.0,0.0,0.043865603258102834,0.0,0.5644832852536908,7.008238588155439,0.06517427033153868,0.03740436384244829,0.0,UT
49025,Utah,Kane County,Kane County,7667,0.0,0,0,72111.29999999999,7667,1731,82.0,3081,100.0,2,0.0,0.0,0.0,0.22577279248728316,0.0,0.0,9.405412808138776,0.02661473547549497,0.03245699448231094,0.0,UT
49027,Utah,Millard County,Millard County,12975,10057.0,10057,0,99512.7,12975,2416,208.0,4299,88.0,3,2.0,10057.0,0.7751059730250481,0.18620423892100194,0.7751059730250481,0.0,7.66957225433526,0.048383344963945106,0.020469876715515235,0.7751059730250481,UT
49029,Utah,Morgan County,Morgan County,12295,0.0,0,0,17160.0,12295,87,13.0,3574,12.0,3,0.0,0.0,0.0,0.007076047173647825,0.0,0.0,1.395689304595364,0.0036373810856183547,0.003357582540570789,0.0,UT
49031,Utah,Piute County,Piute County,1438,0.0,1438,0,14667.599999999999,1438,180,53.0,536,26.0,1,0.0,0.0,0.0,0.12517385257301808,1.0,0.0,10.2,0.09888059701492537,0.048507462686567165,0.0,UT
49033,Utah,Rich County,Rich County,2510,0.0,0,0,9538.0,2510,609,30.0,886,0.0,1,0.0,0.0,0.0,0.24262948207171314,0.0,0.0,3.8,0.033860045146726865,0.0,0.0,UT
49035,Utah,Salt Lake County,Salt Lake County,1185238,4339.0,314468,1164360,9738586.0,1182069,56978,22043.0,405229,23393.0,251,1.0,26263.0,0.003660868112564734,0.04807304524492127,0.26532055165291696,0.9823849724696643,8.238593516960515,0.05439640302150142,0.05772785264628148,0.022158418815461534,UT
49037,Utah,San Juan County,San Juan County,14518,14518.0,14518,0,267536.5,14518,2722,690.0,4649,353.0,4,4.0,14518.0,1.0,0.1874913899986224,1.0,0.0,18.42791706846673,0.14841901484190148,0.07593030759303077,1.0,UT
49039,Utah,Sanpete County,Sanpete County,28437,4174.0,22857,4174,431281.2,28437,1516,647.0,8394,276.0,7,1.0,7753.0,0.1467806027358723,0.05331082744311988,0.8037767697014453,0.1467806027358723,15.166198966135669,0.07707886585656422,0.032880629020729094,0.27263776066392376,UT
49041,Utah,Sevier County,Sevier County,21522,4099.0,14295,9153,208445.7,21522,2077,751.0,7464,328.0,5,1.0,9153.0,0.1904562772976489,0.09650590093857449,0.6642040702536939,0.42528575411207137,9.685238360747142,0.10061629153269025,0.04394426580921758,0.42528575411207137,UT
49043,Utah,Summit County,Summit County,42357,0.0,0,17648,201122.09999999998,42357,7773,222.0,15688,312.0,14,0.0,0.0,0.0,0.18351158014023655,0.0,0.41664896003021934,4.74826120830087,0.014150943396226415,0.01988781234064253,0.0,UT
49045,Utah,Tooele County,Tooele County,72698,1717.0,9503,47965,379864.2,72698,12254,1632.0,22087,746.0,17,1.0,5703.0,0.02361825634818014,0.16856034553907948,0.130718864342898,0.6597843131860573,5.22523590745275,0.07388961832752297,0.03377552406392901,0.07844782524966298,UT
49047,Utah,Uintah County,Uintah County,35620,12742.0,16449,16818,424641.0,35620,6136,1603.0,11993,376.0,8,3.0,16449.0,0.35772038180797305,0.17226277372262774,0.46179112857944976,0.4721504772599663,11.921420550252668,0.1336613024264154,0.0313516217793713,0.46179112857944976,UT
49049,Utah,Utah County,Utah County,659399,2035.0,169987,621205,6292809.6,659399,120530,8173.0,184558,5451.0,156,1.0,18706.0,0.0030861435943942894,0.18278765967191338,0.2577908064768069,0.9420775585040317,9.543250141416653,0.04428418166646799,0.029535430596343698,0.028368256548766378,UT
49051,Utah,Wasatch County,Wasatch County,34788,0.0,4252,29704,163976.7,34768,13213,128.0,11040,272.0,10,0.0,4252.0,0.0,0.3798148786938025,0.12222605496148096,0.85385765206393,4.7163109756097565,0.011594202898550725,0.02463768115942029,0.12222605496148096,UT
49053,Utah,Washington County,Washington County,180279,32653.0,76223,127981,1807650.8,180279,32756,3112.0,62416,2300.0,35,5.0,55852.0,0.1811248120968055,0.1816961487472196,0.42280576217973254,0.7099052024916934,10.026962652333328,0.04985901051012561,0.03684952576262497,0.3098086854264778,UT
49055,Utah,Wayne County,Wayne County,2486,0.0,0,0,26351.6,2486,859,81.0,1064,27.0,1,0.0,0.0,0.0,0.34553499597747384,0.0,0.0,10.6,0.07612781954887218,0.02537593984962406,0.0,UT
49057,Utah,Weber County,Weber County,262223,5209.0,94349,248023,2151873.4,262223,38870,5705.0,89595,4636.0,58,1.0,20890.0,0.0198647715875419,0.14823261117445838,0.3598044412580132,0.94584761824859,8.206272523767938,0.06367542831631229,0.051743958926279365,0.07966501794274339,UT
50001,Vermont,Addison County,Addison County,37363,0.0,0,5148,309141.8,37363,795,1306.0,14906,732.0,10,0.0,0.0,0.0,0.021277734657281267,0.0,0.13778336857318738,8.274009046382785,0.0876157252113243,0.049107741848919896,0.0,VT
50003,Vermont,Bennington County,Bennington County,37347,2239.0,7197,11793,415732.8,37347,1818,2310.0,15699,1119.0,12,1.0,2239.0,0.05995126783945163,0.048678608723592254,0.19270624146517792,0.3157683348060085,11.131625030122901,0.14714313013567742,0.07127842537741258,0.05995126783945163,VT
50005,Vermont,Caledonia County,Caledonia County,30233,3709.0,6642,3709,357478.4,30233,930,1949.0,12654,880.0,10,1.0,3709.0,0.12268051466940098,0.030761088876393346,0.21969371216882214,0.12268051466940098,11.824112724506335,0.1540224434961277,0.06954322743796428,0.12268051466940098,VT
50007,Vermont,Chittenden County,Chittenden County,168323,0.0,26402,126329,1817586.3,168323,19102,5608.0,69052,5047.0,41,0.0,0.0,0.0,0.11348419407924051,0.1568531929682812,0.7505153781717293,10.798205236361044,0.081214157446562,0.07308984533395123,0.0,VT
50009,Vermont,Essex County,Essex County,5920,0.0,5920,0,81912.5,5920,279,530.0,2695,118.0,3,0.0,0.0,0.0,0.047128378378378376,1.0,0.0,13.836570945945946,0.19666048237476808,0.0437847866419295,0.0,VT
50011,Vermont,Franklin County,Franklin County,49946,0.0,24937,13865,511784.89999999997,49946,3423,2456.0,19918,1163.0,11,0.0,0.0,0.0,0.06853401673807712,0.499279221559284,0.27759980779241583,10.24676450566612,0.123305552766342,0.058389396525755595,0.0,VT
50013,Vermont,Grand Isle County,Grand Isle County,7293,0.0,0,0,57400.5,7293,0,283.0,3170,44.0,2,0.0,0.0,0.0,0.0,0.0,0.0,7.870629370629371,0.08927444794952681,0.0138801261829653,0.0,VT
50015,Vermont,Lamoille County,Lamoille County,25945,0.0,5434,0,222304.2,25945,0,1243.0,10994,560.0,7,0.0,0.0,0.0,0.0,0.20944305261129312,0.0,8.568286760454809,0.11306167000181917,0.050936874658904854,0.0,VT
50017,Vermont,Orange County,Orange County,29277,0.0,4373,0,272067.6,29277,13,1240.0,12364,493.0,10,0.0,0.0,0.0,0.0004440345663831677,0.14936639683027633,0.0,9.292878368685315,0.10029116790682627,0.03987382724037528,0.0,VT
50019,Vermont,Orleans County,Orleans County,27393,0.0,7228,0,321760.0,27393,0,1738.0,11698,774.0,10,0.0,0.0,0.0,0.0,0.26386303070127404,0.0,11.746066513342825,0.14857240553940845,0.06616515643699777,0.0,VT
50021,Vermont,Rutland County,Rutland County,60572,0.0,22309,21945,712003.6,60572,2566,2710.0,26651,1616.0,20,0.0,5429.0,0.0,0.042362807898038694,0.36830548768407845,0.3622961104140527,11.754665522023377,0.10168473978462346,0.0606356234287644,0.08962887142574126,VT
50023,Vermont,Washington County,Washington County,59807,0.0,2043,20665,522033.3,59807,2903,2600.0,25842,1560.0,20,0.0,0.0,0.0,0.04853946862407411,0.03415988095039042,0.3455281154379922,8.728632099921414,0.1006114077857751,0.06036684467146506,0.0,VT
50025,Vermont,Windham County,Windham County,45905,4123.0,18806,12648,530827.2,45905,1325,2624.0,20388,1232.0,18,1.0,4123.0,0.08981592419126457,0.028863958174490795,0.40967214900337656,0.2755255418799695,11.56360309334495,0.12870315872081617,0.0604277025701393,0.08981592419126457,VT
50027,Vermont,Windsor County,Windsor County,57753,0.0,10280,4285,537345.4,57753,483,2437.0,25859,1543.0,19,0.0,0.0,0.0,0.008363201911589008,0.1779994112859938,0.07419527989887971,9.304198916073624,0.09424185003287057,0.05966974747670057,0.0,VT
51001,Virginia,Accomack County,Accomack County,33413,0.0,31613,3344,471372.3,33413,189,1805.0,14302,883.0,13,0.0,0.0,0.0,0.005656481010385179,0.946128752282046,0.10008080687157693,14.10745218926765,0.12620612501748008,0.06173961683680604,0.0,VA
51003,Virginia,Albemarle County,Albemarle County,112395,0.0,22089,64731,941739.9,112395,11653,2100.0,43468,2251.0,29,0.0,8914.0,0.0,0.10367898927888251,0.19653009475510477,0.5759241959161885,8.378841585479782,0.04831140149075182,0.051785221312229686,0.0793095778281952,VA
51005,Virginia,Alleghany County,Alleghany County,15223,0.0,15223,3662,177032.8,15223,66,520.0,6699,384.0,6,0.0,0.0,0.0,0.004335544899165736,1.0,0.24055705182946857,11.629297773106483,0.07762352589938797,0.057321988356471114,0.0,VA
51007,Virginia,Amelia County,Amelia County,13265,0.0,7109,0,130384.3,13265,0,727.0,5206,88.0,3,0.0,0.0,0.0,0.0,0.5359215981907275,0.0,9.829197135318507,0.13964656165962352,0.016903572800614674,0.0,VA
51009,Virginia,Amherst County,Amherst County,31307,4134.0,24686,9902,335374.0,31307,1882,1327.0,12746,436.0,10,2.0,9902.0,0.13204714600568562,0.06011435142300444,0.788513750918325,0.31628709234356533,10.712428530360622,0.10411109367644751,0.034206809979601446,0.31628709234356533,VA
51011,Virginia,Appomattox County,Appomattox County,16119,0.0,16119,0,224780.2,16119,0,1014.0,6470,256.0,4,0.0,0.0,0.0,0.0,1.0,0.0,13.945046218748063,0.15672333848531686,0.03956723338485317,0.0,VA
51013,Virginia,Arlington County,Arlington County,238643,0.0,35749,238643,1759750.8,238631,5007,4480.0,109912,17046.0,71,0.0,0.0,0.0,0.020981130810457462,0.14980116743420088,1.0,7.3743595760819005,0.04075988063177815,0.15508770652885945,0.0,VA
51015,Virginia,Augusta County,Augusta County,77487,0.0,30126,7974,530387.2,77487,2239,1762.0,30233,1332.0,18,0.0,7619.0,0.0,0.02889516951230529,0.388787796662666,0.10290758449804484,6.844853975505568,0.058280686666887176,0.04405781761651176,0.09832617084156052,VA
51017,Virginia,Bath County,Bath County,4209,0.0,4209,0,98421.6,4209,478,188.0,1891,75.0,2,0.0,2112.0,0.0,0.11356616773580423,1.0,0.0,23.38360655737705,0.09941829719725014,0.03966155473294553,0.5017818959372773,VA
51019,Virginia,Bedford County,Bedford County,79462,7788.0,45602,18379,640669.9,79462,3928,2164.0,32486,1059.0,20,1.0,10720.0,0.09800911127331303,0.04943243311268279,0.5738843724044197,0.23129294505549822,8.06259469935315,0.06661331034907345,0.03259865788339592,0.13490725126475547,VA
51021,Virginia,Bland County,Bland County,6270,0.0,3646,0,83065.2,6270,0,119.0,2505,126.0,2,0.0,3646.0,0.0,0.0,0.5814992025518342,0.0,13.248038277511961,0.04750499001996008,0.05029940119760479,0.5814992025518342,VA
51023,Virginia,Botetourt County,Botetourt County,33596,0.0,11103,15583,207740.69999999998,33596,5203,427.0,13498,495.0,9,0.0,3343.0,0.0,0.15486962733658768,0.33048577211572805,0.46383498035480414,6.183495058935587,0.03163431619499185,0.03667209957030671,0.099505893558757,VA
51025,Virginia,Brunswick County,Brunswick County,15849,0.0,14254,0,218030.0,14254,0,1287.0,6191,422.0,6,0.0,0.0,0.0,0.0,0.8993627358192946,0.0,15.296057247088537,0.20788240994992732,0.06816346309158455,0.0,VA
51027,Virginia,Buchanan County,Buchanan County,20355,0.0,20355,0,499066.3,20355,0,2056.0,8483,416.0,7,0.0,0.0,0.0,0.0,1.0,0.0,24.518118398427905,0.24236708711540728,0.049039254980549334,0.0,VA
51029,Virginia,Buckingham County,Buckingham County,16824,0.0,16824,0,207585.6,16824,229,1065.0,5991,425.0,4,0.0,3791.0,0.0,0.013611507370423204,1.0,0.0,12.338659058487876,0.17776664997496244,0.07093974294775497,0.2253328578221588,VA
51031,Virginia,Campbell County,Campbell County,55696,6119.0,39440,22110,609449.6,55696,3243,2735.0,22955,1045.0,12,1.0,12919.0,0.10986426314277506,0.0582268026429187,0.7081298477449008,0.39697644355070383,10.942430336110313,0.11914615552167283,0.04552385101285123,0.23195561620224073,VA
51033,Virginia,Caroline County,Caroline County,30887,0.0,10650,0,349708.7,30887,0,1605.0,11446,419.0,9,0.0,0.0,0.0,0.0,0.3448052578754816,0.0,11.322197040826238,0.14022365892014677,0.03660667482089813,0.0,VA
51035,Virginia,Carroll County,Carroll County,29155,0.0,29155,0,452046.8,29155,0,1903.0,12744,716.0,10,0.0,0.0,0.0,0.0,1.0,0.0,15.504949408334761,0.14932517263025738,0.056183301946013814,0.0,VA
51036,Virginia,Charles City County,Charles City County,6773,0.0,2180,0,63800.7,6773,0,309.0,2966,171.0,3,0.0,0.0,0.0,0.0,0.32186623357448696,0.0,9.419858260741178,0.10418071476736346,0.0576534052596089,0.0,VA
51037,Virginia,Charlotte County,Charlotte County,11529,0.0,11529,0,221060.3,11529,0,990.0,4899,304.0,4,0.0,0.0,0.0,0.0,1.0,0.0,19.174282244774048,0.20208205756276792,0.06205348030210247,0.0,VA
51041,Virginia,Chesterfield County,Chesterfield County,364548,17506.0,80348,324359,2635718.3,364548,101355,9081.0,133482,4819.0,75,3.0,60181.0,0.04802111107453614,0.2780292307185885,0.22040444605374326,0.8897566301282684,7.230099465639641,0.0680316447161415,0.03610224599571478,0.16508388470105445,VA
51043,Virginia,Clarke County,Clarke County,14783,0.0,0,0,103748.7,14783,0,165.0,5847,187.0,4,0.0,0.0,0.0,0.0,0.0,0.0,7.018108638300751,0.028219599794766546,0.03198221310073542,0.0,VA
51045,Virginia,Craig County,Craig County,4892,0.0,0,0,67020.4,4892,484,169.0,2111,82.0,1,0.0,0.0,0.0,0.09893704006541292,0.0,0.0,13.7,0.08005684509711038,0.038844149692089054,0.0,VA
51047,Virginia,Culpeper County,Culpeper County,52552,20930.0,42483,22450,406948.89999999997,52552,3679,1849.0,18181,733.0,10,3.0,20930.0,0.39827218754757193,0.0700068503577409,0.8083992997412087,0.42719592023138986,7.743737631298523,0.10169957648094165,0.04031681425664155,0.39827218754757193,VA
51049,Virginia,Cumberland County,Cumberland County,9675,0.0,9675,0,82936.8,9675,0,850.0,4041,297.0,3,0.0,0.0,0.0,0.0,1.0,0.0,8.572279069767442,0.21034397426379609,0.07349665924276169,0.0,VA
51051,Virginia,Dickenson County,Dickenson County,14124,0.0,14124,0,247237.8,14124,0,1376.0,6054,389.0,4,0.0,0.0,0.0,0.0,1.0,0.0,17.50480033984707,0.22728774364056822,0.06425503799141064,0.0,VA
51053,Virginia,Dinwiddie County,Dinwiddie County,27947,0.0,10873,7280,323199.5,27947,3365,1587.0,10925,472.0,9,0.0,0.0,0.0,0.12040648370129173,0.38905785951980537,0.26049307617991196,11.56472966686943,0.14526315789473684,0.04320366132723112,0.0,VA
51057,Virginia,Essex County,Essex County,10599,0.0,7439,0,132066.7,10599,22,571.0,4572,284.0,3,0.0,3527.0,0.0,0.0020756675158033777,0.7018586659118785,0.0,12.46029814133409,0.12489063867016623,0.0621172353455818,0.3327672421926597,VA
51059,Virginia,Fairfax County,Fairfax County,1150309,25473.0,185569,1130099,6836219.4,1149657,140672,17970.0,411055,19850.0,274,5.0,68930.0,0.022144484655862034,0.12229061930316115,0.16132100157435958,0.982430807722099,5.946312160931478,0.04371677756018051,0.048290374767366896,0.059923029377323835,VA
51061,Virginia,Fauquier County,Fauquier County,72972,0.0,15999,26748,480171.60000000003,72972,13510,1288.0,26400,924.0,20,0.0,0.0,0.0,0.1851395055637779,0.21924847886860713,0.36655155402072026,6.580217069560928,0.04878787878787879,0.035,0.0,VA
51063,Virginia,Floyd County,Floyd County,15476,0.0,11789,0,156134.2,15476,0,534.0,6639,352.0,5,0.0,0.0,0.0,0.0,0.761760144740243,0.0,10.088795554406824,0.08043380027112516,0.05302003313752071,0.0,VA
51065,Virginia,Fluvanna County,Fluvanna County,27249,0.0,5580,9536,211333.8,27249,2601,685.0,10280,408.0,5,0.0,0.0,0.0,0.09545304414840912,0.20477815699658702,0.3499577966163896,7.755653418474072,0.06663424124513619,0.03968871595330739,0.0,VA
51067,Virginia,Franklin County,Franklin County,54477,0.0,33121,6568,702300.0,54477,461,2939.0,22683,1040.0,16,0.0,6568.0,0.0,0.008462286836646658,0.6079813499274923,0.12056464195899187,12.891679057216807,0.12956839924172286,0.045849314464577,0.12056464195899187,VA
51069,Virginia,Frederick County,Frederick County,91419,3885.0,11432,39215,625066.5,91419,5892,2070.0,34073,1175.0,19,1.0,11432.0,0.04249663636661963,0.06445049716142158,0.1250505912337698,0.42895896914208204,6.837380632034916,0.060751915006016496,0.034484782672497286,0.1250505912337698,VA
51071,Virginia,Giles County,Giles County,16787,0.0,13069,0,159111.69999999998,16787,0,741.0,7107,478.0,4,0.0,0.0,0.0,0.0,0.7785190921546434,0.0,9.47826889855245,0.10426340227944281,0.0672576333192627,0.0,VA
51073,Virginia,Gloucester County,Gloucester County,38711,0.0,10188,5756,201549.5,38711,165,1089.0,15484,318.0,9,0.0,0.0,0.0,0.00426235436955904,0.26318100798222727,0.148691586370799,5.206517527317817,0.07033066391113407,0.02053732885559287,0.0,VA
51075,Virginia,Goochland County,Goochland County,24727,0.0,886,0,124532.5,24727,0,383.0,9780,253.0,6,0.0,0.0,0.0,0.0,0.03583127755085534,0.0,5.036296356209811,0.03916155419222904,0.025869120654396727,0.0,VA
51077,Virginia,Grayson County,Grayson County,15333,0.0,15333,0,249053.0,15333,0,1036.0,6512,344.0,5,0.0,1796.0,0.0,0.0,1.0,0.0,16.242940063914432,0.1590909090909091,0.052825552825552825,0.11713298115176417,VA
51079,Virginia,Greene County,Greene County,20552,0.0,7552,0,294092.0,20552,0,728.0,7760,240.0,4,0.0,0.0,0.0,0.0,0.367458154924095,0.0,14.309653561697159,0.09381443298969072,0.030927835051546393,0.0,VA
51081,Virginia,Greensville County,Greensville County,11391,0.0,4175,0,118279.9,8292,0,496.0,3442,190.0,3,0.0,0.0,0.0,0.0,0.3665174260381003,0.0,14.264339122045344,0.14410226612434632,0.05520046484601976,0.0,VA
51083,Virginia,Halifax County,Halifax County,34022,0.0,30101,7376,580772.7,34022,497,2815.0,14698,1027.0,11,0.0,7376.0,0.0,0.014608194697548645,0.8847510434424783,0.21680089353947446,17.070504379519132,0.19152265614369302,0.06987345217036331,0.21680089353947446,VA
51085,Virginia,Hanover County,Hanover County,109979,4617.0,7873,63495,644461.0,109979,14893,2238.0,41417,1260.0,25,1.0,4617.0,0.0419807417779758,0.13541676138171832,0.07158639376608261,0.5773374917029614,5.859855063239346,0.054035782408189875,0.030422290363860252,0.0419807417779758,VA
51087,Virginia,Henrico County,Henrico County,334389,10421.0,128366,326705,2938558.0,334389,41668,11106.0,134234,7993.0,85,2.0,41242.0,0.031164302653496376,0.12460936215007072,0.3838822449303057,0.977020775204926,8.787842901530851,0.08273611752611112,0.059545271689735835,0.12333539679833966,VA
51089,Virginia,Henry County,Henry County,50948,12969.0,48235,20696,813552.9,50948,3704,3613.0,22199,1148.0,14,3.0,20696.0,0.2545536625579022,0.07270157807961058,0.9467496270707388,0.4062181047342388,15.968299050011778,0.16275507905761522,0.05171404117302581,0.4062181047342388,VA
51091,Virginia,Highland County,Highland County,2232,0.0,2232,0,21204.0,2232,167,81.0,1063,51.0,1,0.0,0.0,0.0,0.07482078853046595,1.0,0.0,9.5,0.0761994355597366,0.04797742238946378,0.0,VA
51093,Virginia,Isle of Wight County,Isle of Wight County,38606,0.0,0,16984,264040.0,38606,5185,1193.0,15268,668.0,9,0.0,0.0,0.0,0.1343055483603585,0.0,0.43993161684712223,6.8393513961560375,0.07813728058684831,0.04375163741157977,0.0,VA
51095,Virginia,James City County,James City County,78254,0.0,14017,62309,537086.2,78254,18422,2072.0,31627,1268.0,17,0.0,14017.0,0.0,0.23541288624223683,0.17912183402765353,0.7962404477726378,6.863370562527154,0.06551364340595062,0.04009232617700066,0.17912183402765353,VA
51097,Virginia,King and Queen County,King and Queen County,6608,0.0,6608,0,118792.80000000002,6608,25,585.0,2884,144.0,2,0.0,3710.0,0.0,0.0037832929782082325,1.0,0.0,17.9771186440678,0.20284327323162274,0.049930651872399444,0.5614406779661016,VA
51099,Virginia,King George County,King George County,26723,0.0,0,0,204365.30000000002,26723,0,693.0,9548,261.0,6,0.0,0.0,0.0,0.0,0.0,0.0,7.647543314747597,0.07258064516129033,0.027335567658148305,0.0,VA
51101,Virginia,King William County,King William County,17810,0.0,8552,0,102261.4,17810,0,498.0,6914,319.0,4,0.0,0.0,0.0,0.0,0.48017967434025827,0.0,5.741796743402582,0.07202776974255135,0.04613827017645357,0.0,VA
51103,Virginia,Lancaster County,Lancaster County,10919,0.0,5261,0,114738.0,10919,0,566.0,5211,249.0,4,0.0,0.0,0.0,0.0,0.48182067954940927,0.0,10.508105137833136,0.10861638840913453,0.04778353483016695,0.0,VA
51105,Virginia,Lee County,Lee County,22173,0.0,19263,0,645403.0,22173,0,2407.0,9067,760.0,7,0.0,0.0,0.0,0.0,0.8687593018536057,0.0,29.10760835250079,0.26546818131686334,0.08382044777765524,0.0,VA
51107,Virginia,Loudoun County,Loudoun County,420959,0.0,28932,360452,1780530.9,420913,61453,4541.0,137442,4178.0,75,0.0,0.0,0.0,0.1459833380447977,0.06872878356324488,0.8562639116873615,4.230163715542166,0.03303939116136261,0.03039827709142766,0.0,VA
51109,Virginia,Louisa County,Louisa County,37596,0.0,11959,0,379823.5,37596,0,1774.0,14921,497.0,9,0.0,0.0,0.0,0.0,0.3180923502500266,0.0,10.102763591871476,0.11889283560083104,0.03330875946652369,0.0,VA
51111,Virginia,Lunenburg County,Lunenburg County,11936,0.0,11936,0,187328.0,11936,0,1048.0,4758,611.0,3,0.0,0.0,0.0,0.0,1.0,0.0,15.694369973190348,0.22026061370323666,0.1284153005464481,0.0,VA
51113,Virginia,Madison County,Madison County,13837,0.0,0,0,148984.8,13837,0,581.0,5317,127.0,4,0.0,0.0,0.0,0.0,0.0,0.0,10.767131603671315,0.10927214594696258,0.02388564980252022,0.0,VA
51115,Virginia,Mathews County,Mathews County,8533,0.0,4441,0,66753.6,8533,0,255.0,3762,164.0,4,0.0,0.0,0.0,0.0,0.5204500175788117,0.0,7.8229930856674095,0.06778309409888357,0.043593833067517275,0.0,VA
51117,Virginia,Mecklenburg County,Mecklenburg County,30319,2213.0,20263,5912,501300.9,30319,1673,2281.0,13236,977.0,12,1.0,2213.0,0.07299053398858801,0.05517992018206405,0.6683267917807315,0.19499323856327716,16.53421616807942,0.17233303112722878,0.073813841039589,0.07299053398858801,VA
51119,Virginia,Middlesex County,Middlesex County,10625,0.0,1537,0,76861.6,10625,27,544.0,4751,119.0,4,0.0,1537.0,0.0,0.0025411764705882355,0.14465882352941176,0.0,7.234032941176471,0.11450221006103978,0.02504735845085245,0.14465882352941176,VA
51121,Virginia,Montgomery County,Montgomery County,99721,14897.0,57002,72451,2132431.3,89794,8575,1782.0,38026,2349.0,23,3.0,27649.0,0.14938678914170536,0.08598991185407287,0.571614805306806,0.7265370383369602,23.748037730806065,0.04686267290801031,0.06177352337874086,0.277263565347319,VA
51125,Virginia,Nelson County,Nelson County,14775,0.0,7436,0,193035.1,14775,82,728.0,6466,396.0,5,0.0,3240.0,0.0,0.005549915397631134,0.5032825719120135,0.0,13.06498138747885,0.11258892669347355,0.06124342715743891,0.21928934010152284,VA
51127,Virginia,New Kent County,New Kent County,22945,0.0,0,0,108902.5,22945,0,414.0,8580,89.0,4,0.0,0.0,0.0,0.0,0.0,0.0,4.746241011113533,0.04825174825174825,0.010372960372960373,0.0,VA
51131,Virginia,Northampton County,Northampton County,12282,0.0,9754,0,218573.30000000002,12282,0,811.0,5457,515.0,4,0.0,0.0,0.0,0.0,0.7941703305650546,0.0,17.79623025565869,0.14861645592816566,0.09437419827744181,0.0,VA
51133,Virginia,Northumberland County,Northumberland County,11839,0.0,6487,0,135937.0,11839,0,371.0,5573,230.0,4,0.0,0.0,0.0,0.0,0.5479347917898472,0.0,11.482135315482726,0.06657096716310784,0.041270410909743406,0.0,VA
51135,Virginia,Nottoway County,Nottoway County,15642,0.0,15634,0,294119.4,15642,0,852.0,5645,442.0,5,0.0,0.0,0.0,0.0,0.9994885564505818,0.0,18.80318373609513,0.15093002657218776,0.07829937998228521,0.0,VA
51137,Virginia,Orange County,Orange County,36254,5422.0,12082,17166,355298.8,36254,7791,1126.0,14190,641.0,8,1.0,5422.0,0.14955591107188174,0.21490042478071386,0.3332597782313676,0.4734925801290892,9.800264798367076,0.07935165609584215,0.04517265680056378,0.14955591107188174,VA
51139,Virginia,Page County,Page County,23709,0.0,23709,0,269512.6,23709,0,1345.0,9866,774.0,6,0.0,0.0,0.0,0.0,1.0,0.0,11.36752288160614,0.13632677883640787,0.0784512467058585,0.0,VA
51141,Virginia,Patrick County,Patrick County,17608,0.0,17608,0,204062.8,17608,0,980.0,7839,384.0,6,0.0,0.0,0.0,0.0,1.0,0.0,11.589209450249886,0.1250159459114683,0.04898584003061615,0.0,VA
51143,Virginia,Pittsylvania County,Pittsylvania County,60501,0.0,56643,3858,872094.9,60501,920,3733.0,25315,1297.0,19,0.0,0.0,0.0,0.01520636022545082,0.9362324589676204,0.06376754103237962,14.414553478454902,0.14746197906379616,0.05123444598064389,0.0,VA
51145,Virginia,Powhatan County,Powhatan County,30333,0.0,0,0,141287.2,30333,0,166.0,11055,230.0,6,0.0,0.0,0.0,0.0,0.0,0.0,4.6578709656150075,0.015015829941203075,0.020805065581184983,0.0,VA
51147,Virginia,Prince Edward County,Prince Edward County,21849,3231.0,18348,3231,458884.9,21849,511,1314.0,7662,464.0,6,1.0,3231.0,0.14787862144720582,0.02338779806856149,0.8397638335850611,0.14787862144720582,21.002558469495174,0.17149569303054032,0.06055860088749674,0.14787862144720582,VA
51149,Virginia,Prince George County,Prince George County,43010,17046.0,33134,17046,413425.0,43010,4740,1425.0,12579,422.0,7,2.0,17046.0,0.396326435712625,0.11020692862125087,0.7703789816321785,0.396326435712625,9.61229946524064,0.11328404483663249,0.033547976786708004,0.396326435712625,VA
51153,Virginia,Prince William County,Prince William County,482204,8133.0,184142,447305,2988108.6,482202,72189,9124.0,153745,4012.0,93,1.0,90510.0,0.016866305547029888,0.14970634835049065,0.3818757206493517,0.9276260669758027,6.196798437169485,0.05934501935022277,0.02609515756609971,0.1877006412223872,VA
51155,Virginia,Pulaski County,Pulaski County,33800,4008.0,29109,11639,500495.8,33796,1900,2239.0,14523,664.0,12,1.0,7484.0,0.11857988165680473,0.05621301775147929,0.8612130177514793,0.3443491124260355,14.809320629660315,0.15416924877780072,0.04572058114714591,0.22142011834319528,VA
51157,Virginia,Rappahannock County,Rappahannock County,7348,7348.0,7348,0,76568.5,7348,1705,161.0,3202,56.0,2,2.0,7348.0,1.0,0.23203592814371257,1.0,0.0,10.42031845400109,0.05028107432854466,0.017489069331667707,1.0,VA
51159,Virginia,Richmond County,Richmond County,8923,0.0,5417,0,68388.1,8923,0,335.0,3173,202.0,2,0.0,0.0,0.0,0.0,0.60708281967948,0.0,7.664249691807688,0.10557831705011031,0.06366214938543965,0.0,VA
51161,Virginia,Roanoke County,Roanoke County,96929,0.0,25225,73545,713764.6,96929,10868,2930.0,39777,1741.0,22,0.0,10392.0,0.0,0.11212330675030177,0.26024203282815256,0.7587512509156187,7.363787927245716,0.07366065816929382,0.043769012243256154,0.10721249574430769,VA
51163,Virginia,Rockbridge County,Rockbridge County,22650,0.0,14474,0,171023.5,22650,7,1061.0,9602,364.0,6,0.0,2753.0,0.0,0.00030905077262693157,0.639028697571744,0.0,7.550706401766004,0.11049781295563424,0.03790876900645699,0.12154525386313465,VA
51165,Virginia,Rockingham County,Rockingham County,83757,3611.0,31993,20101,815535.9,83757,7919,1941.0,32013,1583.0,22,1.0,3611.0,0.04311281445132944,0.09454732141791133,0.38197404396050477,0.23999188127559487,9.73692825674272,0.06063161840502296,0.049448661481273234,0.04311281445132944,VA
51167,Virginia,Russell County,Russell County,25781,0.0,25781,0,420893.3,25781,0,2331.0,11063,554.0,9,0.0,0.0,0.0,0.0,1.0,0.0,16.32571661300958,0.21070234113712374,0.05007683268552834,0.0,VA
51169,Virginia,Scott County,Scott County,21576,0.0,21576,0,440979.4,21576,0,2113.0,9254,691.0,6,0.0,0.0,0.0,0.0,1.0,0.0,20.438422321097516,0.22833369353792954,0.07467041279446726,0.0,VA
51171,Virginia,Shenandoah County,Shenandoah County,44186,13347.0,38914,13347,523326.89999999997,44186,1499,1852.0,18008,907.0,11,2.0,13347.0,0.30206400217263385,0.03392477255239216,0.8806861901959897,0.30206400217263385,11.843726519712126,0.10284318080852954,0.05036650377609951,0.30206400217263385,VA
51173,Virginia,Smyth County,Smyth County,29800,3770.0,29800,3770,508131.4,29800,1061,2152.0,12819,818.0,9,1.0,6830.0,0.12651006711409396,0.035604026845637585,1.0,0.12651006711409396,17.051389261744966,0.16787580934550278,0.06381152976051174,0.22919463087248323,VA
51175,Virginia,Southampton County,Southampton County,17996,0.0,8916,0,144390.6,16677,14,999.0,6801,373.0,6,0.0,0.0,0.0,0.000777950655701267,0.49544343187374973,0.0,8.65806799784134,0.14689016321129245,0.05484487575356565,0.0,VA
51177,Virginia,Spotsylvania County,Spotsylvania County,140032,17747.0,75019,92786,995578.0,140032,22546,3489.0,48958,1531.0,34,5.0,46770.0,0.1267353176416819,0.16100605575868374,0.5357275479890311,0.6626056901279708,7.10964636654479,0.0712651660607051,0.03127170227541975,0.33399508683729434,VA
51179,Virginia,Stafford County,Stafford County,156927,14247.0,23376,129155,724899.9,155294,37807,2299.0,50869,1044.0,32,2.0,18489.0,0.09078743619644802,0.2409209377608697,0.14896098185780648,0.8230259929776266,4.667919559029969,0.04519451925534215,0.020523304959798698,0.11781911334569577,VA
51181,Virginia,Surry County,Surry County,6561,0.0,0,0,68434.9,6561,0,266.0,2787,134.0,2,0.0,0.0,0.0,0.0,0.0,0.0,10.430559365950312,0.09544312881234301,0.04808037316110513,0.0,VA
51183,Virginia,Sussex County,Sussex County,10829,0.0,7477,0,112044.9,10129,246,715.0,3878,347.0,5,0.0,3262.0,0.0,0.022716779019300026,0.6904607997044971,0.0,11.061792871951821,0.18437338834450748,0.08947911294481692,0.30122818358112474,VA
51185,Virginia,Tazewell County,Tazewell County,40429,10713.0,37740,14452,782393.1,40429,3635,2490.0,16966,1067.0,13,3.0,17446.0,0.26498305671671324,0.08991070766034283,0.9334883375794603,0.35746617527022684,19.352274357515643,0.14676411646823057,0.06289048685606508,0.43152192732939226,VA
51187,Virginia,Warren County,Warren County,40727,0.0,36862,9012,478923.1,40727,0,1609.0,15322,741.0,9,0.0,0.0,0.0,0.0,0.9050998109362339,0.22127826748839835,11.759351290298818,0.10501240046991255,0.04836183265892181,0.0,VA
51191,Virginia,Washington County,Washington County,53935,7640.0,45379,14198,597866.7,53935,3700,2816.0,22616,1008.0,15,2.0,11652.0,0.14165198850468155,0.06860109390933532,0.8413646055437101,0.26324279224993047,11.084948549179567,0.1245136186770428,0.044570215776441456,0.2160378233058311,VA
51193,Virginia,Westmoreland County,Westmoreland County,18477,3776.0,16404,3776,265369.0,18477,1000,1635.0,8037,498.0,6,1.0,3776.0,0.204362180007577,0.0541213400443795,0.8878064620880013,0.204362180007577,14.362125886236944,0.2034341172079134,0.06196341918626353,0.204362180007577,VA
51195,Virginia,Wise County,Wise County,36130,14706.0,36130,14706,639606.9,36130,4282,3135.0,14367,1261.0,11,3.0,14706.0,0.40703016883476334,0.11851646830888458,1.0,0.40703016883476334,17.702931082203158,0.21820839423679264,0.08777058536924898,0.40703016883476334,VA
51197,Virginia,Wythe County,Wythe County,28290,2790.0,28290,5962,437011.19999999995,28290,1265,1651.0,12281,1025.0,8,1.0,5962.0,0.09862142099681867,0.044715447154471545,1.0,0.21074584658890066,15.447550371155884,0.13443530657112612,0.08346225877371549,0.21074584658890066,VA
51199,Virginia,York County,York County,70045,0.0,12660,63951,393371.1,70045,13799,965.0,25873,1029.0,15,0.0,4540.0,0.0,0.19700192733242916,0.18074095224498538,0.9129987864943965,5.61597687201085,0.037297568894214046,0.039771190043674874,0.06481547576557926,VA
51510,Virginia,Alexandria city,Alexandria city,159467,0.0,61477,159467,1293625.9,159467,0,3899.0,75555,8671.0,48,0.0,0.0,0.0,0.0,0.38551549850439276,1.0,8.11218559325754,0.051604791211700085,0.1147640791476408,0.0,VA
51520,Virginia,Bristol city,Bristol city,17219,0.0,14740,17219,313554.8,17219,12,1599.0,7721,849.0,5,0.0,5713.0,0.0,0.0006969045821476277,0.8560311284046692,1.0,18.20981473953191,0.20709752622717265,0.10995984976039373,0.33178465648411637,VA
51530,Virginia,Buena Vista city,Buena Vista city,6641,0.0,6641,6641,132929.3,6641,57,348.0,2599,216.0,2,0.0,6641.0,0.0,0.008583044722180395,1.0,1.0,20.01645836470411,0.13389765294343978,0.08310888803385917,1.0,VA
51540,Virginia,Charlottesville city,Charlottesville city,46553,0.0,16959,46553,1040469.4,46553,79,1967.0,19769,2185.0,12,0.0,0.0,0.0,0.001696990526926299,0.36429446007776084,1.0,22.35021158679355,0.09949921594415499,0.11052658202235824,0.0,VA
51550,Virginia,Chesapeake city,Chesapeake city,249422,2950.0,69746,231384,2312326.4,249422,35186,6728.0,91162,4681.0,61,1.0,7850.0,0.011827344821226675,0.14107015419650232,0.279630505729246,0.9276807980049875,9.270739549839227,0.07380268094162042,0.05134814944823501,0.03147276503275573,VA
51570,Virginia,Colonial Heights city,Colonial Heights city,18170,0.0,10494,18170,143468.9,18170,2817,983.0,7633,511.0,5,0.0,0.0,0.0,0.1550357732526142,0.5775454045129335,1.0,7.895921849201981,0.1287829162845539,0.06694615485392376,0.0,VA
51580,Virginia,Covington city,Covington city,5737,0.0,5737,5737,148039.3,5737,444,470.0,2576,155.0,2,0.0,5737.0,0.0,0.07739236534774273,1.0,1.0,25.804305386090288,0.18245341614906832,0.06017080745341615,1.0,VA
51590,Virginia,Danville city,Danville city,42590,1831.0,39249,39006,1043556.6,42585,749,5197.0,19015,2591.0,16,1.0,11722.0,0.042991312514674807,0.017586287861000235,0.9215543554825076,0.9158487907959615,24.505262416343783,0.273310544307126,0.1362608466999737,0.27522892697816387,VA
51595,Virginia,Emporia city,Emporia city,5766,0.0,5766,5766,87606.0,5766,89,736.0,2325,270.0,2,0.0,0.0,0.0,0.015435310440513354,1.0,1.0,15.193548387096774,0.31655913978494626,0.11612903225806452,0.0,VA
51600,Virginia,Fairfax city,Fairfax city,24146,0.0,0,24146,218695.7,24146,0,286.0,8800,544.0,5,0.0,0.0,0.0,0.0,0.0,1.0,9.05722272840222,0.0325,0.06181818181818182,0.0,VA
51610,Virginia,Falls Church city,Falls Church city,14658,0.0,0,14658,58920.4,14658,0,97.0,5811,390.0,3,0.0,0.0,0.0,0.0,0.0,1.0,4.0196752626552055,0.0166924797797281,0.06711409395973154,0.0,VA
51620,Virginia,Franklin city,Franklin city,8180,4695.0,8180,8180,148581.5,8180,964,983.0,3407,314.0,2,1.0,4695.0,0.573960880195599,0.1178484107579462,1.0,1.0,18.163997555012227,0.288523627825066,0.09216319342530085,0.573960880195599,VA
51630,Virginia,Fredericksburg city,Fredericksburg city,27982,0.0,14210,27982,350324.9,27982,0,1249.0,11275,1130.0,7,0.0,9161.0,0.0,0.0,0.5078264598670574,1.0,12.519651919090846,0.11077605321507761,0.10022172949002217,0.3273890358087342,VA
51640,Virginia,Galax city,Galax city,6720,0.0,6720,6720,208444.59999999998,6720,840,610.0,2830,233.0,2,0.0,6720.0,0.0,0.125,1.0,1.0,31.018541666666664,0.21554770318021202,0.08233215547703181,1.0,VA
51650,Virginia,Hampton city,Hampton city,137148,0.0,84506,137148,1764682.2,137148,3143,9340.0,57612,4413.0,36,0.0,14911.0,0.0,0.02291684895149765,0.6161664770904425,1.0,12.866991862805145,0.16211900298548915,0.07659862528639867,0.10872196459299444,VA
51660,Virginia,Harrisonburg city,Harrisonburg city,51814,0.0,48412,51814,1378572.3,51814,283,1900.0,17413,1132.0,11,0.0,13708.0,0.0,0.00546184428918825,0.934342069710889,1.0,26.60617400702513,0.10911388043415839,0.0650089013955091,0.264561701470645,VA
51670,Virginia,Hopewell city,Hopewell city,23033,6155.0,23033,23033,490769.0,23033,752,2321.0,9393,1079.0,7,1.0,6155.0,0.2672252854599922,0.03264880823166761,1.0,1.0,21.307211392350105,0.24709890343873098,0.11487277760034068,0.2672252854599922,VA
51678,Virginia,Lexington city,Lexington city,7320,0.0,2710,7320,134103.0,7320,742,388.0,2239,276.0,2,0.0,2710.0,0.0,0.10136612021857923,0.3702185792349727,1.0,18.320081967213113,0.17329164805716837,0.12326931665922286,0.3702185792349727,VA
51680,Virginia,Lynchburg city,Lynchburg city,79009,0.0,67912,79009,1475736.3,79009,3175,4361.0,30269,3322.0,23,0.0,42770.0,0.0,0.04018529534609981,0.8595476464706553,1.0,18.67807844675923,0.1440747959959034,0.1097492484059599,0.5413307344732878,VA
51683,Virginia,Manassas city,Manassas city,42772,0.0,23214,42772,333832.5,42772,1660,899.0,13983,623.0,7,0.0,0.0,0.0,0.03881043673431216,0.5427382399700739,1.0,7.804930795847751,0.06429235500250303,0.04455410140885361,0.0,VA
51685,Virginia,Manassas Park city,Manassas Park city,17219,0.0,10009,17219,88202.2,17219,0,525.0,5381,274.0,3,0.0,0.0,0.0,0.0,0.5812764968929671,1.0,5.122376444625123,0.09756550826983831,0.05091990336368705,0.0,VA
51690,Virginia,Martinsville city,Martinsville city,13485,0.0,10422,13485,320819.8,13485,1669,1379.0,5909,556.0,5,0.0,5933.0,0.0,0.12376714868372266,0.7728587319243604,1.0,23.79086392287727,0.23337282112032492,0.0940937552885429,0.4399703374119392,VA
51700,Virginia,Newport News city,Newport News city,186247,5160.0,117946,186247,2632648.3,186247,17482,11796.0,75630,7439.0,47,1.0,23922.0,0.02770514424393413,0.09386459916132878,0.6332773145339253,1.0,14.135252111443405,0.1559698532328441,0.09836043897924104,0.1284423373262388,VA
51710,Virginia,Norfolk city,Norfolk city,238005,14006.0,135822,238005,3867308.3,237998,4738,16170.0,93447,10943.0,80,1.0,22121.0,0.05884750320371421,0.019907144807882186,0.5706686834310204,1.0,16.249331086815854,0.17303926289768531,0.1171038128564855,0.0929434255582866,VA
51720,Virginia,Norton city,Norton city,3687,0.0,3687,3687,96968.1,3687,6,477.0,1678,171.0,1,0.0,3687.0,0.0,0.0016273393002441008,1.0,1.0,26.3,0.28426698450536353,0.10190703218116806,1.0,VA
51730,Virginia,Petersburg city,Petersburg city,33458,0.0,33458,30184,756158.1,33458,515,3428.0,15382,2247.0,11,0.0,9196.0,0.0,0.015392432303186085,1.0,0.9021459740570267,22.60021818399187,0.2228578858405929,0.1460798335717072,0.27485205332058105,VA
51735,Virginia,Poquoson city,Poquoson city,12460,0.0,0,12460,53976.5,12460,7263,91.0,4647,46.0,3,0.0,0.0,0.0,0.5829052969502407,0.0,1.0,4.331982343499197,0.01958252636109318,0.009898859479233914,0.0,VA
51740,Virginia,Portsmouth city,Portsmouth city,97915,6719.0,76770,97915,1668622.9,97291,8173,8008.0,39547,4840.0,31,1.0,17223.0,0.06862074248072307,0.08347035694224582,0.7840473880406476,1.0,17.150845401938515,0.20249323589652818,0.12238602169570384,0.17589746208446103,VA
51750,Virginia,Radford city,Radford city,16070,0.0,12042,16070,447537.0,16070,440,730.0,5789,126.0,4,0.0,5376.0,0.0,0.027380211574362167,0.74934660858743,1.0,27.849222153080273,0.12610122646398342,0.02176541717049577,0.33453640323584316,VA
51760,Virginia,Richmond city,Richmond city,226610,0.0,135822,226610,4347747.9,226610,4480,15789.0,102359,13529.0,75,0.0,18970.0,0.0,0.019769648294426546,0.5993645470191077,1.0,19.18603724460527,0.15425121386492638,0.132172061079143,0.08371210449671242,VA
51770,Virginia,Roanoke city,Roanoke city,100011,0.0,74962,100011,1804966.3,100011,270,7359.0,44411,4789.0,25,0.0,5098.0,0.0,0.002699703032666407,0.7495375508694043,1.0,18.0476777554469,0.16570219089865124,0.10783364481772534,0.05097439281679015,VA
51775,Virginia,Salem city,Salem city,25346,0.0,10306,25346,255310.59999999998,25346,1347,795.0,10242,658.0,5,0.0,10306.0,0.0,0.05314448039138325,0.40661248323206817,1.0,10.073013493253372,0.0776215582893966,0.06424526459675844,0.40661248323206817,VA
51790,Virginia,Staunton city,Staunton city,25750,3642.0,16026,25750,311463.6,25750,1450,1467.0,11374,911.0,7,1.0,16026.0,0.1414368932038835,0.05631067961165048,0.6223689320388349,1.0,12.095673786407765,0.1289783717249868,0.08009495340249692,0.6223689320388349,VA
51800,Virginia,Suffolk city,Suffolk city,94324,3128.0,30653,63113,874923.6,94324,8754,3807.0,35555,1911.0,36,1.0,6395.0,0.033162291675501464,0.09280776896654086,0.3249756159620033,0.6691086043848862,9.275726220262076,0.10707354802418788,0.05374771480804388,0.0677982273864552,VA
51810,Virginia,Virginia Beach city,Virginia Beach city,459470,0.0,160053,443652,3957799.6,459470,41045,11892.0,178353,8299.0,111,0.0,6052.0,0.0,0.08933118593161686,0.3483426556684876,0.9655733780225042,8.61383681197902,0.06667675901162302,0.046531317107085385,0.013171697825755762,VA
51820,Virginia,Waynesboro city,Waynesboro city,22196,5093.0,16613,22196,254126.0,22196,1189,1402.0,9557,568.0,5,1.0,15497.0,0.22945575779419716,0.05356821048837628,0.7484681924671112,1.0,11.449180032438278,0.14669875483938474,0.05943287642565659,0.6981888628581726,VA
51830,Virginia,Williamsburg city,Williamsburg city,15425,0.0,10306,15425,298049.5,15425,280,397.0,5143,327.0,3,0.0,0.0,0.0,0.01815235008103728,0.6681361426256078,1.0,19.322495948136144,0.07719230021388294,0.06358156717868949,0.0,VA
51840,Virginia,Winchester city,Winchester city,28120,0.0,22133,28120,596774.6,28120,42,1340.0,11404,1078.0,6,0.0,6114.0,0.0,0.0014935988620199147,0.7870910384068279,1.0,21.2224253200569,0.11750263065591021,0.09452823570676955,0.217425320056899,VA
53001,Washington,Adams County,Adams County,20613,0.0,20613,8805,398793.2,20613,834,1188.0,6228,402.0,7,0.0,10329.0,0.0,0.04045990394411294,1.0,0.42715761897831467,19.346684131373404,0.1907514450867052,0.06454720616570328,0.5010915441711541,WA
53003,Washington,Asotin County,Asotin County,22285,4392.0,17504,17893,312847.2,22285,2762,1767.0,9349,300.0,6,1.0,10414.0,0.197083239847431,0.12393986986762397,0.7854610724702715,0.802916760152569,14.038465335427418,0.18900417156915178,0.03208899347523799,0.46730984967466904,WA
53005,Washington,Benton County,Benton County,206873,10946.0,99887,155770,2289864.6,206852,9963,11533.0,76369,4575.0,45,2.0,22908.0,0.0529116897806867,0.048159982211308384,0.4828421301958206,0.752974046879003,11.070062653491386,0.1510167738218387,0.05990650656680067,0.11073460528923543,WA
53007,Washington,Chelan County,Chelan County,79074,1811.0,41383,47023,649631.8,79074,4484,3798.0,30296,1826.0,23,1.0,14614.0,0.022902597566836127,0.05670637630573893,0.5233452209322913,0.5946708146799201,8.21549181779093,0.12536308423554265,0.06027198310007922,0.18481422465032754,WA
53009,Washington,Clallam County,Clallam County,77155,14059.0,58542,46026,821912.9,77155,13326,4564.0,34113,1948.0,24,4.0,23281.0,0.18221761389410926,0.17271725746873176,0.7587583435940639,0.5965394336076729,10.652749659775777,0.13379063700055696,0.0571043297276698,0.3017432441189813,WA
53011,Washington,Clark County,Clark County,503311,7092.0,123805,423741,4048118.1,503311,38102,23679.0,187188,9307.0,115,2.0,15312.0,0.01409069144127587,0.07570269674217332,0.24598111306925538,0.8419068925574843,8.04297561547433,0.12649849349317263,0.04972006752569609,0.030422541927357043,WA
53013,Washington,Columbia County,Columbia County,3952,0.0,0,0,36753.600000000006,3952,254,263.0,1765,117.0,1,0.0,0.0,0.0,0.06427125506072874,0.0,0.0,9.3,0.1490084985835694,0.06628895184135977,0.0,WA
53015,Washington,Cowlitz County,Cowlitz County,110730,9953.0,57842,67873,1358223.8,110730,4670,7772.0,42787,2734.0,30,2.0,17848.0,0.08988530660164364,0.04217465908064662,0.522369728167615,0.612959450916644,12.266086877991512,0.18164395727674293,0.06389791291747493,0.16118486408380747,WA
53017,Washington,Douglas County,Douglas County,42938,9747.0,24590,33848,359065.4,42938,11129,2275.0,15415,680.0,9,2.0,9747.0,0.22700172341515673,0.2591876659369323,0.5726861987051097,0.7882994084493922,8.362415575946715,0.14758352254297763,0.044112877067791115,0.22700172341515673,WA
53019,Washington,Ferry County,Ferry County,7178,0.0,7178,0,97776.5,7178,187,618.0,3140,131.0,3,0.0,1713.0,0.0,0.026051825020897187,1.0,0.0,13.621691278907774,0.19681528662420383,0.041719745222929934,0.23864586235720256,WA
53021,Washington,Franklin County,Franklin County,96749,0.0,38196,78728,1250988.0999999999,96749,6037,5631.0,28748,1242.0,22,0.0,5279.0,0.0,0.06239857776307765,0.394794778240602,0.8137345088838127,12.930243206648129,0.19587449561708642,0.04320300542646445,0.054563871461203735,WA
53023,Washington,Garfield County,Garfield County,2286,0.0,2286,0,27432.0,2286,198,140.0,964,0.0,1,0.0,0.0,0.0,0.08661417322834646,1.0,0.0,12.0,0.14522821576763487,0.0,0.0,WA
53025,Washington,Grant County,Grant County,99123,13131.0,78379,54399,1569240.4,99123,8071,5855.0,34078,1813.0,23,2.0,33829.0,0.1324717774885748,0.08142408926283506,0.790724655226335,0.548803002330438,15.831244009967413,0.17181172604026057,0.05320147896003287,0.3412830523692786,WA
53027,Washington,Grays Harbor County,Grays Harbor County,75636,10665.0,49705,47469,1124277.1,75636,9902,5577.0,29869,1658.0,20,2.0,31930.0,0.14100428367444073,0.13091649479084033,0.657160611349093,0.6275979692210059,14.864311967846,0.18671532357963105,0.05550905621212628,0.4221534718916918,WA
53029,Washington,Island County,Island County,86857,1788.0,14614,20590,676717.0,86857,5370,2771.0,35917,1351.0,23,1.0,1788.0,0.020585560173618705,0.061825759581841416,0.16825356620652338,0.23705631094787985,7.791162485464614,0.07715009605479299,0.03761450009744689,0.020585560173618705,WA
53031,Washington,Jefferson County,Jefferson County,32977,5708.0,10950,15104,372076.8,32977,7329,1327.0,15707,744.0,10,2.0,5708.0,0.17309033568851018,0.22224580768414348,0.33204961033447555,0.4580161931042848,11.282918397671104,0.08448462468962883,0.04736741580187178,0.17309033568851018,WA
53033,Washington,King County,King County,2269675,13748.0,547155,2155697,19897098.3,2269675,181575,77601.0,917764,105734.0,494,3.0,100281.0,0.0060572548933217315,0.08000044059171467,0.24107195964179895,0.949782237545023,8.766496657010364,0.08455441703967469,0.11520826704904528,0.04418297773910362,WA
53035,Washington,Kitsap County,Kitsap County,275611,10180.0,49749,222147,2235271.5,275611,70735,10833.0,105803,4696.0,59,2.0,14854.0,0.036936116483014106,0.2566479567216113,0.1805044065730323,0.8060164507222135,8.110240520153404,0.1023884010850354,0.04438437473417578,0.05389480100576537,WA
53037,Washington,Kittitas County,Kittitas County,44337,9939.0,17101,25795,650182.3,44337,4130,2459.0,18650,873.0,14,4.0,9939.0,0.22416942959604844,0.09315019058574103,0.3857049416965514,0.5817939869634843,14.664553307621174,0.13184986595174264,0.04680965147453083,0.22416942959604844,WA
53039,Washington,Klickitat County,Klickitat County,22735,0.0,12049,3402,293147.5,22735,2425,1181.0,9213,513.0,6,0.0,7640.0,0.0,0.10666373433032769,0.5299758082252034,0.14963712337805146,12.894106003958655,0.12818842939324868,0.05568218821230869,0.33604574444688806,WA
53041,Washington,Lewis County,Lewis County,82149,11843.0,43099,30173,1004089.9,82149,3150,5397.0,31693,1516.0,21,2.0,15051.0,0.14416487114876628,0.038344958550925755,0.5246442439956664,0.3672960109070104,12.222789078381965,0.17028996939387248,0.047833906540876533,0.18321586385713765,WA
53043,Washington,Lincoln County,Lincoln County,10876,5839.0,10876,0,136033.0,10876,1228,707.0,4528,181.0,4,2.0,9158.0,0.5368701728576682,0.11290915777859507,1.0,0.0,12.50763148216256,0.15613957597173145,0.03997349823321555,0.8420375137918352,WA
53045,Washington,Mason County,Mason County,65726,0.0,31799,12794,825361.8,65726,4298,3954.0,25505,1020.0,19,0.0,2302.0,0.0,0.0653926908681496,0.48381158141374797,0.19465660469220705,12.55761494690077,0.15502842579886297,0.039992158400313664,0.035024191339804646,WA
53047,Washington,Okanogan County,Okanogan County,42104,3531.0,39336,3531,862617.9,42104,1483,3380.0,16942,737.0,13,1.0,5765.0,0.0838637659129774,0.03522230666920008,0.9342580277408322,0.0838637659129774,20.487789758692763,0.1995041907685043,0.04350135757289576,0.13692285768573056,WA
53049,Washington,Pacific County,Pacific County,23365,0.0,20523,6864,243190.8,23365,2690,1662.0,10514,609.0,11,0.0,5350.0,0.0,0.11512946715172266,0.8783650759683287,0.293772736999786,10.408337256580355,0.1580749476887959,0.05792276964047936,0.2289749625508239,WA
53051,Washington,Pend Oreille County,Pend Oreille County,13401,0.0,8170,0,194171.9,13401,315,994.0,5621,224.0,5,0.0,0.0,0.0,0.02350570852921424,0.6096559958212073,0.0,14.489359003059473,0.17683686176836863,0.039850560398505604,0.0,WA
53053,Washington,Pierce County,Pierce County,921130,88189.0,414772,844715,8294728.0,921130,166183,43291.0,339840,19026.0,193,19.0,134729.0,0.09574001498159869,0.18041210252624493,0.45028606168510416,0.917042111319792,9.0049482700596,0.12738641713747645,0.055985169491525426,0.14626491374724523,WA
53055,Washington,San Juan County,San Juan County,17788,0.0,0,3418,201665.0,17788,482,512.0,8446,324.0,8,0.0,0.0,0.0,0.027096919271418933,0.0,0.19215201259275916,11.337137395997301,0.06062041202936301,0.03836135448733128,0.0,WA
53057,Washington,Skagit County,Skagit County,129523,3457.0,47191,81626,1508301.0,129523,12065,6469.0,50371,2034.0,41,1.0,19507.0,0.026690240343413912,0.0931494792430688,0.3643445565652432,0.6302046740733306,11.645043737405711,0.1284270711321991,0.0403803775982212,0.15060645599623232,WA
53059,Washington,Skamania County,Skamania County,12036,0.0,4869,0,96234.9,12036,54,615.0,4748,167.0,5,0.0,0.0,0.0,0.00448654037886341,0.40453639082751747,0.0,7.995588235294117,0.12952822240943554,0.03517270429654591,0.0,WA
53061,Washington,Snohomish County,Snohomish County,827957,22664.0,251517,707409,6643140.4,827957,91578,27910.0,306828,14791.0,173,5.0,46785.0,0.027373402241903867,0.11060719336873776,0.3037802687820744,0.8544030668259341,8.023533106187882,0.09096301510944242,0.048206161106548295,0.056506557707707045,WA
53063,Washington,Spokane County,Spokane County,539339,13216.0,239983,426594,6589290.8,539339,38596,34596.0,212470,14918.0,130,3.0,45172.0,0.02450406886948654,0.07156167086007131,0.44495762405462985,0.7909570789429283,12.217345306013472,0.1628276933214101,0.07021226526097803,0.08375437340893205,WA
53065,Washington,Stevens County,Stevens County,46445,1659.0,29293,5175,576684.0,46445,1331,2915.0,18805,790.0,15,1.0,12130.0,0.03571966842501884,0.028657551943158575,0.6307029820217461,0.11142211217569167,12.416492625686296,0.15501196490295135,0.04201010369582558,0.2611691247712348,WA
53067,Washington,Thurston County,Thurston County,294793,4134.0,47352,212627,2833525.9,294793,37593,13304.0,115397,5637.0,61,1.0,20456.0,0.014023399470136672,0.12752338081297723,0.1606279660643231,0.7212756069513184,9.611917175780972,0.11528895898506894,0.04884875690009272,0.06939106423829602,WA
53069,Washington,Wahkiakum County,Wahkiakum County,4422,0.0,4422,0,78711.6,4422,0,144.0,1884,84.0,1,0.0,0.0,0.0,0.0,1.0,0.0,17.8,0.07643312101910828,0.044585987261146494,0.0,WA
53071,Washington,Walla Walla County,Walla Walla County,62584,0.0,23339,51789,744057.7,60192,9632,3168.0,23082,1451.0,14,0.0,12073.0,0.0,0.1539051514764157,0.37292279176786397,0.8275118241083983,12.361405170122275,0.13724980504289055,0.0628628368425613,0.1929087306659849,WA
53073,Washington,Whatcom County,Whatcom County,226847,4273.0,84997,148788,3023167.3,226847,22785,11003.0,90123,5991.0,54,1.0,17924.0,0.01883648450277059,0.1004421482320683,0.37468866681066976,0.6558958240576247,13.326900069209643,0.1220887009975256,0.06647581638427483,0.0790136082910508,WA
53075,Washington,Whitman County,Whitman County,47973,7646.0,31707,34988,1309785.8,47973,7709,2044.0,18650,1372.0,12,2.0,14050.0,0.159381318658412,0.16069455735517896,0.6609342755299856,0.7293269130552602,27.30256185771163,0.10959785522788204,0.0735656836461126,0.29287307443770455,WA
53077,Washington,Yakima County,Yakima County,256728,14960.0,171129,174387,4011209.2,256728,11233,19853.0,85882,4600.0,57,3.0,34198.0,0.05827178959832975,0.04375447944906671,0.6665770776853324,0.6792675516499953,15.624354180299774,0.23116601849048696,0.05356186395286556,0.13320712972484497,WA
54001,West Virginia,Barbour County,Barbour County,15465,0.0,10563,0,311501.4,15465,0,1199.0,6168,398.0,4,0.0,0.0,0.0,0.0,0.6830261881668284,0.0,20.142347235693503,0.19439040207522698,0.064526588845655,0.0,WV
54003,West Virginia,Berkeley County,Berkeley County,122076,0.0,24051,64557,1388066.6,122076,13465,5907.0,47216,2615.0,26,0.0,9908.0,0.0,0.11030014089583538,0.19701661260198564,0.528826304924801,11.37051181231364,0.12510589630633684,0.05538376821416469,0.08116255447426193,WV
54005,West Virginia,Boone County,Boone County,21809,0.0,7088,0,350363.8,21809,0,1747.0,8878,587.0,8,0.0,0.0,0.0,0.0,0.3250034389472236,0.0,16.06510156357467,0.19677855372831718,0.0661184951565668,0.0,WV
54007,West Virginia,Braxton County,Braxton County,12447,0.0,12447,0,256593.80000000002,12447,0,1055.0,5175,514.0,3,0.0,0.0,0.0,0.0,1.0,0.0,20.614911223588013,0.2038647342995169,0.09932367149758455,0.0,WV
54009,West Virginia,Brooke County,Brooke County,22559,0.0,6575,12070,291807.3,22559,4275,1364.0,9683,736.0,8,0.0,0.0,0.0,0.1895030808103196,0.29145795469657343,0.5350414468726451,12.935294117647059,0.1408654342662398,0.07600950118764846,0.0,WV
54011,West Virginia,Cabell County,Cabell County,94350,0.0,42893,63098,1919810.0,94350,902,6575.0,39921,4104.0,34,0.0,2709.0,0.0,0.009560148383677795,0.4546157922628511,0.6687652358240593,20.347747747747746,0.1647002830590416,0.10280303599609228,0.028712241653418125,WV
54013,West Virginia,Calhoun County,Calhoun County,6229,0.0,6229,0,203720.40000000002,6229,0,643.0,2699,300.0,2,0.0,0.0,0.0,0.0,1.0,0.0,32.70515331513887,0.23823638384586884,0.11115227862171174,0.0,WV
54015,West Virginia,Clay County,Clay County,8051,0.0,8051,0,209604.40000000002,8051,0,969.0,3224,305.0,3,0.0,0.0,0.0,0.0,1.0,0.0,26.034579555334744,0.30055831265508687,0.0946029776674938,0.0,WV
54017,West Virginia,Doddridge County,Doddridge County,7808,0.0,0,0,116693.0,7808,26,264.0,2713,71.0,2,0.0,0.0,0.0,0.003329918032786885,0.0,0.0,14.9453125,0.09730925175082934,0.026170291190563952,0.0,WV
54019,West Virginia,Fayette County,Fayette County,40488,3873.0,18574,15677,773325.4,40488,2850,3120.0,16441,1292.0,13,1.0,3873.0,0.09565797273266152,0.07039122703023118,0.4587532108278996,0.3872011460185734,19.100113613910295,0.18976947874216896,0.0785840277355392,0.09565797273266152,WV
54021,West Virginia,Gilmer County,Gilmer County,7408,0.0,4092,0,112606.4,5968,0,487.0,2522,214.0,3,0.0,0.0,0.0,0.0,0.5523758099352052,0.0,18.868364611260052,0.19310071371927043,0.08485329103885805,0.0,WV
54023,West Virginia,Grant County,Grant County,10976,0.0,0,0,144845.2,10976,63,731.0,4751,389.0,3,0.0,0.0,0.0,0.005739795918367347,0.0,0.0,13.196537900874636,0.1538623447695222,0.081877499473795,0.0,WV
54025,West Virginia,Greenbrier County,Greenbrier County,32977,0.0,25010,4806,715702.3,32977,561,2697.0,14414,870.0,10,0.0,8285.0,0.0,0.017011856748642994,0.7584073748370076,0.14573793856324105,21.703074870364194,0.18710975440543914,0.06035798529207715,0.2512357097370895,WV
54027,West Virginia,Hampshire County,Hampshire County,23093,0.0,14545,0,312543.0,23093,0,1272.0,9612,571.0,9,0.0,0.0,0.0,0.0,0.6298445416359936,0.0,13.53410124280085,0.132334581772784,0.059404910528506036,0.0,WV
54029,West Virginia,Hancock County,Hancock County,29095,0.0,5910,15272,423533.5,29095,952,1941.0,12798,947.0,8,0.0,0.0,0.0,0.032720398693933665,0.20312768516927307,0.524901185770751,14.55691699604743,0.1516643225503985,0.07399593686513518,0.0,WV
54031,West Virginia,Hardy County,Hardy County,14299,0.0,6937,0,250121.3,14299,217,1144.0,5993,505.0,5,0.0,0.0,0.0,0.015175886425624169,0.4851388208965662,0.0,17.492223232393872,0.19088937093275488,0.08426497580510596,0.0,WV
54033,West Virginia,Harrison County,Harrison County,65921,0.0,16558,30742,938749.8,65921,2785,4208.0,27358,2494.0,25,0.0,0.0,0.0,0.0422475387205898,0.25117944205943477,0.46634608091503466,14.240527297826187,0.15381241318809855,0.09116163462241392,0.0,WV
54035,West Virginia,Jackson County,Jackson County,27791,0.0,12053,0,502796.2,27791,0,2207.0,11541,1294.0,7,0.0,0.0,0.0,0.0,0.43370155805836424,0.0,18.092051383541435,0.1912312624555931,0.11212199982670479,0.0,WV
54037,West Virginia,Jefferson County,Jefferson County,57701,8180.0,31596,13603,503819.8,57701,1266,2492.0,21902,1342.0,15,2.0,8180.0,0.1417653073603577,0.021940694268730177,0.5475814977210101,0.23574981369473666,8.731560978145959,0.11377956351018172,0.06127294311021825,0.1417653073603577,WV
54039,West Virginia,Kanawha County,Kanawha County,180745,10011.0,73666,99029,2872807.9,180745,6538,12081.0,79365,7245.0,57,2.0,21385.0,0.05538742427176409,0.03617250822982655,0.40756867409886854,0.5478934410357132,15.89425931561039,0.1522207522207522,0.09128709128709128,0.11831585935987164,WV
54041,West Virginia,Lewis County,Lewis County,17033,3040.0,5736,3040,279531.8,17033,633,1487.0,7112,710.0,5,1.0,3040.0,0.17847707391534082,0.03716315387776669,0.3367580578876299,0.17847707391534082,16.41119004285798,0.20908323959505062,0.09983127109111362,0.17847707391534082,WV
54043,West Virginia,Lincoln County,Lincoln County,20463,0.0,13766,0,490312.0,20463,0,1838.0,8205,787.0,6,0.0,0.0,0.0,0.0,0.6727263842056395,0.0,23.96090504813566,0.22400975015234614,0.0959171237050579,0.0,WV
54045,West Virginia,Logan County,Logan County,32567,0.0,19956,0,692155.7000000001,32567,0,3566.0,13033,1222.0,10,0.0,0.0,0.0,0.0,0.6127675254091565,0.0,21.253283999140237,0.2736131358858283,0.09376198879766746,0.0,WV
54047,West Virginia,McDowell County,McDowell County,19111,0.0,19111,0,664975.3,19111,0,2360.0,7483,691.0,8,0.0,0.0,0.0,0.0,1.0,0.0,34.79542148500864,0.315381531471335,0.0923426433248697,0.0,WV
54049,West Virginia,Marion County,Marion County,56205,0.0,12733,29004,762701.1,56205,2235,3624.0,23223,1782.0,21,0.0,0.0,0.0,0.03976514544969309,0.22654568098923583,0.5160394982652788,13.569986655991459,0.15605218963958145,0.07673427205787366,0.0,WV
54051,West Virginia,Marshall County,Marshall County,30591,0.0,10631,9854,514916.6,30591,359,2647.0,12940,989.0,10,0.0,0.0,0.0,0.01173547775489523,0.34752051256905625,0.32212088522768134,16.832290542970153,0.20455950540958268,0.07642967542503865,0.0,WV
54053,West Virginia,Mason County,Mason County,25453,0.0,14141,4375,491632.9,25453,12,1878.0,10570,621.0,7,0.0,0.0,0.0,0.0004714571956154481,0.555573016933171,0.17188543590146543,19.315322358857504,0.17767265846736047,0.05875118259224219,0.0,WV
54055,West Virginia,Mercer County,Mercer County,59664,0.0,11987,29603,977391.5,59664,3071,5242.0,25356,1574.0,16,0.0,2931.0,0.0,0.0514715741485653,0.2009084204880665,0.496161839635291,16.381595266827567,0.20673607824578008,0.06207603722984698,0.04912510056315366,WV
54057,West Virginia,Mineral County,Mineral County,26938,0.0,1907,2367,382031.3,26938,427,1886.0,11114,970.0,7,0.0,0.0,0.0,0.01585121389858193,0.07079218947212117,0.08786843863686986,14.181873190288812,0.16969587907144143,0.08727730789994602,0.0,WV
54059,West Virginia,Mingo County,Mingo County,23568,0.0,23568,0,773666.2000000001,23568,0,3397.0,9993,1197.0,7,0.0,0.0,0.0,0.0,1.0,0.0,32.82697725729803,0.33993795656959874,0.11978384869408586,0.0,WV
54061,West Virginia,Monongalia County,Monongalia County,105822,11556.0,45801,75418,2279945.9,105822,10749,4169.0,44385,3377.0,28,3.0,13777.0,0.10920224527980948,0.10157623178545104,0.4328117026705222,0.7126873428965621,21.54510309765455,0.09392812887236679,0.07608426270136308,0.13019031959327929,WV
54063,West Virginia,Monroe County,Monroe County,12376,0.0,2664,0,170084.6,12376,330,556.0,5130,292.0,3,0.0,2664.0,0.0,0.026664511958629605,0.21525533290239174,0.0,13.743099547511314,0.10838206627680312,0.05692007797270955,0.21525533290239174,WV
54065,West Virginia,Morgan County,Morgan County,17063,0.0,5459,0,193818.3,17063,0,1031.0,7142,375.0,6,0.0,0.0,0.0,0.0,0.3199320166442009,0.0,11.358981421789837,0.14435732287874545,0.05250630075609073,0.0,WV
54067,West Virginia,Nicholas County,Nicholas County,24604,0.0,4975,0,379037.8,24604,0,1829.0,10630,644.0,8,0.0,0.0,0.0,0.0,0.20220289383840026,0.0,15.40553568525443,0.17206020696142993,0.060583254938852305,0.0,WV
54069,West Virginia,Ohio County,Ohio County,42425,0.0,12573,27630,758555.0,42425,872,3393.0,18335,2198.0,18,0.0,6027.0,0.0,0.02055391868002357,0.29635827931644076,0.651266941661756,17.879905715969358,0.18505590400872649,0.11988001090809926,0.14206246317030052,WV
54071,West Virginia,Pendleton County,Pendleton County,6143,0.0,1414,0,100673.7,6143,886,315.0,2726,83.0,3,0.0,1414.0,0.0,0.14422920397200065,0.23018069347224482,0.0,16.38836073579684,0.11555392516507704,0.03044754218635363,0.23018069347224482,WV
54073,West Virginia,Pleasants County,Pleasants County,7653,0.0,0,0,88288.1,7653,0,452.0,2880,71.0,2,0.0,0.0,0.0,0.0,0.0,0.0,11.536404024565531,0.15694444444444444,0.024652777777777777,0.0,WV
54075,West Virginia,Pocahontas County,Pocahontas County,7869,0.0,4611,0,179557.9,7869,17,690.0,3460,206.0,5,0.0,0.0,0.0,0.0021603761596136737,0.5859702630575677,0.0,22.81838861354683,0.1994219653179191,0.05953757225433526,0.0,WV
54077,West Virginia,Preston County,Preston County,34216,0.0,19287,0,456924.8,34216,0,2207.0,12945,736.0,11,0.0,0.0,0.0,0.0,0.5636836567687632,0.0,13.35412672433949,0.1704905368868289,0.05685592893008884,0.0,WV
54079,West Virginia,Putnam County,Putnam County,57440,5925.0,5925,27540,604532.2000000001,57440,1588,2998.0,22936,1171.0,12,1.0,5925.0,0.10315111420612813,0.02764623955431755,0.10315111420612813,0.4794568245125348,10.524585654596102,0.1307115451691664,0.05105510987094524,0.10315111420612813,WV
54081,West Virginia,Raleigh County,Raleigh County,74591,6856.0,44635,43351,1673011.1,74591,8367,5591.0,30326,2574.0,17,2.0,17850.0,0.09191457414433377,0.11217170972369321,0.598396589400866,0.5811827164135084,22.42912817900283,0.18436325265448789,0.08487766273164941,0.23930500998780013,WV
54083,West Virginia,Randolph County,Randolph County,27932,0.0,4200,11393,454333.2,27932,3071,1773.0,10980,826.0,7,0.0,0.0,0.0,0.1099455821280252,0.15036517256193613,0.40788343119003295,16.26568809967063,0.16147540983606556,0.07522768670309654,0.0,WV
54085,West Virginia,Ritchie County,Ritchie County,8444,0.0,5051,0,182032.6,8444,22,540.0,3631,229.0,3,0.0,0.0,0.0,0.0026054002842254855,0.5981762198010422,0.0,21.557626717195642,0.1487193610575599,0.06306802533737263,0.0,WV
54087,West Virginia,Roane County,Roane County,14028,0.0,12082,0,263929.8,14028,0,1245.0,5922,598.0,5,0.0,0.0,0.0,0.0,0.8612774451097804,0.0,18.814499572284003,0.21023302938196556,0.10097939885173927,0.0,WV
54089,West Virginia,Summers County,Summers County,11959,0.0,8660,0,286440.1,11959,0,1077.0,4921,428.0,4,0.0,0.0,0.0,0.0,0.7241408144493687,0.0,23.9518437996488,0.21885795570006097,0.08697419223735013,0.0,WV
54091,West Virginia,Taylor County,Taylor County,16705,0.0,7150,0,234804.5,16705,0,1334.0,6723,592.0,4,0.0,0.0,0.0,0.0,0.4280155642023346,0.0,14.055941334929662,0.1984233229213149,0.08805592741335713,0.0,WV
54093,West Virginia,Tucker County,Tucker County,6762,0.0,0,0,103695.0,6762,0,363.0,2993,344.0,3,0.0,0.0,0.0,0.0,0.0,0.0,15.334960070984916,0.12128299365185433,0.11493484797861678,0.0,WV
54095,West Virginia,Tyler County,Tyler County,8313,0.0,3305,0,169413.3,8313,0,644.0,3513,187.0,3,0.0,0.0,0.0,0.0,0.39757007097317454,0.0,20.379321544568747,0.1833191004839169,0.05323085681753487,0.0,WV
54097,West Virginia,Upshur County,Upshur County,23816,0.0,11681,5973,465107.30000000005,23816,279,1815.0,9598,782.0,6,0.0,0.0,0.0,0.011714813570708768,0.4904685925428284,0.2507977830030232,19.529194659052738,0.18910189622838092,0.0814753073556991,0.0,WV
54099,West Virginia,Wayne County,Wayne County,38982,0.0,19464,16656,579582.7000000001,38982,4221,2879.0,16088,1425.0,11,0.0,0.0,0.0,0.10828074495921194,0.49930737263352315,0.4272741265199323,14.86795700579755,0.17895325708602686,0.08857533565390353,0.0,WV
54101,West Virginia,Webster County,Webster County,8378,0.0,6256,0,196287.6,8378,34,944.0,3598,376.0,4,0.0,0.0,0.0,0.00405824779183576,0.7467175936977799,0.0,23.428932919551205,0.2623679822123402,0.10450250138966093,0.0,WV
54103,West Virginia,Wetzel County,Wetzel County,14442,0.0,3225,3589,227224.7,14442,24,1215.0,6229,469.0,5,0.0,0.0,0.0,0.0016618196925633569,0.2233070211882011,0.248511286525412,15.733603379033376,0.19505538609728687,0.075292984427677,0.0,WV
54105,West Virginia,Wirt County,Wirt County,5194,0.0,5194,0,85266.8,5194,0,374.0,2211,161.0,2,0.0,0.0,0.0,0.0,1.0,0.0,16.416403542549094,0.1691542288557214,0.07281772953414745,0.0,WV
54107,West Virginia,Wood County,Wood County,84296,0.0,20105,51999,1241309.7,84296,2196,6317.0,36192,2624.0,28,0.0,0.0,0.0,0.026051058175951408,0.238504792635475,0.6168620100597894,14.725606197209832,0.17454133510167993,0.07250221043324491,0.0,WV
54109,West Virginia,Wyoming County,Wyoming County,21382,0.0,21382,0,479676.39999999997,21382,0,1948.0,8545,550.0,6,0.0,0.0,0.0,0.0,1.0,0.0,22.433654475727245,0.22796957284961966,0.06436512580456408,0.0,WV
55001,Wisconsin,Adams County,Adams County,20654,0.0,13651,0,292918.5,20654,0,1391.0,9049,401.0,8,0.0,0.0,0.0,0.0,0.6609373486975888,0.0,14.18216810303089,0.15371864294397172,0.04431428887169853,0.0,WI
55003,Wisconsin,Ashland County,Ashland County,16027,0.0,7732,5002,216135.7,16027,485,975.0,6805,394.0,7,0.0,2267.0,0.0,0.03026143383041118,0.4824358894365758,0.31209833406127163,13.485724090597119,0.14327700220426157,0.05789860396767083,0.14144880514132402,WI
55005,Wisconsin,Barron County,Barron County,46711,2466.0,17175,7143,512244.8,46711,908,2288.0,19630,965.0,12,1.0,2466.0,0.052792704073986854,0.019438676114833766,0.36768641219412984,0.15291901265226607,10.966256342189206,0.11655629139072848,0.04915944982170148,0.052792704073986854,WI
55007,Wisconsin,Bayfield County,Bayfield County,16220,0.0,0,0,161017.8,16220,1183,859.0,7432,309.0,6,0.0,0.0,0.0,0.07293464858199754,0.0,0.0,9.92711467324291,0.11558127018299247,0.04157696447793326,0.0,WI
55009,Wisconsin,Brown County,Brown County,268740,4601.0,60553,214379,2447525.4,267678,36986,11597.0,108156,5674.0,58,1.0,4601.0,0.01712063704695989,0.1376274466026643,0.22532187244176527,0.7977189848924611,9.143543361800372,0.10722474943599986,0.052461259661969746,0.01712063704695989,WI
55011,Wisconsin,Buffalo County,Buffalo County,13317,0.0,2979,0,112097.0,13317,174,598.0,5667,190.0,5,0.0,0.0,0.0,0.01306600585717504,0.22369903131335886,0.0,8.417586543515807,0.10552320451738133,0.033527439562378684,0.0,WI
55013,Wisconsin,Burnett County,Burnett County,16526,0.0,0,0,212426.9,16526,286,900.0,7499,318.0,6,0.0,0.0,0.0,0.017306063173181653,0.0,0.0,12.854102626164831,0.12001600213361782,0.04240565408721163,0.0,WI
55015,Wisconsin,Calumet County,Calumet County,52442,0.0,3591,22953,314081.9,52442,8278,1301.0,20553,666.0,11,0.0,0.0,0.0,0.15785057778116776,0.06847564928873803,0.4376835360970215,5.989128942450708,0.06329976159198171,0.032404028608962195,0.0,WI
55017,Wisconsin,Chippewa County,Chippewa County,66297,0.0,5131,29713,684487.0,66297,8428,3203.0,26287,1301.0,12,0.0,0.0,0.0,0.1271249076127125,0.07739415056488227,0.4481801589815527,10.324554655565109,0.12184730094723628,0.04949214440598014,0.0,WI
55019,Wisconsin,Clark County,Clark County,34659,0.0,12596,0,418150.0,34659,306,1348.0,12768,1257.0,8,0.0,0.0,0.0,0.00882887561672293,0.36342652702039874,0.0,12.064687382786579,0.1055764411027569,0.09844924812030076,0.0,WI
55021,Wisconsin,Columbia County,Columbia County,58490,5777.0,25102,16957,457368.8,58490,1697,2162.0,23879,1075.0,13,1.0,16957.0,0.09876902034535819,0.029013506582321765,0.429167379039152,0.2899128056077962,7.8196067703881,0.0905398048494493,0.04501863562125717,0.2899128056077962,WI
55023,Wisconsin,Crawford County,Crawford County,16113,0.0,8337,5468,224758.8,16113,208,728.0,6760,402.0,6,0.0,3721.0,0.0,0.01290883137839012,0.5174083038540309,0.3393533171972941,13.948910817352447,0.1076923076923077,0.059467455621301776,0.23093154595668094,WI
55025,Wisconsin,Dane County,Dane County,561504,0.0,149055,470329,6805831.3,561504,52167,20385.0,238417,20653.0,125,0.0,33264.0,0.0,0.09290583860488973,0.26545670200034194,0.8376235966262039,12.120717394711347,0.08550145333596178,0.08662553425301048,0.059240895879637545,WI
55027,Wisconsin,Dodge County,Dodge County,89396,8155.0,16289,43021,791140.2,89396,5149,3831.0,35437,1463.0,20,1.0,12853.0,0.09122332095395767,0.057597655376079464,0.18221173206854893,0.48124077139916777,8.849838918967292,0.10810734542991789,0.04128453311510568,0.14377600787507272,WI
55029,Wisconsin,Door County,Door County,30066,0.0,0,10448,231774.0,30066,2192,1168.0,13989,409.0,9,0.0,0.0,0.0,0.07290627286636067,0.0,0.3475021619104636,7.708840550788266,0.08349417399385231,0.029237257845449997,0.0,WI
55031,Wisconsin,Douglas County,Douglas County,44295,0.0,5057,27293,484798.9,44295,3632,2390.0,19219,1542.0,14,0.0,0.0,0.0,0.08199571057681454,0.11416638446777289,0.6161643526357377,10.944777062873914,0.12435610593683334,0.0802331026588272,0.0,WI
55033,Wisconsin,Dunn County,Dunn County,45440,0.0,2790,19981,533985.3,45440,5319,2212.0,17414,611.0,9,0.0,0.0,0.0,0.11705545774647887,0.061399647887323945,0.43972271126760565,11.751437059859155,0.12702423337544505,0.03508671184104743,0.0,WI
55035,Wisconsin,Eau Claire County,Eau Claire County,105710,0.0,27767,81493,1280820.0,105710,7227,4962.0,42880,2882.0,22,0.0,11519.0,0.0,0.06836628511966701,0.26267145965376976,0.7709109828776842,12.116356068489264,0.11571828358208955,0.06721082089552238,0.10896793113234321,WI
55037,Wisconsin,Florence County,Florence County,4558,0.0,2699,0,33593.4,4558,412,292.0,2152,47.0,3,0.0,0.0,0.0,0.0903905221588416,0.5921456779289161,0.0,7.370206230802984,0.13568773234200743,0.02184014869888476,0.0,WI
55039,Wisconsin,Fond du Lac County,Fond du Lac County,104154,3346.0,22461,68801,969838.6,104154,12568,4095.0,42824,2428.0,23,1.0,3346.0,0.032125506461585726,0.12066747316473683,0.21565182326170862,0.6605699253029168,9.311582848474375,0.09562394918737156,0.05669717915187745,0.032125506461585726,WI
55041,Wisconsin,Forest County,Forest County,9179,0.0,7857,0,140265.0,9179,486,599.0,4034,208.0,4,0.0,0.0,0.0,0.052946944111558994,0.8559755964702037,0.0,15.281076369974944,0.14848785324739713,0.05156172533465543,0.0,WI
55043,Wisconsin,Grant County,Grant County,51938,0.0,9526,12600,692978.1,51938,825,2122.0,19956,983.0,12,0.0,5062.0,0.0,0.015884323616619817,0.18341099002657013,0.24259694250837538,13.342410181370095,0.10633393465624373,0.04925836841050311,0.09746235896646001,WI
55045,Wisconsin,Green County,Green County,37093,0.0,15233,11464,288183.4,37093,667,1296.0,15404,676.0,8,0.0,7105.0,0.0,0.01798182945569245,0.4106704769093899,0.3090610088156795,7.769212519882458,0.08413399117112438,0.04388470527135809,0.19154557463672392,WI
55047,Wisconsin,Green Lake County,Green Lake County,19018,3175.0,6243,6227,259022.1,19018,1416,966.0,8099,645.0,6,1.0,3175.0,0.16694710274476812,0.07445577873593438,0.3282679566726259,0.3274266484383216,13.61983909980019,0.11927398444252377,0.07963946166193357,0.16694710274476812,WI
55049,Wisconsin,Iowa County,Iowa County,23709,0.0,6064,5407,180053.5,23709,411,958.0,9901,438.0,6,0.0,0.0,0.0,0.017335189168670124,0.25576785187059764,0.22805685604622716,7.5943101775696995,0.09675790324209675,0.044237955762044236,0.0,WI
55051,Wisconsin,Iron County,Iron County,6137,0.0,4785,0,64843.600000000006,6137,713,377.0,3035,130.0,3,0.0,2169.0,0.0,0.1161805442398566,0.7796969203193743,0.0,10.566009450871762,0.1242174629324547,0.042833607907743,0.35343001466514584,WI
55053,Wisconsin,Jackson County,Jackson County,21145,0.0,4293,4767,265809.4,21145,1016,1265.0,8136,479.0,5,0.0,4293.0,0.0,0.04804918420430362,0.20302672026483803,0.22544336722629463,12.570792149444314,0.1554818092428712,0.05887413962635202,0.20302672026483803,WI
55055,Wisconsin,Jefferson County,Jefferson County,84900,0.0,5944,43313,692908.9,84900,3585,3213.0,33844,1615.0,21,0.0,0.0,0.0,0.04222614840989399,0.07001177856301531,0.5101648998822144,8.161471142520613,0.09493558681006974,0.04771894575109325,0.0,WI
55057,Wisconsin,Juneau County,Juneau County,26718,0.0,7953,0,349725.80000000005,26718,264,1635.0,10741,466.0,8,0.0,2819.0,0.0,0.009880979115203234,0.2976644958454974,0.0,13.089520173665695,0.152220463643981,0.04338515966855972,0.10550939441574968,WI
55059,Wisconsin,Kenosha County,Kenosha County,169151,8846.0,46860,136345,1805886.4000000001,169151,22208,8401.0,66842,3390.0,42,2.0,8846.0,0.05229646883553748,0.13129097670129056,0.27703058214258264,0.8060549449899793,10.676179271774924,0.1256844498967715,0.05071661530175638,0.05229646883553748,WI
55061,Wisconsin,Kewaunee County,Kewaunee County,20563,0.0,0,0,156518.0,20563,0,434.0,8397,236.0,5,0.0,0.0,0.0,0.0,0.0,0.0,7.6116325438895105,0.05168512564010956,0.02810527569370013,0.0,WI
55063,Wisconsin,La Crosse County,La Crosse County,120784,0.0,34059,80886,1664803.8,120784,3832,4781.0,50088,3596.0,28,0.0,18854.0,0.0,0.03172605643131541,0.2819827129421115,0.6696747913630945,13.783314015101338,0.09545200447212905,0.07179364318798914,0.1560968340177507,WI
55065,Wisconsin,Lafayette County,Lafayette County,16611,0.0,3050,0,198329.3,16611,0,588.0,6618,336.0,5,0.0,0.0,0.0,0.0,0.18361326831617603,0.0,11.939636385527661,0.08884859474161379,0.050770625566636446,0.0,WI
55067,Wisconsin,Langlade County,Langlade County,19491,0.0,11998,8678,259745.19999999998,19491,178,1191.0,8641,551.0,7,0.0,4450.0,0.0,0.0091324200913242,0.6155661587399313,0.44523113231747985,13.326417320814734,0.1378312695289897,0.06376576785094318,0.228310502283105,WI
55069,Wisconsin,Lincoln County,Lincoln County,28415,0.0,2634,9567,297743.80000000005,28415,1479,1674.0,12473,597.0,10,0.0,0.0,0.0,0.05204997360549006,0.09269751891606545,0.3366883688192856,10.478402252331517,0.1342098933696785,0.047863384911408645,0.0,WI
55071,Wisconsin,Manitowoc County,Manitowoc County,81359,5459.0,25090,48063,777558.5,81359,5059,3617.0,34995,1860.0,19,1.0,16159.0,0.06709767819171819,0.06218119691736624,0.30838628793372586,0.590752098722944,9.55712951240797,0.1033576225175025,0.0531504500642949,0.19861355228063274,WI
55073,Wisconsin,Marathon County,Marathon County,138013,0.0,18614,71497,1199072.0,138013,11811,5745.0,56517,2781.0,32,0.0,6219.0,0.0,0.08557889474179968,0.13487135269865883,0.5180454015201467,8.68810909117257,0.10165083072349912,0.049206433462498006,0.04506097251708172,WI
55075,Wisconsin,Marinette County,Marinette County,41872,3791.0,27612,11723,410852.8,41872,1827,2313.0,18735,752.0,12,1.0,7587.0,0.09053782957585021,0.04363297669086741,0.6594382881161636,0.279972296522736,9.812113106610623,0.12345876701361089,0.04013877768881772,0.18119507069163163,WI
55077,Wisconsin,Marquette County,Marquette County,15592,0.0,11523,0,204232.3,15592,0,831.0,6769,318.0,5,0.0,0.0,0.0,0.0,0.7390328373524885,0.0,13.09853129810159,0.12276554882552815,0.046978874279804995,0.0,WI
55078,Wisconsin,Menominee County,Menominee County,4255,0.0,2693,0,90546.3,4255,0,366.0,1361,70.0,3,0.0,0.0,0.0,0.0,0.6329024676850764,0.0,21.279976498237367,0.2689199118295371,0.05143277002204261,0.0,WI
55079,Wisconsin,Milwaukee County,Milwaukee County,939489,0.0,493090,933966,16495065.6,939486,16374,80462.0,393601,49178.0,301,0.0,8973.0,0.0,0.017428623432525554,0.5248491467169919,0.99412127230867,17.557542741456498,0.2044252936349247,0.12494378825257049,0.009550936732628057,WI
55081,Wisconsin,Monroe County,Monroe County,46274,0.0,8733,15426,542858.3,46274,970,2553.0,18197,1526.0,9,0.0,8733.0,0.0,0.02096209534511821,0.18872368932878075,0.3333621472100964,11.731389116998747,0.14029785129416936,0.08385997691927241,0.18872368932878075,WI
55083,Wisconsin,Oconto County,Oconto County,38965,0.0,9308,0,323276.1,38965,0,1510.0,16454,577.0,11,0.0,0.0,0.0,0.0,0.2388810470935455,0.0,8.296576414731168,0.09177099793363316,0.035067460799805515,0.0,WI
55085,Wisconsin,Oneida County,Oneida County,37845,0.0,8820,8820,324627.1,37845,741,1383.0,17404,749.0,16,0.0,4840.0,0.0,0.019579865239793895,0.23305588585017836,0.23305588585017836,8.577806843704584,0.07946449092162722,0.043036083658928984,0.12789007794953097,WI
55087,Wisconsin,Outagamie County,Outagamie County,190705,0.0,24715,140767,1225148.3,190705,11771,6395.0,76237,3236.0,47,0.0,0.0,0.0,0.061723604520070266,0.12959807031803047,0.7381400592538213,6.424311370965627,0.08388315384918084,0.04244658105644241,0.0,WI
55089,Wisconsin,Ozaukee County,Ozaukee County,91503,0.0,0,64203,457845.4,91503,16653,1921.0,37015,1506.0,21,0.0,0.0,0.0,0.18199403298252517,0.0,0.7016491262581555,5.003610810574517,0.0518978792381467,0.04068620829393489,0.0,WI
55091,Wisconsin,Pepin County,Pepin County,7318,0.0,0,0,74456.5,7318,0,301.0,3085,109.0,2,0.0,0.0,0.0,0.0,0.0,0.0,10.174432905165347,0.09756888168557537,0.0353322528363047,0.0,WI
55093,Wisconsin,Pierce County,Pierce County,42212,0.0,8801,11671,423343.7,42212,1053,934.0,15958,428.0,8,0.0,5964.0,0.0,0.024945513124230077,0.20849521463091064,0.27648535961338006,10.028989386904199,0.05852863767389397,0.026820403559343276,0.14128683786600968,WI
55095,Wisconsin,Polk County,Polk County,44977,0.0,8176,0,368223.5,44977,204,1900.0,18959,731.0,14,0.0,0.0,0.0,0.004535651555239345,0.1817817995864553,0.0,8.186928874758209,0.10021625613165251,0.038556885911704204,0.0,WI
55097,Wisconsin,Portage County,Portage County,70377,0.0,15906,33273,744965.7,70377,2725,2387.0,29138,1161.0,15,0.0,7043.0,0.0,0.03872003637552041,0.22601133893175326,0.4727823010358498,10.585357432115606,0.08192051616445878,0.03984487610680212,0.10007530869460193,WI
55099,Wisconsin,Price County,Price County,14054,0.0,9156,0,168903.7,14054,754,861.0,6446,346.0,6,0.0,0.0,0.0,0.05365020634694749,0.651487121104312,0.0,12.018194108438879,0.13357120695004654,0.05367669872789327,0.0,WI
55101,Wisconsin,Racine County,Racine County,197727,0.0,53072,158170,2035963.1,197727,19838,9869.0,78959,4191.0,46,0.0,0.0,0.0,0.10033025332908505,0.2684104851638876,0.7999413332524137,10.296839076099875,0.12498891829937056,0.053078179814840615,0.0,WI
55103,Wisconsin,Richland County,Richland County,17304,3454.0,7501,5922,251499.8,17304,1757,1037.0,7141,488.0,5,1.0,3454.0,0.1996070272769302,0.10153721682847897,0.4334835876098012,0.3422330097087379,14.53420018492834,0.14521775661672034,0.0683377678196331,0.1996070272769302,WI
55105,Wisconsin,Rock County,Rock County,163687,0.0,55297,122120,1522131.8,163687,13297,8653.0,65937,4012.0,41,0.0,5142.0,0.0,0.08123430693946374,0.3378215741017918,0.7460580253777026,9.299039019592271,0.13123132687262085,0.06084595902149021,0.031413612565445025,WI
55107,Wisconsin,Rusk County,Rusk County,14188,0.0,14188,0,186024.40000000002,14188,589,1027.0,6224,346.0,5,0.0,4280.0,0.0,0.04151395545531435,1.0,0.0,13.111389906963632,0.1650064267352185,0.05559125964010283,0.30166337750211447,WI
55109,Wisconsin,St. Croix County,St. Croix County,93536,6382.0,17303,32537,618946.0,93536,6637,2322.0,35892,1224.0,18,1.0,6382.0,0.06823041395826206,0.0709566370167636,0.18498759835785153,0.3478553711939788,6.617195518303113,0.06469408224674023,0.034102306920762285,0.06823041395826206,WI
55111,Wisconsin,Sauk County,Sauk County,65763,3629.0,10012,26953,525971.9,65763,3386,2830.0,27094,1441.0,24,1.0,6918.0,0.05518300564147013,0.05148791873850037,0.15224366284993082,0.40985052385079757,7.997991271687727,0.10445117000073817,0.05318520705691297,0.10519593084257105,WI
55113,Wisconsin,Sawyer County,Sawyer County,18074,0.0,9913,0,283058.1,18074,291,1205.0,8030,377.0,8,0.0,0.0,0.0,0.01610047582162222,0.5484674117516876,0.0,15.661065619121388,0.15006226650062265,0.046948941469489414,0.0,WI
55115,Wisconsin,Shawano County,Shawano County,40881,5100.0,17141,9507,452187.5,40881,1297,1901.0,17139,1082.0,11,1.0,9507.0,0.12475232993322082,0.03172622978889949,0.4192901347814388,0.2325530197402216,11.061067488564369,0.11091662290682071,0.06313087111266702,0.2325530197402216,WI
55117,Wisconsin,Sheboygan County,Sheboygan County,118034,0.0,30419,69108,1011446.6,118034,5620,4354.0,48702,2584.0,28,0.0,7248.0,0.0,0.04761339952894929,0.25771387905179866,0.5854923157734212,8.569112289679245,0.0894008459611515,0.05305736930721531,0.06140603554907908,WI
55119,Wisconsin,Taylor County,Taylor County,19913,0.0,4190,2926,191018.3,19913,1323,746.0,8132,413.0,6,0.0,0.0,0.0,0.0664390096921609,0.21041530658363883,0.14693918545673681,9.59264299703711,0.09173635022134777,0.05078701426463355,0.0,WI
55121,Wisconsin,Trempealeau County,Trempealeau County,30760,0.0,0,0,305800.8,30760,0,1140.0,12219,584.0,8,0.0,0.0,0.0,0.0,0.0,0.0,9.94150845253576,0.09329732383992144,0.047794418528521156,0.0,WI
55123,Wisconsin,Vernon County,Vernon County,30714,0.0,4399,5017,404153.2,30714,808,1127.0,12082,1129.0,7,0.0,0.0,0.0,0.026307221462525232,0.1432245881357036,0.1633457055414469,13.158598684638926,0.093279258400927,0.09344479390829333,0.0,WI
55125,Wisconsin,Vilas County,Vilas County,23047,0.0,6266,0,254144.09999999998,23047,1183,1098.0,10804,427.0,8,0.0,2693.0,0.0,0.05132989109211611,0.2718792033670326,0.0,11.02720961513429,0.10162902628656054,0.039522399111440204,0.1168481798064824,WI
55127,Wisconsin,Walworth County,Walworth County,106478,4652.0,12751,55321,1076870.3,106478,13503,3316.0,42378,1686.0,29,1.0,8659.0,0.04368977629181615,0.1268149289055016,0.1197524371231616,0.5195533349612127,10.113547399462801,0.07824814762376704,0.03978479399688518,0.08132196322244971,WI
55129,Wisconsin,Washburn County,Washburn County,16623,0.0,5678,0,191310.4,16623,72,873.0,7480,323.0,6,0.0,2925.0,0.0,0.004331348132106118,0.34157492630692415,0.0,11.508776995728809,0.11671122994652407,0.04318181818181818,0.17596101786681104,WI
55131,Wisconsin,Washington County,Washington County,136761,5028.0,5028,84994,786074.5,136761,22122,2920.0,55879,2107.0,30,1.0,5028.0,0.036764867177046086,0.1617566411476956,0.036764867177046086,0.6214783454347365,5.747797252140596,0.052255766924962865,0.03770647291469067,0.036764867177046086,WI
55133,Wisconsin,Waukesha County,Waukesha County,406978,0.0,15926,305956,2139775.6,406978,74310,7378.0,164537,5872.0,98,0.0,3420.0,0.0,0.1825897222945712,0.039132336391647704,0.7517752802362782,5.257718107612697,0.04484097801710254,0.03568802153922826,0.008403402640928993,WI
55135,Wisconsin,Waupaca County,Waupaca County,51812,5028.0,12144,17428,531475.9,51812,2666,2246.0,21951,1326.0,12,1.0,5028.0,0.09704315602563113,0.051455261329421756,0.23438585655832625,0.33636995290666255,10.25777619084382,0.10231880096578744,0.06040727073937406,0.09704315602563113,WI
55137,Wisconsin,Waushara County,Waushara County,24520,0.0,5997,0,263423.2,24520,0,1310.0,10173,536.0,8,0.0,0.0,0.0,0.0,0.2445758564437194,0.0,10.743197389885808,0.12877224024378256,0.05268848913791409,0.0,WI
55139,Wisconsin,Winnebago County,Winnebago County,171730,0.0,62913,132660,2038970.7,171730,15108,6976.0,71473,3968.0,45,0.0,8265.0,0.0,0.0879753100797764,0.366348337506551,0.7724917020904909,11.873118849356548,0.09760329075315154,0.05551746813482014,0.04812787515285623,WI
55141,Wisconsin,Wood County,Wood County,74207,19950.0,22828,44502,794956.7,74207,8019,4244.0,32238,1765.0,17,4.0,19950.0,0.2688425620224507,0.10806258169714447,0.30762596520543883,0.5997008368482758,10.712691525058283,0.13164588373968608,0.05474905391153297,0.2688425620224507,WI
56001,Wyoming,Albany County,Albany County,37066,13131.0,24770,34909,859897.6,37066,10576,694.0,15993,965.0,11,3.0,14836.0,0.3542599687044731,0.28532887282145364,0.6682674148815626,0.9418065073112826,23.199093508876057,0.04339398486837991,0.06033889826799225,0.4002589974639832,WY
56003,Wyoming,Big Horn County,Big Horn County,11521,2487.0,8149,0,148225.6,11521,2572,235.0,4493,124.0,3,1.0,8149.0,0.21586667823973613,0.22324451002517143,0.7073170731707317,0.0,12.865688742296676,0.052303583351880706,0.027598486534609393,0.7073170731707317,WY
56005,Wyoming,Campbell County,Campbell County,47026,7215.0,7215,21170,452885.7,47026,9657,604.0,17822,671.0,10,2.0,7215.0,0.15342576447071832,0.2053544847531153,0.15342576447071832,0.45017649810742993,9.630538425551823,0.033890696891482434,0.037650095387723036,0.15342576447071832,WY
56007,Wyoming,Carbon County,Carbon County,14537,1405.0,7420,7827,175760.5,14537,2531,284.0,5921,372.0,5,1.0,5344.0,0.09664992777051662,0.17410744995528651,0.510421682603013,0.5384192061635826,12.090562014170736,0.04796487079885155,0.06282722513089005,0.36761367544885465,WY
56009,Wyoming,Converse County,Converse County,13751,0.0,5880,4769,148741.30000000002,13751,2451,389.0,5693,300.0,4,0.0,0.0,0.0,0.1782415824303687,0.42760526507163116,0.3468111410079267,10.816762417278744,0.06832952748989987,0.05269629369401019,0.0,WY
56011,Wyoming,Crook County,Crook County,7181,0.0,0,0,43054.5,7181,2042,18.0,2943,71.0,2,0.0,0.0,0.0,0.2843615095390614,0.0,0.0,5.995613424314162,0.0061162079510703364,0.024125042473666328,0.0,WY
56013,Wyoming,Fremont County,Fremont County,39234,3976.0,19695,17599,506435.60000000003,39234,7036,1217.0,15146,666.0,12,1.0,7505.0,0.10134067390528623,0.17933425090482744,0.5019880715705766,0.4485650201355967,12.9080797267676,0.08035124785421893,0.04397200581011488,0.19128816842534535,WY
56015,Wyoming,Goshen County,Goshen County,12498,0.0,3415,0,189177.6,12498,2759,383.0,5057,301.0,4,0.0,0.0,0.0,0.2207553208513362,0.2732437189950392,0.0,15.136629860777726,0.07573660272889064,0.059521455408344866,0.0,WY
56017,Wyoming,Hot Springs County,Hot Springs County,4621,0.0,1926,0,69001.80000000002,4621,456,168.0,2034,70.0,2,0.0,1926.0,0.0,0.09867993940705475,0.4167929019692707,0.0,14.932222462670422,0.08259587020648967,0.0344149459193707,0.4167929019692707,WY
56019,Wyoming,Johnson County,Johnson County,8447,0.0,5869,2263,75627.6,8447,2010,59.0,3718,107.0,3,0.0,2263.0,0.0,0.23795430330294778,0.6948028885995028,0.267905765360483,8.95319048182787,0.015868746637977407,0.02877891339429801,0.267905765360483,WY
56021,Wyoming,Laramie County,Laramie County,100512,0.0,17795,79373,896315.2000000001,100500,13311,2337.0,41433,2159.0,27,0.0,10977.0,0.0,0.13243194842406877,0.1770435370900987,0.7896868035657434,8.9185592039801,0.056404315400767506,0.05210822291410228,0.10921084049665712,WY
56023,Wyoming,Lincoln County,Lincoln County,19581,0.0,0,0,143050.7,19581,703,369.0,7545,292.0,5,0.0,0.0,0.0,0.03590215004340943,0.0,0.0,7.305587048669629,0.0489065606361829,0.03870112657388999,0.0,WY
56025,Wyoming,Natrona County,Natrona County,79955,0.0,22429,60203,768961.8,79955,4356,2197.0,32699,1541.0,20,0.0,1804.0,0.0,0.054480645363016694,0.28052029266462386,0.7529610405853292,9.61743230567194,0.06718859903972599,0.04712682345025842,0.02256269151397661,WY
56027,Wyoming,Niobrara County,Niobrara County,2467,0.0,0,0,29604.0,2467,912,53.0,1024,9.0,1,0.0,0.0,0.0,0.3696797730036482,0.0,0.0,12.0,0.0517578125,0.0087890625,0.0,WY
56029,Wyoming,Park County,Park County,29624,0.0,6408,22170,267786.6,29624,9773,474.0,12679,354.0,7,0.0,6408.0,0.0,0.32990143127194166,0.21631109910883067,0.7483796921415069,9.039515257899,0.037384651786418484,0.027920182979730264,0.21631109910883067,WY
56031,Wyoming,Platte County,Platte County,8605,0.0,2176,0,67643.4,8605,978,189.0,3776,72.0,3,0.0,0.0,0.0,0.11365485183033121,0.25287623474723997,0.0,7.860941313190005,0.050052966101694914,0.019067796610169493,0.0,WY
56033,Wyoming,Sheridan County,Sheridan County,30921,0.0,0,18138,315788.1,30921,6894,513.0,13349,581.0,7,0.0,0.0,0.0,0.22295527311535848,0.0,0.5865916367517221,10.21273891530028,0.03842984493220466,0.043523859465128475,0.0,WY
56035,Wyoming,Sublette County,Sublette County,8728,0.0,0,0,59438.0,8728,2236,94.0,3606,67.0,3,0.0,0.0,0.0,0.25618698441796517,0.0,0.0,6.810036663611366,0.026067665002773157,0.01858014420410427,0.0,WY
56037,Wyoming,Sweetwater County,Sweetwater County,42272,5126.0,12085,25616,551047.6,42272,9355,1289.0,16625,494.0,13,2.0,6883.0,0.12126230128690386,0.22130488266464798,0.2858866389099167,0.6059803179409539,13.035758894776684,0.07753383458646616,0.029714285714285714,0.1628264572293717,WY
56039,Wyoming,Teton County,Teton County,23331,0.0,0,5939,135485.8,23331,6905,124.0,9609,194.0,7,0.0,0.0,0.0,0.29595816724529594,0.0,0.25455402683125455,5.807114997214007,0.012904568633572693,0.020189405765428246,0.0,WY
56041,Wyoming,Uinta County,Uinta County,20450,2750.0,2750,7802,188710.69999999998,20450,1670,528.0,7733,305.0,6,1.0,2750.0,0.13447432762836187,0.08166259168704157,0.13447432762836187,0.3815158924205379,9.227907090464546,0.06827880512091039,0.039441355230828916,0.13447432762836187,WY
56043,Wyoming,Washakie County,Washakie County,7685,0.0,0,4546,68007.1,7685,1227,258.0,3271,107.0,3,0.0,0.0,0.0,0.15966167859466493,0.0,0.5915419648666232,8.849329863370203,0.07887496178538674,0.03271170895750535,0.0,WY
56045,Wyoming,Weston County,Weston County,6838,0.0,0,0,62043.2,6838,1237,77.0,2796,101.0,2,0.0,0.0,0.0,0.18090084820122843,0.0,0.0,9.073296285463586,0.02753934191702432,0.03612303290414878,0.0,WY
